employee_id,snapshot_date,department,job_family,job_level,location,employment_type,age,tenure_months,monthly_salary_annualized,overtime_hours_90d,absences_90d,performance_score,engagement_score,manager_changes_12m,months_since_promotion,commute_minutes,training_hours_12m,remote_work_ratio,salary_change_pct_12m,internal_moves_24m,attrition_within_90_days,termination_date,termination_reason,exit_interview_complete,final_pay_indicator
EMP-11458,2025-01-01,Operations,Fundraising,L3,Chicago-Downtown,Full-Time,37,18,77665.3,12.5,4,3.57,72.5,0,34,51,3.4,1.0,0.018,0,0,,,0,0
EMP-10595,2025-01-01,Research,HR,L2,Chicago-North,Full-Time,32,20,53562.26,6.7,0,3.29,68.6,1,13,23,2.4,1.0,0.041,0,0,,,0,0
EMP-10592,2025-01-01,Operations,Operations,L2,Remote-US,Full-Time,35,33,53449.86,10.7,1,3.16,71.9,0,24,31,10.8,0.8,0.061,0,0,,,0,0
EMP-11853,2025-01-01,Programs,Data,L1,Chicago-Downtown,Full-Time,31,62,44687.19,23.5,4,3.44,82.1,0,35,57,5.8,0.0,0.125,0,0,,,0,0
EMP-10112,2025-01-01,People,Operations,L2,Chicago-South,Full-Time,42,160,59209.62,9.1,1,3.99,77.3,3,45,34,11.8,0.0,0.001,1,0,,,0,0
EMP-11349,2025-01-01,Programs,Finance,L3,Remote-US,Full-Time,47,36,76846.74,8.6,2,4.12,64.2,0,32,16,17.0,0.8,0.057,0,0,,,0,0
EMP-11366,2025-01-01,Programs,Finance,L3,Chicago-North,Full-Time,29,34,83284.48,6.3,2,2.98,55.3,0,87,11,16.0,0.0,0.025,0,0,,,0,0
EMP-12422,2025-01-01,Operations,Operations,L2,Chicago-North,Full-Time,29,68,72463.51,6.3,2,3.71,74.6,1,89,23,8.2,0.6,0.111,1,0,,,0,0
EMP-11328,2025-01-01,Programs,Program Delivery,L2,Remote-US,Part-Time,27,65,62061.57,3.6,6,3.23,72.6,0,49,41,26.6,1.0,0.093,0,0,,,0,0
EMP-11375,2025-01-01,Programs,Finance,L1,Chicago-Downtown,Part-Time,47,28,32000.0,21.9,3,3.74,70.1,0,36,59,8.9,0.0,0.032,1,0,,,0,0
EMP-10569,2025-01-01,Operations,HR,L3,Chicago-Downtown,Full-Time,36,19,73994.1,10.2,3,2.94,61.3,1,23,14,22.2,1.0,0.082,0,0,,,0,0
EMP-12655,2025-01-01,Research,Operations,L4,Chicago-Downtown,Full-Time,32,33,107496.36,2.8,1,3.34,75.5,0,46,16,15.1,0.2,0.029,1,0,,,0,0
EMP-12654,2025-01-01,Finance,Fundraising,L2,Chicago-South,Full-Time,31,180,62714.86,3.7,1,3.12,86.4,0,24,34,21.4,0.8,-0.008,0,0,,,0,0
EMP-11438,2025-01-01,Research,Fundraising,L1,Chicago-Downtown,Part-Time,23,45,45761.02,22.6,3,3.19,81.9,0,30,18,15.1,0.2,0.106,0,0,,,0,0
EMP-10124,2025-01-01,Operations,Operations,L2,Chicago-Downtown,Full-Time,20,30,60467.67,6.8,3,4.4,82.9,0,29,41,17.3,1.0,0.052,1,0,,,0,0
EMP-12650,2025-01-01,Operations,Fundraising,L1,Remote-US,Full-Time,35,92,43136.89,6.9,0,2.08,54.6,1,32,23,2.0,1.0,0.044,1,0,,,0,0
EMP-11835,2025-01-01,Research,Fundraising,L1,Remote-US,Full-Time,34,33,36752.22,12.2,3,3.59,70.6,0,25,26,9.0,1.0,0.069,0,0,,,0,0
EMP-11426,2025-01-01,People,Fundraising,L4,Chicago-Downtown,Part-Time,21,55,93054.16,7.1,1,2.76,62.9,0,12,33,13.0,0.0,0.093,0,0,,,0,0
EMP-11890,2025-01-01,People,Fundraising,L1,Chicago-North,Full-Time,24,42,53262.22,23.6,2,1.53,68.8,0,34,56,3.7,0.8,0.087,0,0,,,0,0
EMP-11319,2025-01-01,Research,Finance,L2,Remote-US,Full-Time,43,41,51382.48,7.5,2,2.83,71.9,1,40,41,22.3,0.0,-0.017,1,0,,,0,0
EMP-11891,2025-01-01,People,Fundraising,L1,Chicago-Downtown,Full-Time,50,38,42371.9,8.3,1,3.33,63.6,0,52,35,34.3,1.0,-0.009,0,0,,,0,0
EMP-12018,2025-01-01,Programs,HR,L1,Chicago-South,Full-Time,22,22,65584.24,18.8,0,3.05,34.1,0,24,47,33.8,0.0,0.027,1,1,2025-03-23,Involuntary,0,1
EMP-11968,2025-01-01,Programs,Finance,L2,Chicago-Downtown,Full-Time,25,56,47474.76,6.6,2,3.03,91.3,1,15,53,11.5,0.0,0.0,1,0,,,0,0
EMP-11943,2025-01-01,Development,Operations,L2,Remote-US,Full-Time,28,108,58594.53,7.2,1,3.65,70.0,1,22,33,23.7,0.4,0.078,0,0,,,0,0
EMP-11229,2025-01-01,Programs,Fundraising,L2,Chicago-South,Full-Time,33,45,56051.49,21.8,3,3.3,100.0,0,38,0,7.7,0.0,0.025,0,0,,,0,0
EMP-11715,2025-01-01,Development,Finance,L2,Chicago-Downtown,Part-Time,35,55,57261.55,4.5,0,3.43,83.0,0,35,21,2.6,0.0,0.012,3,0,,,0,0
EMP-11920,2025-01-01,Programs,Fundraising,L1,Chicago-South,Full-Time,24,55,46312.96,0.6,2,3.22,72.7,0,22,35,7.3,0.8,-0.025,0,0,,,0,0
EMP-12722,2025-01-01,Finance,Program Delivery,L1,Remote-US,Part-Time,56,19,37278.94,8.9,0,2.98,93.0,1,63,42,33.3,0.6,-0.004,1,0,,,0,0
EMP-11250,2025-01-01,Development,HR,L2,Remote-US,Full-Time,40,38,65459.43,1.7,2,2.18,73.3,0,29,9,15.6,0.0,0.016,1,0,,,0,0
EMP-12718,2025-01-01,Research,Data,L3,Remote-US,Full-Time,39,40,77608.7,14.4,1,2.93,63.0,0,14,58,51.2,0.8,0.08,1,0,,,0,0
EMP-11901,2025-01-01,Finance,Program Delivery,L1,Chicago-North,Full-Time,22,119,44858.09,5.0,3,3.21,86.2,0,9,37,3.2,1.0,0.069,0,0,,,0,0
EMP-12398,2025-01-01,Development,Program Delivery,L2,Chicago-North,Full-Time,30,64,69909.44,14.2,4,2.2,70.1,1,31,32,16.3,0.0,-0.001,0,0,,,0,0
EMP-11261,2025-01-01,Development,Finance,L1,Chicago-South,Full-Time,44,85,46846.64,3.5,1,3.47,56.8,0,12,24,24.0,0.6,0.044,0,0,,,0,0
EMP-11270,2025-01-01,Finance,Data,L2,Chicago-South,Part-Time,43,74,84730.03,1.5,1,3.66,64.3,0,34,36,6.9,0.0,0.003,0,0,,,0,0
EMP-11277,2025-01-01,Research,Finance,L1,Chicago-Downtown,Full-Time,40,110,56968.5,10.2,1,2.38,78.4,0,57,57,7.0,0.2,0.051,0,0,,,0,0
EMP-11281,2025-01-01,Development,HR,L1,Chicago-Downtown,Full-Time,42,57,44965.03,16.7,1,1.94,50.1,0,17,29,14.4,1.0,0.033,0,0,,,0,0
EMP-12707,2025-01-01,Research,Finance,L3,Remote-US,Full-Time,26,4,86045.93,14.8,3,3.43,87.0,0,20,48,5.4,0.0,0.036,0,1,2025-02-14,Voluntary,1,1
EMP-11892,2025-01-01,Operations,Fundraising,L1,Chicago-North,Full-Time,33,47,60726.34,8.6,1,3.38,70.9,2,28,58,21.8,0.0,0.015,1,1,2025-03-05,Voluntary,1,1
EMP-12647,2025-01-01,Development,HR,L1,Chicago-Downtown,Part-Time,33,64,41174.9,17.6,3,3.18,74.0,0,10,18,6.1,1.0,0.049,0,0,,,0,0
EMP-12428,2025-01-01,Operations,Finance,L2,Remote-US,Full-Time,32,54,51951.38,40.9,2,3.76,60.3,0,22,45,19.9,1.0,-0.019,0,0,,,0,0
EMP-10556,2025-01-01,Research,Fundraising,L3,Chicago-South,Full-Time,39,40,73093.13,4.8,2,3.57,75.9,2,19,60,33.9,0.4,0.038,1,0,,,0,0
EMP-11823,2025-01-01,Programs,Operations,L4,Chicago-North,Full-Time,38,23,107336.2,5.9,1,2.83,73.3,0,70,44,5.9,1.0,0.013,0,0,,,0,0
EMP-12566,2025-01-01,People,Fundraising,L4,Chicago-Downtown,Full-Time,48,27,107194.12,5.3,3,2.31,89.2,3,44,99,8.6,0.2,0.02,0,1,2025-01-06,Voluntary,0,1
EMP-11608,2025-01-01,Programs,HR,L2,Remote-US,Full-Time,29,45,48167.63,3.6,2,3.59,93.1,0,39,51,29.4,0.4,-0.008,0,0,,,0,0
EMP-11766,2025-01-01,Research,Finance,L1,Chicago-South,Full-Time,51,30,54910.89,10.8,4,2.78,96.8,0,9,13,28.8,0.2,0.068,2,0,,,0,0
EMP-12555,2025-01-01,Operations,Program Delivery,L2,Chicago-Downtown,Full-Time,44,80,69288.02,2.7,3,2.08,87.9,0,80,15,7.2,0.0,0.054,0,0,,,0,0
EMP-12460,2025-01-01,Operations,Fundraising,L2,Chicago-North,Full-Time,46,63,87085.98,11.1,1,3.84,67.6,0,53,63,13.1,0.2,-0.007,0,1,2025-03-15,Voluntary,1,1
EMP-11626,2025-01-01,Programs,Program Delivery,L3,Remote-US,Full-Time,43,24,85384.08,14.2,2,2.95,100.0,0,31,37,6.9,0.8,0.113,1,0,,,0,0
EMP-10482,2025-01-01,Programs,Operations,L1,Chicago-Downtown,Full-Time,43,44,42930.02,15.5,2,2.72,74.8,2,12,38,6.2,0.2,0.002,0,0,,,0,0
EMP-11642,2025-01-01,Development,Fundraising,L1,Chicago-Downtown,Full-Time,40,98,45159.55,15.8,2,4.15,76.7,0,62,31,22.4,0.0,-0.018,0,0,,,0,0
EMP-11753,2025-01-01,Development,Operations,L1,Remote-US,Full-Time,21,27,39316.58,8.1,1,3.52,67.5,0,21,18,5.5,0.8,0.053,0,0,,,0,0
EMP-12528,2025-01-01,Programs,Operations,L2,Chicago-Downtown,Full-Time,35,35,69838.81,6.2,3,2.57,79.8,0,71,34,6.2,0.0,0.011,0,0,,,0,0
EMP-11747,2025-01-01,Programs,Data,L3,Chicago-South,Full-Time,38,130,74960.15,14.2,3,3.74,98.7,0,10,72,6.8,0.2,0.067,0,0,,,0,0
EMP-10448,2025-01-01,Research,Data,L4,Chicago-Downtown,Full-Time,43,46,122616.25,6.2,2,3.15,82.2,0,12,42,12.3,0.4,0.051,0,0,,,0,0
EMP-11664,2025-01-01,Programs,HR,L1,Chicago-Downtown,Full-Time,28,31,69075.14,5.5,2,3.39,66.5,0,45,73,8.8,1.0,0.049,1,0,,,0,0
EMP-11688,2025-01-01,People,Finance,L2,Chicago-South,Full-Time,41,64,56883.03,7.4,2,3.62,70.5,0,9,22,10.7,0.0,0.035,0,0,,,0,0
EMP-11703,2025-01-01,Programs,Program Delivery,L2,Chicago-Downtown,Full-Time,37,82,72454.57,3.8,3,3.12,67.8,0,51,49,12.4,0.6,0.078,0,1,2025-02-10,Voluntary,1,1
EMP-11704,2025-01-01,Operations,Data,L3,Chicago-Downtown,Full-Time,27,50,77165.08,4.9,2,3.24,78.1,2,45,38,12.5,1.0,-0.003,0,1,2025-03-12,Involuntary,1,1
EMP-12482,2025-01-01,Development,Data,L3,Chicago-North,Full-Time,52,21,89019.62,1.4,0,3.3,73.0,0,120,67,2.4,0.2,0.027,0,0,,,0,0
EMP-10504,2025-01-01,Operations,Operations,L2,Chicago-North,Part-Time,33,44,66959.74,19.1,4,3.18,85.1,0,86,35,8.5,1.0,-0.017,0,0,,,0,0
EMP-11222,2025-01-01,Research,Operations,L3,Remote-US,Full-Time,35,77,73490.69,4.7,4,3.33,95.8,0,40,9,37.0,0.4,0.038,0,0,,,0,0
EMP-11574,2025-01-01,Development,HR,L2,Chicago-South,Full-Time,35,29,57377.38,5.9,1,1.03,71.3,0,23,61,9.3,0.0,0.055,0,0,,,0,0
EMP-12595,2025-01-01,Development,Data,L1,Remote-US,Part-Time,48,47,50354.01,17.9,3,2.02,83.7,0,51,47,12.1,0.0,0.027,0,0,,,0,0
EMP-11479,2025-01-01,Operations,Fundraising,L3,Remote-US,Full-Time,45,43,79881.03,7.5,2,2.65,73.6,0,57,62,11.8,0.6,0.033,0,0,,,0,0
EMP-10134,2025-01-01,Finance,Data,L2,Chicago-Downtown,Full-Time,57,11,63631.22,14.7,0,3.81,71.5,0,19,28,1.7,0.8,0.007,0,0,,,0,0
EMP-12631,2025-01-01,Programs,Data,L2,Chicago-Downtown,Full-Time,20,63,68239.1,5.7,1,3.48,69.1,0,20,63,12.8,0.0,0.054,0,0,,,0,0
EMP-10547,2025-01-01,Research,Program Delivery,L2,Chicago-North,Full-Time,46,50,49696.41,5.8,1,3.91,64.6,0,47,27,7.3,0.0,0.037,0,0,,,0,0
EMP-11497,2025-01-01,Research,Data,L1,Chicago-Downtown,Full-Time,32,43,34076.28,14.2,4,2.86,62.7,1,36,30,22.2,0.0,0.056,2,0,,,0,0
EMP-10138,2025-01-01,People,Data,L1,Chicago-Downtown,Full-Time,34,33,54013.78,7.4,1,3.8,78.2,0,41,51,22.3,0.0,0.09,0,0,,,0,0
EMP-11499,2025-01-01,Programs,Finance,L4,Chicago-Downtown,Part-Time,36,84,117061.52,15.8,0,2.73,49.8,0,27,62,12.5,1.0,0.003,1,0,,,0,0
EMP-11502,2025-01-01,Finance,Program Delivery,L1,Chicago-South,Full-Time,29,23,47071.93,11.8,1,2.2,75.2,1,38,46,14.2,1.0,0.048,0,0,,,0,0
EMP-10141,2025-01-01,Development,Data,L2,Chicago-North,Full-Time,48,31,79031.04,5.5,5,2.22,57.2,1,27,33,14.6,0.8,0.002,0,1,2025-02-21,Voluntary,1,1
EMP-12622,2025-01-01,Operations,Fundraising,L3,Remote-US,Full-Time,28,50,75679.16,2.1,3,3.22,67.1,0,80,34,9.5,0.8,0.02,0,0,,,0,0
EMP-11813,2025-01-01,Programs,HR,L4,Chicago-North,Full-Time,34,77,105665.93,5.0,3,3.38,64.5,0,12,46,12.9,0.4,0.068,0,0,,,0,0
EMP-11525,2025-01-01,Programs,Fundraising,L3,Chicago-South,Full-Time,32,54,93183.62,15.5,3,2.06,22.8,2,78,30,20.4,0.2,0.045,1,0,,,0,0
EMP-11789,2025-01-01,Finance,HR,L2,Chicago-South,Full-Time,36,44,69302.3,13.9,0,3.6,76.4,0,15,50,5.8,0.0,0.047,1,0,,,0,0
EMP-12445,2025-01-01,People,Operations,L2,Chicago-Downtown,Full-Time,22,108,66584.68,5.2,2,3.37,81.7,1,48,52,7.6,0.8,0.027,1,1,2025-03-03,Voluntary,1,1
EMP-11545,2025-01-01,Development,Fundraising,L1,Chicago-Downtown,Full-Time,22,38,36506.49,3.3,4,2.94,69.9,1,63,54,27.3,1.0,0.033,0,0,,,0,0
EMP-11788,2025-01-01,Programs,Fundraising,L3,Chicago-North,Part-Time,37,44,86857.01,9.7,5,2.72,63.7,2,20,52,26.3,0.4,0.005,0,0,,,0,0
EMP-12602,2025-01-01,Programs,Operations,L1,Chicago-Downtown,Part-Time,34,20,55465.68,15.3,0,3.71,87.0,2,38,68,7.1,0.0,-0.025,0,0,,,0,0
EMP-11564,2025-01-01,People,Program Delivery,L3,Chicago-North,Full-Time,40,18,78921.08,7.8,0,2.91,50.9,0,21,42,8.2,0.6,0.062,1,0,,,0,0
EMP-10639,2025-01-01,Operations,HR,L1,Chicago-South,Full-Time,47,80,60056.25,7.1,0,4.37,86.0,0,11,55,28.5,0.6,0.013,0,0,,,0,0
EMP-11925,2025-01-01,Programs,Finance,L2,Chicago-North,Full-Time,40,58,68082.16,13.6,5,3.32,63.4,0,54,68,4.3,0.0,-0.017,0,0,,,0,0
EMP-10643,2025-01-01,Research,Finance,L2,Chicago-Downtown,Full-Time,32,25,69220.52,11.2,3,3.69,62.5,0,22,39,10.5,0.6,0.092,0,0,,,0,0
EMP-12927,2025-01-01,Programs,Data,L3,Remote-US,Full-Time,20,9,79165.67,10.7,1,2.48,63.2,0,12,45,10.6,0.2,0.061,0,0,,,0,0
EMP-10744,2025-01-01,Operations,Operations,L2,Remote-US,Full-Time,37,14,64738.0,5.5,0,2.07,78.7,0,50,58,19.3,0.0,0.009,0,0,,,0,0
EMP-10743,2025-01-01,Programs,Finance,L2,Chicago-Downtown,Full-Time,43,39,62526.19,13.5,3,4.26,65.8,0,9,40,4.5,0.8,0.016,1,0,,,0,0
EMP-12171,2025-01-01,Programs,HR,L4,Chicago-Downtown,Full-Time,38,125,87709.43,5.6,3,3.3,62.1,0,78,59,10.6,0.4,0.039,0,0,,,0,0
EMP-10936,2025-01-01,Development,HR,L3,Remote-US,Full-Time,29,72,88383.33,24.1,1,3.21,59.2,0,41,28,7.8,0.0,-0.011,0,0,,,0,0
EMP-12900,2025-01-01,Operations,Program Delivery,L1,Chicago-Downtown,Full-Time,34,132,51694.75,5.7,4,3.02,80.6,0,79,64,10.4,1.0,0.005,0,0,,,0,0
EMP-10942,2025-01-01,Programs,Finance,L4,Chicago-Downtown,Full-Time,42,48,90607.31,3.4,2,4.32,63.5,1,37,25,20.5,0.0,-0.071,0,0,,,0,0
EMP-10026,2025-01-01,Programs,Data,L1,Chicago-Downtown,Part-Time,39,55,46497.65,14.8,5,3.81,93.0,1,42,57,0.9,0.0,-0.058,0,0,,,0,0
EMP-10950,2025-01-01,Programs,Fundraising,L4,Chicago-Downtown,Full-Time,22,62,104640.72,20.6,1,3.04,63.9,0,18,50,4.7,0.2,0.01,0,0,,,0,0
EMP-11220,2025-01-01,Programs,Data,L3,Chicago-North,Full-Time,35,109,84318.74,11.2,5,4.25,82.2,0,15,65,7.0,0.0,0.056,0,1,2025-01-20,Involuntary,1,1
EMP-12156,2025-01-01,Operations,Fundraising,L2,Chicago-Downtown,Full-Time,20,72,65186.28,1.5,2,1.89,65.1,2,19,74,25.8,0.8,0.082,1,0,,,0,0
EMP-10998,2025-01-01,People,Fundraising,L2,Chicago-Downtown,Full-Time,32,94,70181.81,13.9,1,2.75,42.0,1,67,32,6.5,0.2,-0.05,2,0,,,0,0
EMP-10999,2025-01-01,Research,Program Delivery,L2,Chicago-Downtown,Full-Time,42,89,59354.8,4.3,4,2.64,95.7,0,67,10,12.4,0.0,0.061,0,0,,,0,0
EMP-12315,2025-01-01,Operations,Finance,L3,Remote-US,Full-Time,30,67,72965.18,17.2,2,3.55,77.7,1,35,55,0.7,1.0,0.071,0,1,2025-03-04,Voluntary,1,1
EMP-10298,2025-01-01,Development,Operations,L1,Chicago-Downtown,Part-Time,23,49,43733.24,9.2,1,3.54,31.4,0,67,45,21.6,0.0,0.022,0,0,,,0,0
EMP-10714,2025-01-01,People,Data,L4,Chicago-South,Full-Time,34,18,113143.92,8.2,1,2.3,70.9,1,52,48,16.6,1.0,0.008,0,1,2025-01-28,Voluntary,1,1
EMP-10954,2025-01-01,Finance,Operations,L4,Remote-US,Full-Time,38,38,111283.82,14.9,4,3.72,55.5,0,68,59,3.0,0.2,0.04,0,0,,,0,0
EMP-11017,2025-01-01,Development,Fundraising,L2,Chicago-North,Full-Time,20,35,73853.73,5.4,3,4.0,55.0,0,65,14,9.9,0.6,0.04,0,1,2025-03-06,Involuntary,1,1
EMP-10916,2025-01-01,Operations,Fundraising,L1,Remote-US,Full-Time,31,57,49195.37,6.6,0,4.22,90.7,1,18,41,14.2,0.8,-0.024,2,0,,,0,0
EMP-12293,2025-01-01,Programs,Program Delivery,L3,Remote-US,Full-Time,42,36,80261.72,4.7,4,3.38,50.0,1,25,50,5.1,1.0,0.048,0,0,,,0,0
EMP-12251,2025-01-01,Development,Operations,L3,Chicago-Downtown,Full-Time,28,48,81596.65,2.3,5,4.35,66.6,0,67,50,6.2,0.8,-0.032,0,0,,,0,0
EMP-10802,2025-01-01,Programs,Fundraising,L2,Chicago-Downtown,Full-Time,40,23,57455.94,24.4,3,3.03,56.1,1,28,49,4.0,0.0,0.019,0,0,,,0,0
EMP-10787,2025-01-01,Programs,Fundraising,L3,Chicago-North,Part-Time,37,63,84200.57,2.6,1,3.45,60.1,1,49,17,6.3,0.0,0.058,0,0,,,0,0
EMP-10805,2025-01-01,Programs,Finance,L2,Chicago-Downtown,Full-Time,52,31,56832.01,8.9,4,3.45,58.1,1,9,48,39.8,1.0,0.03,1,0,,,0,0
EMP-12989,2025-01-01,Development,HR,L3,Remote-US,Full-Time,40,16,89612.45,2.7,3,2.72,84.8,1,11,0,10.6,1.0,0.011,1,0,,,0,0
EMP-12241,2025-01-01,Operations,Program Delivery,L2,Chicago-North,Full-Time,43,92,54515.0,7.6,3,3.89,70.1,0,57,42,30.2,0.0,0.066,0,0,,,0,0
EMP-12212,2025-01-01,Operations,Finance,L2,Chicago-Downtown,Full-Time,44,36,62192.64,10.5,0,3.49,99.2,0,76,1,29.7,1.0,0.07,0,0,,,0,0
EMP-12943,2025-01-01,Operations,Program Delivery,L4,Chicago-South,Full-Time,27,48,120484.96,1.4,4,1.96,65.5,0,36,5,7.7,0.2,0.079,0,0,,,0,0
EMP-10815,2025-01-01,Operations,HR,L2,Chicago-Downtown,Full-Time,20,39,67663.75,1.8,2,4.54,57.0,0,64,37,11.3,1.0,0.018,0,0,,,0,0
EMP-12281,2025-01-01,People,Fundraising,L1,Chicago-North,Full-Time,52,60,49876.26,19.2,2,3.33,58.6,1,8,21,17.6,0.8,0.053,0,0,,,0,0
EMP-10831,2025-01-01,Operations,Operations,L3,Remote-US,Part-Time,23,18,85445.95,2.4,1,3.63,80.7,0,21,25,13.2,0.0,0.018,0,0,,,0,0
EMP-12963,2025-01-01,Research,Finance,L1,Chicago-South,Full-Time,44,150,41935.29,7.4,1,3.33,90.6,1,48,22,38.1,0.0,0.064,0,0,,,0,0
EMP-10767,2025-01-01,Finance,Data,L1,Remote-US,Full-Time,36,27,46941.62,11.3,2,2.17,66.3,1,33,37,1.1,1.0,0.046,0,1,2025-02-01,Voluntary,1,1
EMP-10867,2025-01-01,Operations,Operations,L2,Remote-US,Full-Time,36,60,47982.4,3.7,4,4.03,63.0,0,78,41,27.0,0.0,0.045,1,0,,,0,0
EMP-10888,2025-01-01,Programs,Fundraising,L1,Chicago-North,Full-Time,43,53,32000.0,8.6,2,2.66,91.5,1,33,20,22.9,1.0,0.101,0,0,,,0,0
EMP-12204,2025-01-01,Operations,Data,L2,Chicago-Downtown,Full-Time,34,33,78401.58,11.3,3,2.99,83.4,0,52,32,11.1,0.0,0.021,0,0,,,0,0
EMP-10827,2025-01-01,Operations,Fundraising,L3,Chicago-South,Full-Time,32,9,87589.93,2.2,1,3.88,72.8,0,62,9,14.1,0.4,0.11,0,0,,,0,0
EMP-11021,2025-01-01,Development,Program Delivery,L1,Chicago-Downtown,Full-Time,38,81,40531.37,13.3,2,4.68,75.8,0,33,15,11.8,0.6,-0.08,0,0,,,0,0
EMP-10454,2025-01-01,Operations,Program Delivery,L1,Chicago-South,Full-Time,30,97,40296.79,6.9,3,3.73,59.8,0,43,36,7.4,0.0,0.02,0,0,,,0,0
EMP-11034,2025-01-01,Operations,Data,L2,Remote-US,Full-Time,50,27,58618.97,13.0,2,4.0,54.4,0,36,57,2.7,0.6,0.015,0,0,,,0,0
EMP-12032,2025-01-01,Finance,Program Delivery,L2,Remote-US,Full-Time,39,39,52210.54,9.8,1,3.06,46.8,1,68,46,13.7,0.2,0.081,1,0,,,0,0
EMP-11159,2025-01-01,Research,Fundraising,L1,Chicago-South,Full-Time,46,59,41847.01,14.2,2,4.0,93.0,0,41,47,48.8,0.0,0.036,0,0,,,0,0
EMP-11166,2025-01-01,Development,Fundraising,L2,Chicago-Downtown,Full-Time,51,16,51130.3,3.2,1,2.64,72.1,0,70,62,10.8,0.4,-0.041,0,0,,,0,0
EMP-12029,2025-01-01,Finance,Operations,L2,Chicago-Downtown,Full-Time,51,25,64585.94,2.2,2,2.42,81.0,0,16,52,8.9,0.0,-0.002,0,0,,,0,0
EMP-11175,2025-01-01,Programs,Operations,L2,Chicago-South,Full-Time,44,41,54724.57,4.3,2,3.09,66.0,0,9,49,9.0,0.4,0.004,0,0,,,0,0
EMP-12795,2025-01-01,Development,HR,L2,Remote-US,Full-Time,44,70,55948.18,2.2,1,2.82,71.4,1,49,61,5.0,0.0,0.02,0,0,,,0,0
EMP-12797,2025-01-01,Programs,Finance,L2,Chicago-Downtown,Full-Time,23,34,59447.33,10.6,1,2.95,79.6,0,37,32,2.0,0.2,0.127,3,0,,,0,0
EMP-10339,2025-01-01,Finance,Finance,L3,Chicago-Downtown,Full-Time,39,56,82998.94,24.6,4,4.38,78.6,0,26,56,4.5,1.0,0.015,0,1,2025-02-05,Involuntary,0,1
EMP-10329,2025-01-01,Programs,Finance,L1,Chicago-Downtown,Full-Time,52,36,63825.74,5.1,4,3.88,90.2,0,18,7,2.9,1.0,0.043,0,0,,,0,0
EMP-12083,2025-01-01,Operations,Operations,L2,Remote-US,Full-Time,35,67,39561.19,19.3,3,3.62,66.2,0,13,40,9.5,1.0,-0.033,0,0,,,0,0
EMP-12768,2025-01-01,Programs,Finance,L2,Chicago-South,Full-Time,34,27,70044.92,3.3,3,3.56,70.9,0,59,69,2.9,0.0,0.017,0,0,,,0,0
EMP-10664,2025-01-01,Operations,HR,L2,Chicago-North,Full-Time,36,54,42743.29,1.9,1,2.88,68.6,0,89,45,27.7,0.0,0.071,0,1,2025-02-03,Involuntary,1,1
EMP-12760,2025-01-01,Development,Program Delivery,L1,Remote-US,Full-Time,49,49,34225.38,12.9,1,2.91,55.0,2,39,66,27.7,1.0,0.006,0,0,,,0,0
EMP-10222,2025-01-01,Development,Finance,L4,Chicago-North,Full-Time,39,35,99794.82,14.5,4,4.54,89.1,0,32,68,16.1,0.4,0.033,1,1,2025-02-17,Voluntary,1,1
EMP-12829,2025-01-01,Research,Operations,L2,Remote-US,Full-Time,43,21,61414.8,20.9,2,4.07,51.1,0,51,67,5.4,0.6,0.055,0,0,,,0,0
EMP-12105,2025-01-01,Operations,Fundraising,L2,Chicago-Downtown,Full-Time,24,73,67088.94,5.8,4,3.7,73.0,2,46,63,5.1,0.6,0.092,0,0,,,0,0
EMP-11048,2025-01-01,Programs,Program Delivery,L3,Chicago-South,Full-Time,41,28,75754.49,4.9,1,3.07,74.4,0,19,38,24.5,0.8,0.007,0,0,,,0,0
EMP-11062,2025-01-01,Programs,Operations,L3,Chicago-North,Full-Time,49,18,88615.54,2.4,3,2.81,88.1,0,10,51,20.0,0.4,0.026,0,0,,,0,0
EMP-11194,2025-01-01,Operations,Fundraising,L1,Remote-US,Full-Time,46,29,46808.43,9.2,2,4.13,73.3,2,43,56,13.0,0.8,0.108,0,0,,,0,0
EMP-10698,2025-01-01,Programs,Data,L3,Chicago-South,Full-Time,39,45,101943.56,0.7,1,3.4,68.3,0,34,45,19.4,1.0,0.088,0,0,,,0,0
EMP-12152,2025-01-01,Development,Data,L3,Remote-US,Full-Time,37,47,88393.65,8.5,1,2.24,42.5,0,6,22,12.5,1.0,0.052,0,0,,,0,0
EMP-10682,2025-01-01,Research,Operations,L1,Chicago-Downtown,Full-Time,33,79,32000.0,3.5,3,3.86,92.8,1,29,55,16.4,0.0,-0.029,0,0,,,0,0
EMP-12751,2025-01-01,People,HR,L2,Remote-US,Full-Time,36,49,83706.2,9.2,1,4.15,64.3,1,18,44,11.2,1.0,0.034,0,0,,,0,0
EMP-12786,2025-01-01,Programs,Program Delivery,L2,Remote-US,Full-Time,31,18,49003.61,33.1,1,2.54,86.3,0,29,36,11.8,0.0,0.053,2,0,,,0,0
EMP-12361,2025-01-01,Research,Fundraising,L3,Chicago-South,Full-Time,45,81,79444.52,11.4,4,3.41,71.6,0,43,64,26.4,0.2,0.002,0,0,,,0,0
EMP-12331,2025-01-01,People,Fundraising,L2,Chicago-Downtown,Full-Time,44,64,63643.52,13.5,3,3.46,73.5,0,26,45,37.9,0.0,0.047,1,0,,,0,0
EMP-11721,2025-02-01,Research,Operations,L1,Remote-US,Full-Time,45,37,55276.56,32.9,3,2.86,68.0,0,45,0,10.2,0.8,0.092,1,1,2025-03-06,Voluntary,1,1
EMP-12206,2025-02-01,Operations,Program Delivery,L2,Chicago-Downtown,Full-Time,33,32,57232.57,4.9,2,4.02,62.6,0,81,99,21.7,1.0,0.089,0,0,,,0,0
EMP-11930,2025-02-01,Programs,Program Delivery,L1,Chicago-South,Full-Time,35,139,56436.31,4.9,1,2.81,64.0,0,44,34,3.3,0.0,0.073,0,0,,,0,0
EMP-10450,2025-02-01,Research,Fundraising,L4,Chicago-South,Part-Time,37,42,106038.82,5.8,1,2.79,73.5,1,5,40,4.8,1.0,0.077,0,0,,,0,0
EMP-10453,2025-02-01,People,HR,L1,Chicago-Downtown,Full-Time,30,17,40910.99,5.6,3,3.99,73.8,1,5,29,5.1,0.4,0.075,1,0,,,0,0
EMP-12217,2025-02-01,Research,Finance,L2,Remote-US,Part-Time,27,53,60878.07,8.6,5,3.11,68.3,1,18,32,27.1,0.6,0.06,0,1,2025-03-21,Involuntary,0,1
EMP-11755,2025-02-01,Operations,HR,L4,Remote-US,Full-Time,30,10,83267.58,15.6,2,3.97,62.2,0,31,21,4.5,0.0,0.029,1,0,,,0,0
EMP-11762,2025-02-01,Research,Finance,L1,Chicago-South,Full-Time,49,16,52686.01,2.9,3,3.85,50.4,0,51,34,17.3,0.8,-0.054,0,0,,,0,0
EMP-12203,2025-02-01,Programs,Operations,L3,Chicago-North,Full-Time,35,36,91765.04,17.0,1,3.51,82.9,1,37,89,14.8,1.0,0.08,0,0,,,0,0
EMP-11775,2025-02-01,Operations,Finance,L3,Chicago-South,Full-Time,36,171,82371.48,4.0,3,3.26,64.1,0,76,37,8.3,0.2,-0.073,0,0,,,0,0
EMP-11845,2025-02-01,People,Data,L2,Chicago-Downtown,Full-Time,23,84,62052.62,9.5,4,2.96,76.0,0,20,31,5.8,0.0,0.036,0,0,,,0,0
EMP-10410,2025-02-01,Programs,Fundraising,L3,Remote-US,Full-Time,39,30,95882.34,10.5,2,4.01,78.5,0,25,43,30.0,0.4,0.084,0,0,,,0,0
EMP-12141,2025-02-01,Programs,HR,L3,Remote-US,Full-Time,52,21,64041.41,6.0,4,4.04,71.3,1,24,53,8.4,0.4,0.057,0,0,,,0,0
EMP-10402,2025-02-01,People,HR,L2,Chicago-Downtown,Full-Time,37,63,66164.44,9.7,2,2.58,82.1,0,52,27,3.4,0.0,-0.039,2,0,,,0,0
EMP-10416,2025-02-01,Research,Operations,L1,Chicago-South,Full-Time,40,35,34372.15,4.0,3,2.94,58.1,0,38,10,12.2,0.2,0.017,1,0,,,0,0
EMP-12167,2025-02-01,Research,Data,L1,Chicago-North,Full-Time,38,36,32092.15,8.5,4,3.33,72.4,1,11,37,26.8,0.2,0.112,0,0,,,0,0
EMP-12130,2025-02-01,Operations,HR,L2,Chicago-South,Full-Time,29,11,68311.93,25.3,2,2.31,57.8,0,64,47,19.8,0.0,0.01,0,0,,,0,0
EMP-10293,2025-02-01,Research,Data,L1,Remote-US,Full-Time,31,22,53174.03,2.1,2,3.19,48.3,0,24,40,17.8,0.0,0.08,0,0,,,0,0
EMP-12044,2025-02-01,Finance,Program Delivery,L3,Chicago-South,Full-Time,32,66,93382.56,6.2,2,3.27,83.7,0,56,11,4.9,0.4,0.084,0,0,,,0,0
EMP-10796,2025-02-01,Programs,Fundraising,L4,Chicago-North,Full-Time,62,37,99095.32,0.7,0,3.87,87.1,1,94,24,4.5,0.0,0.062,0,0,,,0,0
EMP-11814,2025-02-01,Development,HR,L2,Chicago-South,Full-Time,34,44,48784.84,7.4,0,3.33,89.8,0,23,1,12.8,1.0,0.027,0,0,,,0,0
EMP-12177,2025-02-01,Research,HR,L2,Chicago-Downtown,Full-Time,52,145,65965.88,11.4,4,3.81,63.6,0,7,4,6.0,0.6,0.086,0,0,,,0,0
EMP-12046,2025-02-01,Research,Operations,L2,Chicago-Downtown,Part-Time,26,18,57400.31,9.0,1,3.02,82.9,0,58,55,15.6,0.4,0.032,0,0,,,0,0
EMP-12181,2025-02-01,Operations,HR,L3,Chicago-North,Full-Time,36,17,73802.84,10.9,2,2.11,77.9,1,58,55,3.4,1.0,-0.022,1,0,,,0,0
EMP-12196,2025-02-01,Programs,Fundraising,L2,Chicago-Downtown,Part-Time,45,44,70002.87,30.3,6,3.89,72.2,0,30,50,22.6,0.8,-0.015,0,0,,,0,0
EMP-10300,2025-02-01,People,Finance,L2,Chicago-Downtown,Full-Time,40,30,99232.42,13.6,3,3.29,96.9,1,13,37,2.0,0.8,-0.062,2,1,2025-02-20,Voluntary,1,1
EMP-11900,2025-02-01,Operations,Program Delivery,L2,Chicago-Downtown,Full-Time,46,42,59661.2,3.5,2,2.6,86.9,0,59,22,8.5,0.4,0.09,1,0,,,0,0
EMP-11787,2025-02-01,People,Program Delivery,L1,Chicago-South,Full-Time,42,29,50147.28,29.6,1,3.39,79.2,1,17,34,7.5,0.0,-0.051,1,0,,,0,0
EMP-12100,2025-02-01,Research,Finance,L3,Chicago-South,Full-Time,21,30,83545.38,3.9,0,3.29,62.9,1,120,35,1.5,0.8,0.046,0,0,,,0,0
EMP-12158,2025-02-01,Programs,Fundraising,L3,Remote-US,Full-Time,44,21,69884.76,14.1,1,2.69,82.9,0,27,68,35.7,0.4,0.104,1,0,,,0,0
EMP-10001,2025-02-01,Finance,Fundraising,L3,Chicago-South,Full-Time,24,45,81848.79,4.0,4,3.54,58.6,1,30,62,10.3,0.0,0.056,0,0,,,0,0
EMP-11706,2025-02-01,People,HR,L2,Chicago-North,Full-Time,34,24,69500.42,1.1,2,4.06,75.9,3,60,47,8.9,0.0,0.109,0,0,,,0,0
EMP-11025,2025-02-01,Operations,Data,L1,Remote-US,Part-Time,41,46,42585.67,2.8,1,3.45,72.1,0,17,31,10.9,0.0,0.012,1,0,,,0,0
EMP-11086,2025-02-01,Programs,Finance,L3,Chicago-Downtown,Full-Time,32,37,66766.75,10.7,1,2.56,86.5,2,55,37,22.6,0.6,0.122,1,0,,,0,0
EMP-11097,2025-02-01,Programs,Program Delivery,L1,Chicago-Downtown,Full-Time,41,47,47351.46,14.8,2,3.32,86.0,0,18,26,14.1,0.0,0.059,1,0,,,0,0
EMP-11099,2025-02-01,Operations,Operations,L3,Chicago-South,Part-Time,24,2,86911.32,3.7,3,2.37,79.5,0,100,29,9.2,1.0,0.058,0,0,,,0,0
EMP-11102,2025-02-01,Development,HR,L1,Chicago-Downtown,Full-Time,42,24,42978.23,3.7,4,3.82,72.2,0,57,19,14.2,1.0,0.01,0,0,,,0,0
EMP-10686,2025-02-01,Finance,Fundraising,L1,Chicago-South,Full-Time,41,22,41072.7,8.0,1,2.66,66.7,0,6,16,10.0,0.0,-0.0,0,0,,,0,0
EMP-11106,2025-02-01,Research,Operations,L2,Remote-US,Full-Time,35,82,71357.31,6.5,4,3.36,82.5,0,27,42,4.2,0.8,0.028,0,0,,,0,0
EMP-11109,2025-02-01,Programs,Data,L4,Chicago-Downtown,Part-Time,43,47,94806.06,1.4,1,3.3,69.5,1,7,21,19.7,0.4,0.041,0,0,,,0,0
EMP-11114,2025-02-01,Programs,HR,L1,Chicago-Downtown,Full-Time,51,41,49481.29,21.1,4,4.12,93.0,1,34,17,7.8,0.8,0.047,0,0,,,0,0
EMP-11144,2025-02-01,Research,Program Delivery,L2,Chicago-Downtown,Full-Time,35,60,56176.34,8.1,1,3.56,70.6,0,45,10,5.8,0.2,0.131,0,0,,,0,0
EMP-11165,2025-02-01,Operations,HR,L4,Remote-US,Part-Time,37,66,97517.53,28.4,3,2.41,81.3,0,33,62,11.7,1.0,0.043,0,0,,,0,0
EMP-10662,2025-02-01,Research,HR,L4,Chicago-Downtown,Full-Time,41,106,107738.99,4.0,3,3.12,46.5,0,48,11,19.6,0.0,-0.005,0,1,2025-02-10,Involuntary,1,1
EMP-10658,2025-02-01,Finance,Finance,L3,Remote-US,Full-Time,26,44,79080.27,5.7,1,3.94,81.1,0,48,15,4.3,0.0,0.045,0,0,,,0,0
EMP-11183,2025-02-01,Programs,Data,L2,Chicago-Downtown,Full-Time,48,25,59159.01,12.8,2,3.62,70.5,1,39,39,11.9,0.6,0.043,1,0,,,0,0
EMP-10649,2025-02-01,Research,Program Delivery,L1,Chicago-North,Full-Time,32,52,52495.68,8.0,3,3.63,45.0,3,55,61,8.5,1.0,0.105,0,0,,,0,0
EMP-11006,2025-02-01,Operations,Data,L1,Chicago-South,Full-Time,25,61,46600.52,2.2,1,1.93,72.8,1,61,38,11.8,0.4,0.08,0,0,,,0,0
EMP-11192,2025-02-01,Finance,Fundraising,L4,Chicago-Downtown,Full-Time,37,35,111683.12,8.9,2,2.82,77.1,0,7,0,6.6,0.0,0.003,0,0,,,0,0
EMP-11004,2025-02-01,Programs,Finance,L1,Remote-US,Full-Time,24,66,42650.45,3.2,2,3.56,87.1,0,28,43,2.0,0.2,0.067,2,0,,,0,0
EMP-10986,2025-02-01,Programs,Program Delivery,L1,Chicago-Downtown,Full-Time,25,32,49202.93,1.3,1,2.72,84.1,0,58,53,15.7,0.0,0.053,0,0,,,0,0
EMP-10790,2025-02-01,Programs,HR,L1,Chicago-Downtown,Full-Time,51,67,44658.72,14.5,3,4.3,100.0,2,29,38,17.0,0.0,0.024,1,0,,,0,0
EMP-10784,2025-02-01,Programs,Program Delivery,L1,Chicago-North,Full-Time,25,25,51941.65,11.3,2,3.09,83.5,0,37,55,19.3,0.0,0.1,0,0,,,0,0
EMP-10782,2025-02-01,People,Operations,L2,Remote-US,Full-Time,46,74,69439.46,12.8,1,3.08,69.5,0,41,42,9.5,1.0,0.06,0,0,,,0,0
EMP-10780,2025-02-01,Development,Operations,L2,Chicago-North,Full-Time,30,54,58145.79,8.1,1,3.51,79.2,0,58,24,2.4,0.8,0.093,0,0,,,0,0
EMP-10824,2025-02-01,People,HR,L2,Remote-US,Part-Time,46,20,78702.98,8.6,3,3.48,62.8,0,36,28,8.0,0.4,0.037,1,0,,,0,0
EMP-10773,2025-02-01,Programs,Finance,L1,Remote-US,Full-Time,27,16,53906.28,3.9,3,3.47,78.8,0,51,21,15.4,1.0,0.05,0,0,,,0,0
EMP-10757,2025-02-01,Research,Finance,L2,Chicago-South,Full-Time,46,56,65660.24,10.7,1,4.93,86.3,0,77,10,9.8,0.6,0.026,1,0,,,0,0
EMP-10889,2025-02-01,Research,Operations,L3,Chicago-North,Full-Time,37,31,90677.06,6.7,3,3.91,58.7,1,10,5,24.7,0.0,0.049,1,1,2025-04-07,Voluntary,0,1
EMP-10897,2025-02-01,Programs,Fundraising,L2,Chicago-North,Full-Time,20,16,70095.17,1.1,1,3.01,76.9,1,4,46,11.4,0.6,-0.0,1,1,2025-04-22,Voluntary,0,1
EMP-10911,2025-02-01,Operations,Finance,L3,Remote-US,Full-Time,37,31,73972.89,7.3,3,3.42,48.9,0,28,0,3.7,1.0,0.056,1,1,2025-02-13,Involuntary,1,1
EMP-10914,2025-02-01,Operations,Data,L4,Chicago-North,Full-Time,55,32,124501.41,3.5,3,2.9,55.3,1,50,33,23.1,1.0,-0.032,2,0,,,0,0
EMP-10920,2025-02-01,People,Finance,L2,Chicago-North,Full-Time,36,29,52568.75,0.9,9,3.22,79.2,0,26,66,10.9,0.0,0.03,0,0,,,0,0
EMP-10738,2025-02-01,Research,Operations,L1,Remote-US,Full-Time,39,124,46355.41,1.1,4,3.38,94.3,0,41,59,17.6,0.2,0.013,0,0,,,0,0
EMP-10940,2025-02-01,Finance,Data,L3,Remote-US,Full-Time,42,67,74579.1,4.7,3,2.54,52.5,1,37,34,12.0,0.6,-0.013,0,0,,,0,0
EMP-10967,2025-02-01,Operations,Finance,L3,Remote-US,Full-Time,32,27,69796.07,5.2,4,3.86,52.9,0,63,57,5.5,1.0,0.034,3,0,,,0,0
EMP-10991,2025-02-01,Finance,Operations,L2,Remote-US,Part-Time,43,17,73815.38,20.5,1,3.8,100.0,1,120,13,10.6,0.0,0.067,0,0,,,0,0
EMP-11225,2025-02-01,Research,Program Delivery,L2,Chicago-Downtown,Full-Time,33,20,69621.12,4.7,0,4.04,84.7,1,57,36,8.7,1.0,0.057,2,0,,,0,0
EMP-10635,2025-02-01,Research,Fundraising,L1,Chicago-Downtown,Full-Time,29,25,50224.93,7.4,2,3.77,71.1,1,39,28,11.8,0.8,0.121,0,0,,,0,0
EMP-10632,2025-02-01,Research,Program Delivery,L1,Chicago-Downtown,Part-Time,51,13,32000.0,10.4,3,3.21,99.4,1,24,37,52.1,0.8,0.002,0,0,,,0,0
EMP-11513,2025-02-01,Development,Operations,L2,Remote-US,Full-Time,34,29,80480.51,14.6,3,3.39,78.3,0,18,7,3.4,0.0,0.085,0,0,,,0,0
EMP-11527,2025-02-01,Finance,Fundraising,L2,Chicago-Downtown,Part-Time,49,41,72794.44,6.8,1,2.47,81.4,0,42,4,41.8,1.0,0.039,1,0,,,0,0
EMP-11539,2025-02-01,Finance,Program Delivery,L1,Chicago-South,Part-Time,23,21,50612.31,5.6,0,2.89,78.7,2,25,14,6.1,0.8,0.046,1,1,2025-04-07,Voluntary,0,1
EMP-11563,2025-02-01,Finance,Program Delivery,L1,Chicago-Downtown,Full-Time,45,53,56702.03,4.7,0,2.96,72.4,1,86,60,14.3,0.8,0.04,1,0,,,0,0
EMP-11576,2025-02-01,Research,Program Delivery,L1,Chicago-Downtown,Part-Time,34,34,34436.06,3.1,4,3.84,64.1,0,33,64,30.1,0.8,0.046,0,0,,,0,0
EMP-11600,2025-02-01,Programs,Data,L1,Remote-US,Full-Time,27,22,39541.68,2.4,2,2.93,58.0,0,70,18,2.9,0.4,0.016,1,0,,,0,0
EMP-11617,2025-02-01,Research,Data,L2,Chicago-North,Full-Time,57,95,77060.22,17.2,1,3.57,60.9,0,27,31,2.1,0.6,-0.017,0,0,,,0,0
EMP-10490,2025-02-01,Programs,Fundraising,L1,Remote-US,Full-Time,45,81,47122.85,6.5,2,4.15,63.2,1,12,42,15.5,1.0,0.057,0,0,,,0,0
EMP-11649,2025-02-01,Programs,Fundraising,L1,Remote-US,Full-Time,31,28,63140.89,5.6,3,3.73,70.1,0,19,37,11.0,0.6,0.08,1,0,,,0,0
EMP-11651,2025-02-01,Programs,Finance,L2,Chicago-North,Full-Time,25,20,42989.43,8.2,0,3.22,66.8,0,32,28,14.4,0.6,0.093,0,0,,,0,0
EMP-10477,2025-02-01,Programs,Finance,L1,Chicago-North,Full-Time,53,24,51628.39,8.0,2,3.48,55.9,1,74,41,9.1,0.0,0.037,0,0,,,0,0
EMP-11653,2025-02-01,Operations,Fundraising,L2,Chicago-North,Full-Time,50,8,52889.91,0.8,1,3.97,77.2,0,23,7,13.9,0.0,0.047,0,0,,,0,0
EMP-11660,2025-02-01,People,Program Delivery,L2,Remote-US,Full-Time,27,37,62062.0,14.1,4,3.3,60.0,0,44,40,24.1,0.6,-0.012,0,0,,,0,0
EMP-11677,2025-02-01,Research,Operations,L2,Remote-US,Full-Time,20,46,54268.54,9.6,3,3.46,58.6,1,40,42,15.0,1.0,0.009,0,0,,,0,0
EMP-11689,2025-02-01,Programs,HR,L2,Remote-US,Full-Time,53,18,46226.43,5.7,1,3.01,77.2,0,37,35,29.3,0.0,0.064,1,0,,,0,0
EMP-11509,2025-02-01,Operations,HR,L3,Chicago-South,Full-Time,39,36,81676.32,9.6,1,3.03,68.2,0,10,26,34.8,0.2,0.074,0,0,,,0,0
EMP-11482,2025-02-01,Research,Fundraising,L1,Chicago-North,Part-Time,43,30,56136.04,3.8,3,3.43,76.6,1,101,69,16.5,0.8,0.125,0,0,,,0,0
EMP-10555,2025-02-01,Development,Operations,L1,Remote-US,Full-Time,32,34,42366.48,12.0,1,2.79,76.8,1,44,60,8.9,1.0,0.109,0,0,,,0,0
EMP-12259,2025-02-01,Operations,Data,L2,Remote-US,Full-Time,27,38,71187.1,6.0,2,3.02,67.7,0,48,82,2.6,1.0,0.039,1,0,,,0,0
EMP-10631,2025-02-01,Finance,Operations,L1,Chicago-South,Full-Time,33,59,54968.12,13.9,2,3.29,81.7,0,79,20,6.1,0.2,0.079,0,0,,,0,0
EMP-11230,2025-02-01,Finance,Program Delivery,L1,Chicago-South,Full-Time,28,58,42028.69,20.2,3,3.91,48.4,0,32,31,1.8,0.4,0.016,0,0,,,0,0
EMP-11242,2025-02-01,Development,Operations,L3,Chicago-Downtown,Full-Time,27,60,85329.88,4.1,3,3.14,62.3,0,43,27,11.2,0.6,0.047,1,0,,,0,0
EMP-11251,2025-02-01,Programs,HR,L1,Remote-US,Full-Time,32,27,50303.18,3.5,1,3.61,63.8,0,62,35,9.7,1.0,0.023,0,0,,,0,0
EMP-11258,2025-02-01,Development,HR,L3,Remote-US,Part-Time,39,54,79335.7,2.0,5,3.81,52.2,0,45,46,11.0,0.8,0.0,0,0,,,0,0
EMP-11290,2025-02-01,Operations,Data,L1,Chicago-Downtown,Full-Time,39,8,49442.84,21.1,2,2.73,57.4,2,17,38,11.1,1.0,-0.001,1,1,2025-02-11,Involuntary,1,1
EMP-11291,2025-02-01,Research,HR,L2,Chicago-Downtown,Full-Time,21,25,50166.91,14.6,2,3.22,91.9,0,11,32,12.8,0.6,0.106,1,0,,,0,0
EMP-11707,2025-02-01,People,Operations,L2,Chicago-North,Full-Time,34,26,68765.55,1.8,1,4.21,51.7,0,22,25,30.5,0.8,0.001,0,0,,,0,0
EMP-11314,2025-02-01,Development,HR,L3,Chicago-Downtown,Part-Time,40,69,87157.95,8.7,2,3.43,69.9,0,30,58,44.2,0.2,0.045,0,0,,,0,0
EMP-11346,2025-02-01,Finance,Operations,L3,Chicago-North,Part-Time,39,23,73959.18,19.3,3,3.32,79.6,1,43,50,15.6,0.6,0.005,0,0,,,0,0
EMP-11347,2025-02-01,Programs,Fundraising,L3,Remote-US,Part-Time,20,29,84956.69,6.7,2,2.37,79.1,0,8,64,7.4,0.0,0.003,1,1,2025-03-12,Involuntary,0,1
EMP-10585,2025-02-01,Programs,Fundraising,L3,Remote-US,Part-Time,39,11,78903.88,4.3,4,4.21,79.2,0,67,46,23.2,1.0,0.056,1,1,2025-04-27,Voluntary,1,1
EMP-11373,2025-02-01,Operations,Finance,L1,Remote-US,Full-Time,20,42,34023.65,21.6,1,3.0,60.8,0,63,27,8.1,0.2,0.002,1,0,,,0,0
EMP-11407,2025-02-01,Research,Program Delivery,L3,Remote-US,Full-Time,34,53,86275.79,5.9,3,3.39,38.2,1,13,60,26.1,0.0,0.056,0,0,,,0,0
EMP-11441,2025-02-01,Programs,Operations,L4,Chicago-Downtown,Part-Time,50,19,112855.83,11.2,2,3.93,77.5,0,68,60,10.3,1.0,0.006,1,0,,,0,0
EMP-11452,2025-02-01,Programs,Finance,L1,Chicago-Downtown,Full-Time,26,46,44069.53,13.0,3,3.55,74.7,2,17,23,17.9,1.0,0.023,0,0,,,0,0
EMP-11325,2025-02-01,Research,Fundraising,L2,Chicago-North,Full-Time,50,43,64085.64,10.8,2,1.75,80.0,0,44,4,18.0,0.0,0.067,0,0,,,0,0
EMP-12263,2025-02-01,Programs,Fundraising,L1,Remote-US,Full-Time,25,106,56744.6,21.9,1,3.05,45.9,2,58,50,5.2,0.6,0.026,0,0,,,0,0
EMP-11871,2025-02-01,Operations,Program Delivery,L3,Chicago-Downtown,Full-Time,36,141,97865.24,37.5,3,2.72,57.3,0,47,16,1.3,0.6,0.055,0,1,2025-02-26,Involuntary,1,1
EMP-12419,2025-02-01,Operations,Finance,L2,Chicago-Downtown,Part-Time,33,32,63105.03,0.5,2,2.96,65.0,0,62,47,5.5,0.6,0.07,0,0,,,0,0
EMP-12304,2025-02-01,Operations,Program Delivery,L2,Chicago-North,Full-Time,41,10,52968.74,12.4,1,4.16,62.1,0,44,64,13.6,0.0,0.049,0,0,,,0,0
EMP-12355,2025-02-01,People,Operations,L2,Remote-US,Part-Time,51,62,56615.84,7.0,1,4.04,77.5,0,45,29,8.9,0.4,0.001,0,0,,,0,0
EMP-12639,2025-02-01,People,Fundraising,L2,Chicago-Downtown,Full-Time,48,21,53853.14,7.5,1,2.68,49.5,0,18,56,12.3,1.0,0.015,0,0,,,0,0
EMP-12313,2025-02-01,Programs,HR,L3,Chicago-South,Part-Time,44,35,85946.17,8.2,4,2.93,82.2,0,59,30,11.3,0.0,0.031,1,0,,,0,0
EMP-10237,2025-02-01,Research,HR,L1,Chicago-Downtown,Full-Time,31,31,38961.89,3.6,1,3.01,73.8,2,53,36,8.5,0.6,-0.012,0,0,,,0,0
EMP-12637,2025-02-01,Programs,Program Delivery,L1,Remote-US,Full-Time,25,93,45965.39,6.9,1,3.86,56.5,0,39,30,7.5,1.0,0.054,0,1,2025-02-28,Involuntary,1,1
EMP-10203,2025-02-01,Operations,Operations,L3,Remote-US,Full-Time,37,35,97819.9,3.3,2,3.71,84.6,0,31,35,4.9,0.6,0.094,0,0,,,0,0
EMP-12725,2025-02-01,Operations,Finance,L3,Chicago-Downtown,Full-Time,31,38,88097.4,9.9,1,3.04,78.9,3,44,13,28.2,0.0,-0.08,2,0,,,0,0
EMP-10191,2025-02-01,Programs,Data,L2,Chicago-South,Full-Time,31,103,75358.57,10.2,5,3.57,78.5,0,46,0,7.8,1.0,0.04,0,0,,,0,0
EMP-12330,2025-02-01,Programs,Finance,L2,Chicago-South,Full-Time,53,62,58610.52,1.5,2,2.92,79.5,1,31,80,18.7,0.4,0.062,1,0,,,0,0
EMP-12734,2025-02-01,Programs,Program Delivery,L3,Chicago-Downtown,Full-Time,33,53,71113.26,1.5,0,3.56,86.0,0,60,29,0.8,0.0,0.102,0,0,,,0,0
EMP-12332,2025-02-01,People,Data,L3,Chicago-South,Part-Time,43,25,104347.44,1.1,5,2.88,92.7,0,27,51,25.7,1.0,0.051,2,0,,,0,0
EMP-12347,2025-02-01,People,Fundraising,L2,Remote-US,Full-Time,40,53,67662.21,8.8,1,2.42,69.5,0,23,54,43.2,1.0,0.062,2,0,,,0,0
EMP-12567,2025-02-01,Finance,Fundraising,L1,Chicago-South,Full-Time,35,68,32000.0,8.1,4,3.31,72.7,0,49,34,15.6,1.0,0.032,0,0,,,0,0
EMP-10117,2025-02-01,Programs,Data,L3,Remote-US,Full-Time,38,49,85766.49,7.5,1,3.13,51.6,0,33,49,18.9,1.0,-0.0,1,0,,,0,0
EMP-12861,2025-02-01,People,Finance,L1,Chicago-South,Full-Time,32,31,46350.46,8.8,1,3.26,85.5,0,44,27,17.8,0.0,-0.015,0,0,,,0,0
EMP-12753,2025-02-01,Operations,HR,L4,Chicago-North,Full-Time,25,42,113533.43,13.6,5,3.19,68.3,1,72,70,27.2,0.8,-0.002,0,0,,,0,0
EMP-12627,2025-02-01,Research,Data,L2,Remote-US,Full-Time,48,45,61664.23,8.6,1,4.11,100.0,1,18,61,11.6,0.4,0.026,0,0,,,0,0
EMP-12352,2025-02-01,Operations,HR,L2,Chicago-South,Full-Time,20,41,62397.03,15.8,0,2.65,87.3,2,44,23,15.2,0.8,0.046,0,0,,,0,0
EMP-12587,2025-02-01,Programs,Operations,L2,Chicago-Downtown,Full-Time,35,2,80468.6,13.7,0,3.79,83.7,1,59,62,15.0,1.0,-0.056,0,0,,,0,0
EMP-12400,2025-02-01,People,HR,L2,Chicago-North,Full-Time,30,53,47044.23,11.2,6,3.83,82.7,1,9,46,9.7,0.8,0.137,2,0,,,0,0
EMP-12778,2025-02-01,Programs,HR,L2,Chicago-Downtown,Part-Time,20,82,63648.57,11.0,2,4.26,53.8,2,14,45,21.6,0.4,0.047,2,0,,,0,0
EMP-12831,2025-02-01,Programs,Data,L1,Chicago-South,Full-Time,27,18,55046.94,13.6,1,3.76,79.2,0,39,14,8.1,0.0,0.045,0,0,,,0,0
EMP-12785,2025-02-01,People,Operations,L3,Chicago-South,Full-Time,30,25,93468.41,1.9,1,3.06,45.8,0,32,31,15.4,0.2,0.012,1,0,,,0,0
EMP-12265,2025-02-01,Research,Finance,L2,Chicago-South,Full-Time,53,32,63647.27,9.9,2,2.76,48.5,0,120,28,15.1,1.0,-0.001,0,0,,,0,0
EMP-12406,2025-02-01,Research,Operations,L2,Chicago-South,Full-Time,37,54,73702.85,14.6,3,3.8,70.6,1,7,33,16.0,1.0,-0.028,1,0,,,0,0
EMP-12823,2025-02-01,Operations,Operations,L1,Chicago-Downtown,Full-Time,44,69,58108.51,5.4,5,1.84,86.2,1,27,30,30.0,1.0,0.044,0,0,,,0,0
EMP-12821,2025-02-01,Development,Finance,L2,Chicago-Downtown,Part-Time,35,44,56912.09,9.7,2,3.44,35.0,0,105,59,6.9,1.0,0.008,1,0,,,0,0
EMP-10227,2025-02-01,Finance,Program Delivery,L2,Remote-US,Full-Time,37,13,58330.39,11.7,5,2.94,96.4,2,120,23,9.4,0.0,0.007,0,0,,,0,0
EMP-12533,2025-02-01,Development,Fundraising,L1,Remote-US,Full-Time,35,87,48936.83,0.9,5,2.61,65.1,0,9,23,13.7,1.0,0.064,1,0,,,0,0
EMP-10032,2025-02-01,Operations,Fundraising,L3,Chicago-South,Full-Time,32,22,79063.64,21.4,0,4.54,72.5,2,44,55,6.4,1.0,0.015,0,0,,,0,0
EMP-10240,2025-02-01,Research,Program Delivery,L1,Chicago-Downtown,Full-Time,47,38,63494.19,23.8,2,3.51,67.5,0,34,40,14.2,0.6,0.087,0,0,,,0,0
EMP-12437,2025-02-01,Operations,Program Delivery,L2,Chicago-North,Full-Time,25,19,74943.58,12.8,4,2.67,92.9,1,58,25,8.3,0.2,0.068,0,0,,,0,0
EMP-12270,2025-02-01,Finance,Program Delivery,L1,Remote-US,Full-Time,28,42,45698.67,23.3,0,3.68,83.4,0,30,42,4.5,0.8,0.017,1,0,,,0,0
EMP-12272,2025-02-01,Development,Operations,L2,Remote-US,Full-Time,41,42,67201.85,10.9,3,2.64,56.0,0,19,32,17.1,1.0,0.041,0,0,,,0,0
EMP-12455,2025-02-01,Programs,Program Delivery,L4,Chicago-South,Full-Time,44,44,111894.15,12.9,3,2.87,73.9,0,15,21,30.0,1.0,0.022,1,0,,,0,0
EMP-12683,2025-02-01,Development,Program Delivery,L2,Remote-US,Full-Time,32,45,51958.92,13.9,2,2.75,75.8,1,20,38,2.4,0.2,0.043,0,0,,,0,0
EMP-12687,2025-02-01,Operations,Finance,L2,Chicago-North,Full-Time,33,28,47189.21,8.0,2,4.45,88.4,1,51,35,37.2,0.4,-0.022,1,0,,,0,0
EMP-10005,2025-02-01,Research,Program Delivery,L2,Chicago-Downtown,Full-Time,38,25,63649.17,5.4,3,3.42,75.1,0,58,67,3.9,1.0,0.019,0,0,,,0,0
EMP-10254,2025-02-01,Research,Data,L2,Remote-US,Full-Time,45,49,45186.73,2.2,3,3.31,76.9,0,78,73,5.9,0.4,0.022,0,0,,,0,0
EMP-12986,2025-02-01,Finance,Operations,L2,Chicago-South,Full-Time,48,51,60799.51,18.6,4,3.19,54.9,1,33,62,80.0,0.0,0.009,0,0,,,0,0
EMP-12503,2025-02-01,Programs,Program Delivery,L1,Chicago-Downtown,Full-Time,36,32,53010.11,12.5,3,2.42,94.1,2,46,42,22.4,1.0,0.049,1,0,,,0,0
EMP-12984,2025-02-01,People,Program Delivery,L1,Chicago-South,Full-Time,43,16,57514.42,3.7,1,4.21,67.0,1,22,31,3.7,0.4,0.06,0,0,,,0,0
EMP-12969,2025-02-01,Operations,Operations,L3,Remote-US,Full-Time,43,85,74486.17,13.0,1,4.54,95.2,0,5,80,32.4,0.6,-0.002,0,0,,,0,0
EMP-12274,2025-02-01,Development,HR,L1,Remote-US,Full-Time,27,63,38550.69,6.4,2,4.92,72.8,1,38,27,42.8,0.8,0.003,2,0,,,0,0
EMP-12508,2025-02-01,Research,Data,L3,Chicago-Downtown,Full-Time,44,41,77790.57,8.9,1,2.26,70.2,1,86,51,7.9,0.6,0.081,0,0,,,0,0
EMP-12909,2025-02-01,Research,Finance,L3,Chicago-South,Full-Time,32,143,89262.34,7.3,3,2.94,100.0,1,30,11,10.2,0.6,0.042,0,0,,,0,0
EMP-12277,2025-02-01,Operations,Data,L1,Chicago-Downtown,Full-Time,28,21,45246.73,21.9,0,3.96,84.3,0,63,28,3.8,0.6,0.046,0,0,,,0,0
EMP-12509,2025-02-01,Operations,Fundraising,L2,Chicago-Downtown,Full-Time,36,131,65848.74,13.6,2,4.51,53.8,1,32,45,26.1,0.4,0.012,0,0,,,0,0
EMP-12618,2025-02-01,Operations,Operations,L2,Chicago-South,Full-Time,48,17,62604.79,2.5,1,2.63,46.8,0,24,43,19.4,0.8,0.087,0,0,,,0,0
EMP-10247,2025-02-01,Development,Fundraising,L2,Chicago-South,Full-Time,31,24,59777.51,5.7,5,3.66,68.6,0,15,38,5.9,0.0,-0.031,1,0,,,0,0
EMP-12438,2025-02-01,Research,Fundraising,L1,Remote-US,Full-Time,32,40,71245.65,11.7,4,2.3,66.9,0,42,51,12.6,1.0,0.02,0,0,,,0,0
EMP-12440,2025-02-01,People,Finance,L4,Remote-US,Full-Time,46,16,98686.29,10.6,2,2.95,100.0,0,33,36,68.3,0.0,-0.055,1,0,,,0,0
EMP-12713,2025-02-01,Finance,Data,L1,Remote-US,Full-Time,40,50,46521.77,2.5,1,2.91,57.3,0,33,55,32.4,0.8,0.045,0,1,2025-05-01,Voluntary,0,1
EMP-12656,2025-02-01,Research,Data,L2,Chicago-Downtown,Full-Time,37,36,75914.39,35.0,3,2.73,67.4,1,8,3,14.8,0.8,0.04,0,0,,,0,0
EMP-12698,2025-02-01,Operations,Fundraising,L1,Chicago-South,Full-Time,43,81,34974.92,5.7,2,3.08,49.7,0,21,26,21.9,0.0,-0.028,2,0,,,0,0
EMP-12527,2025-02-01,Programs,Program Delivery,L3,Chicago-North,Part-Time,35,44,81241.15,3.1,0,4.76,76.1,0,24,29,35.3,0.0,0.024,0,0,,,0,0
EMP-12938,2025-02-01,Programs,Finance,L2,Chicago-South,Full-Time,42,15,58742.53,2.1,4,3.32,66.4,1,90,54,6.8,1.0,0.041,0,0,,,0,0
EMP-10019,2025-02-01,Operations,Program Delivery,L1,Chicago-Downtown,Full-Time,33,76,44979.53,1.0,1,2.83,51.0,0,23,46,7.3,0.8,0.023,0,1,2025-04-04,Voluntary,1,1
EMP-10562,2025-03-01,Programs,Operations,L4,Remote-US,Full-Time,38,52,98584.6,20.1,2,2.17,81.5,0,8,53,11.3,0.8,0.012,0,0,,,0,0
EMP-11526,2025-03-01,Operations,Operations,L1,Chicago-Downtown,Full-Time,22,176,37424.33,7.9,1,4.04,85.2,1,18,13,4.5,0.2,0.04,0,0,,,0,0
EMP-11469,2025-03-01,Operations,Program Delivery,L4,Chicago-Downtown,Full-Time,38,81,111868.56,7.1,4,3.45,71.3,0,53,19,7.6,0.8,0.073,0,0,,,0,0
EMP-11398,2025-03-01,Finance,Operations,L1,Chicago-North,Full-Time,47,110,64321.15,16.7,1,4.84,58.3,1,46,19,15.2,0.2,0.038,0,0,,,0,0
EMP-11472,2025-03-01,People,Program Delivery,L4,Chicago-South,Full-Time,26,61,112882.59,7.7,3,3.11,82.0,0,22,49,5.6,0.4,0.053,0,0,,,0,0
EMP-11514,2025-03-01,Research,Program Delivery,L2,Chicago-North,Full-Time,35,10,62715.99,9.1,1,3.57,97.1,0,36,33,4.6,0.4,0.008,0,1,2025-05-24,Involuntary,1,1
EMP-12623,2025-03-01,Programs,Finance,L3,Remote-US,Full-Time,47,41,84897.72,5.4,2,3.59,81.2,0,90,37,3.2,1.0,0.033,0,0,,,0,0
EMP-11428,2025-03-01,Finance,Program Delivery,L2,Chicago-Downtown,Full-Time,39,19,67282.93,12.1,3,4.34,52.1,0,9,66,22.9,0.4,0.013,0,0,,,0,0
EMP-12670,2025-03-01,Programs,Fundraising,L2,Remote-US,Full-Time,34,16,56444.54,6.6,0,3.26,73.5,1,39,67,9.4,0.8,0.012,1,0,,,0,0
EMP-11491,2025-03-01,Programs,Program Delivery,L1,Chicago-Downtown,Full-Time,42,71,56206.3,10.1,2,3.81,75.3,0,15,62,5.7,0.0,0.037,0,0,,,0,0
EMP-11477,2025-03-01,Operations,Finance,L1,Chicago-South,Full-Time,39,58,39052.59,4.5,2,3.99,66.8,0,15,32,16.2,0.0,0.014,0,0,,,0,0
EMP-12630,2025-03-01,Programs,Operations,L4,Chicago-North,Full-Time,42,40,101123.48,5.5,1,3.6,66.1,0,20,27,29.9,0.2,0.044,0,0,,,0,0
EMP-12649,2025-03-01,Development,Fundraising,L1,Chicago-South,Full-Time,40,2,61785.37,9.0,0,4.07,82.8,0,41,82,7.5,1.0,0.066,0,0,,,0,0
EMP-11397,2025-03-01,Operations,Operations,L1,Chicago-South,Full-Time,36,81,48877.59,4.6,5,4.33,66.8,2,32,18,20.0,1.0,-0.019,0,0,,,0,0
EMP-12268,2025-03-01,Operations,Finance,L1,Chicago-Downtown,Full-Time,39,47,51532.43,9.5,4,3.13,59.0,0,19,60,8.2,0.4,0.113,0,0,,,0,0
EMP-12610,2025-03-01,Programs,HR,L1,Chicago-North,Full-Time,44,47,36411.89,1.8,1,2.8,60.6,0,50,58,7.0,0.2,0.043,0,0,,,0,0
EMP-10445,2025-03-01,Operations,Program Delivery,L2,Remote-US,Full-Time,38,37,54599.2,2.2,2,3.42,61.4,0,62,60,11.9,1.0,-0.071,0,0,,,0,0
EMP-12488,2025-03-01,Finance,Fundraising,L2,Chicago-North,Full-Time,58,78,58419.3,0.8,1,3.92,100.0,0,32,26,8.5,0.4,-0.076,0,0,,,0,0
EMP-11714,2025-03-01,Programs,Data,L3,Remote-US,Full-Time,36,90,87515.28,0.8,0,3.08,74.3,0,56,21,5.2,1.0,0.074,0,0,,,0,0
EMP-11698,2025-03-01,Programs,Program Delivery,L2,Chicago-Downtown,Full-Time,53,64,52181.0,1.2,3,3.01,57.2,0,41,3,13.5,0.2,0.026,0,0,,,0,0
EMP-10466,2025-03-01,Research,Finance,L1,Chicago-South,Full-Time,39,49,45720.62,11.3,2,3.17,88.1,0,78,85,6.9,0.2,0.089,1,0,,,0,0
EMP-11682,2025-03-01,Research,Operations,L4,Chicago-South,Part-Time,21,56,120937.78,19.9,3,4.57,69.4,0,6,14,21.1,0.8,0.067,1,0,,,0,0
EMP-10470,2025-03-01,Operations,Program Delivery,L1,Chicago-Downtown,Full-Time,24,34,44629.35,11.3,1,3.78,69.2,0,18,35,4.8,0.6,0.04,0,0,,,0,0
EMP-11676,2025-03-01,Operations,Data,L2,Chicago-South,Full-Time,20,18,64866.85,19.0,1,3.93,82.6,1,38,36,6.5,0.6,0.017,0,0,,,0,0
EMP-12524,2025-03-01,Programs,Finance,L2,Chicago-North,Full-Time,35,20,47668.53,2.5,2,3.24,69.8,0,55,70,23.9,0.0,0.06,1,0,,,0,0
EMP-11652,2025-03-01,Development,Finance,L1,Remote-US,Full-Time,37,13,43081.75,13.9,1,4.31,89.8,0,22,50,7.6,1.0,0.047,1,0,,,0,0
EMP-10480,2025-03-01,Programs,Operations,L3,Chicago-Downtown,Full-Time,34,24,92456.46,10.7,1,3.03,61.2,0,19,60,10.1,0.4,0.008,1,0,,,0,0
EMP-10163,2025-03-01,Finance,Finance,L1,Remote-US,Part-Time,22,37,36080.56,28.2,1,3.77,66.7,0,51,69,13.4,0.4,-0.002,1,1,2025-05-02,Voluntary,1,1
EMP-10483,2025-03-01,People,HR,L1,Remote-US,Full-Time,27,86,35726.13,15.1,8,4.14,60.9,0,18,67,9.6,0.2,-0.032,0,0,,,0,0
EMP-10486,2025-03-01,Research,HR,L2,Chicago-Downtown,Part-Time,22,60,72171.35,0.8,1,3.57,34.2,1,38,45,8.7,0.0,0.037,0,0,,,0,0
EMP-10489,2025-03-01,Operations,Program Delivery,L1,Remote-US,Full-Time,46,40,41762.87,2.7,0,3.68,58.5,0,17,31,10.5,0.8,0.115,0,0,,,0,0
EMP-12551,2025-03-01,Programs,HR,L1,Chicago-Downtown,Full-Time,33,40,66103.96,9.6,3,3.61,86.7,0,25,73,28.5,0.4,0.022,1,0,,,0,0
EMP-10491,2025-03-01,Operations,Operations,L3,Chicago-Downtown,Full-Time,29,41,92298.22,9.9,3,2.86,78.6,0,15,20,27.9,0.4,0.014,0,0,,,0,0
EMP-11623,2025-03-01,Finance,HR,L2,Chicago-Downtown,Full-Time,35,60,64642.57,11.5,1,3.05,60.4,0,28,68,28.2,0.0,0.061,1,0,,,0,0
EMP-11622,2025-03-01,People,Data,L1,Chicago-North,Part-Time,45,19,59450.95,3.2,3,2.73,60.9,1,51,2,19.8,0.4,-0.041,0,0,,,0,0
EMP-10497,2025-03-01,Finance,Program Delivery,L1,Chicago-South,Full-Time,21,7,51837.2,7.0,3,3.83,85.5,0,32,16,12.3,0.6,0.035,1,0,,,0,0
EMP-10506,2025-03-01,Research,Data,L4,Remote-US,Full-Time,34,27,99142.0,8.2,4,4.02,98.0,0,64,30,1.5,0.6,0.09,0,0,,,0,0
EMP-11592,2025-03-01,Finance,Fundraising,L3,Remote-US,Full-Time,39,8,87095.44,6.6,1,4.42,82.4,1,21,29,4.9,0.0,0.053,1,0,,,0,0
EMP-11591,2025-03-01,Development,Finance,L4,Chicago-North,Full-Time,47,46,96032.55,18.8,2,2.52,56.2,0,107,30,9.7,0.4,0.036,0,0,,,0,0
EMP-12576,2025-03-01,Programs,Data,L2,Chicago-Downtown,Full-Time,28,53,70845.75,14.1,0,3.01,66.3,0,39,24,8.0,0.8,0.066,1,0,,,0,0
EMP-10514,2025-03-01,Programs,Operations,L1,Remote-US,Full-Time,31,46,52609.85,8.7,1,3.71,91.8,2,10,59,15.2,1.0,0.072,1,0,,,0,0
EMP-10519,2025-03-01,People,HR,L2,Chicago-Downtown,Part-Time,45,151,62940.85,10.1,2,3.89,72.3,0,43,57,20.9,1.0,0.035,3,0,,,0,0
EMP-10149,2025-03-01,Programs,Program Delivery,L1,Remote-US,Full-Time,24,49,50459.89,32.7,3,4.06,77.1,0,53,41,10.7,1.0,0.022,0,0,,,0,0
EMP-11557,2025-03-01,People,Finance,L1,Chicago-Downtown,Full-Time,40,74,32000.0,9.3,2,2.54,63.2,0,9,36,40.2,1.0,0.02,0,1,2025-04-01,Voluntary,1,1
EMP-11546,2025-03-01,Finance,Fundraising,L2,Chicago-South,Full-Time,55,28,55666.7,12.1,1,3.4,86.8,0,59,54,13.4,1.0,0.026,0,0,,,0,0
EMP-12617,2025-03-01,Programs,Program Delivery,L2,Remote-US,Full-Time,37,46,47252.16,7.5,1,3.1,83.3,0,32,32,7.1,0.8,0.01,0,0,,,0,0
EMP-10582,2025-03-01,Finance,Fundraising,L1,Chicago-Downtown,Full-Time,46,19,41915.94,28.9,2,3.42,78.1,0,11,50,6.6,0.4,0.052,0,0,,,0,0
EMP-12727,2025-03-01,Programs,Fundraising,L2,Chicago-South,Full-Time,40,41,59573.49,9.5,1,2.84,59.4,2,38,19,17.9,0.8,0.067,0,0,,,0,0
EMP-11351,2025-03-01,Operations,Fundraising,L1,Remote-US,Full-Time,28,72,57569.52,9.1,4,2.82,58.1,1,28,46,13.2,0.6,0.064,0,0,,,0,0
EMP-10042,2025-03-01,People,Operations,L2,Chicago-North,Full-Time,40,16,50797.67,4.2,3,3.14,73.4,1,26,18,16.2,0.4,0.026,0,0,,,0,0
EMP-12879,2025-03-01,Programs,Finance,L3,Chicago-Downtown,Part-Time,53,57,84309.35,1.6,1,3.19,83.5,1,64,90,3.3,0.6,0.042,0,0,,,0,0
EMP-10995,2025-03-01,Operations,Program Delivery,L1,Chicago-North,Full-Time,36,56,65632.5,4.5,0,3.36,65.9,2,30,21,56.7,0.4,0.063,0,0,,,0,0
EMP-12889,2025-03-01,Programs,Finance,L1,Chicago-South,Full-Time,29,46,55675.25,1.8,1,3.33,69.5,0,25,34,7.5,0.4,0.049,0,0,,,0,0
EMP-10973,2025-03-01,Operations,Finance,L3,Chicago-South,Full-Time,29,27,79732.74,10.5,3,3.2,55.0,0,30,37,8.1,0.8,-0.028,0,0,,,0,0
EMP-10727,2025-03-01,Development,Operations,L4,Chicago-Downtown,Full-Time,47,43,101460.18,7.9,0,2.64,67.5,0,50,56,20.7,0.8,0.06,0,0,,,0,0
EMP-10036,2025-03-01,Development,Program Delivery,L1,Chicago-Downtown,Full-Time,43,47,52416.9,18.7,1,1.4,77.4,1,46,14,6.3,1.0,0.125,1,0,,,0,0
EMP-10949,2025-03-01,People,Fundraising,L4,Chicago-Downtown,Full-Time,27,23,109380.43,21.1,1,3.01,79.1,1,33,44,5.4,0.4,0.079,2,1,2025-03-25,Voluntary,1,1
EMP-10947,2025-03-01,Programs,Fundraising,L1,Chicago-Downtown,Full-Time,31,30,61961.0,3.1,3,3.37,80.6,0,44,10,16.6,0.8,0.018,1,0,,,0,0
EMP-10946,2025-03-01,Programs,Fundraising,L1,Remote-US,Full-Time,27,132,37727.62,2.4,2,3.73,74.0,0,62,49,5.6,0.2,0.072,0,0,,,0,0
EMP-10943,2025-03-01,Operations,Data,L2,Chicago-North,Full-Time,30,72,68666.32,6.0,4,2.81,42.4,0,17,0,21.4,0.0,0.023,0,0,,,0,0
EMP-10734,2025-03-01,Programs,Operations,L2,Chicago-South,Full-Time,37,88,69095.93,11.6,3,3.85,71.6,0,41,62,3.3,0.0,0.08,1,1,2025-05-06,Voluntary,1,1
EMP-10938,2025-03-01,Operations,Fundraising,L4,Chicago-Downtown,Part-Time,23,60,94363.94,27.7,2,4.27,66.7,2,40,41,8.3,0.2,0.067,0,0,,,0,0
EMP-10932,2025-03-01,Programs,Program Delivery,L2,Remote-US,Full-Time,36,33,74968.21,18.6,3,2.13,88.8,0,22,33,2.6,0.0,0.033,0,0,,,0,0
EMP-12913,2025-03-01,Research,Finance,L1,Chicago-Downtown,Part-Time,31,58,45360.05,10.0,2,2.9,91.1,0,36,31,7.1,1.0,0.013,0,0,,,0,0
EMP-12917,2025-03-01,Programs,Fundraising,L3,Remote-US,Full-Time,50,37,96788.5,6.6,2,3.43,65.9,0,15,27,22.1,0.2,0.037,0,1,2025-04-07,Voluntary,1,1
EMP-12928,2025-03-01,Research,Data,L2,Remote-US,Full-Time,50,20,72556.64,8.5,2,2.72,64.4,0,27,49,16.7,0.0,0.012,1,0,,,0,0
EMP-10800,2025-03-01,Programs,Finance,L3,Chicago-North,Full-Time,33,32,90374.14,5.5,2,3.66,49.4,0,75,77,3.3,0.0,0.077,0,0,,,0,0
EMP-10803,2025-03-01,Programs,HR,L2,Chicago-South,Full-Time,37,12,66330.23,21.8,0,4.27,69.4,1,36,44,20.5,0.0,0.049,0,0,,,0,0
EMP-10804,2025-03-01,Operations,Data,L1,Chicago-South,Full-Time,34,15,53264.68,9.2,0,3.7,68.9,0,59,56,13.0,1.0,-0.004,0,0,,,0,0
EMP-10781,2025-03-01,Programs,Fundraising,L3,Chicago-Downtown,Full-Time,49,42,95810.81,20.4,2,3.5,62.5,0,51,13,21.6,0.4,0.063,1,0,,,0,0
EMP-10009,2025-03-01,Operations,HR,L4,Chicago-Downtown,Part-Time,33,48,98240.51,8.9,6,4.08,61.8,1,30,27,5.4,1.0,-0.024,0,0,,,0,0
EMP-10854,2025-03-01,Finance,Data,L1,Chicago-Downtown,Full-Time,46,40,56315.0,3.5,3,3.03,82.1,0,28,8,22.2,0.8,0.066,0,0,,,0,0
EMP-12878,2025-03-01,Programs,Data,L2,Remote-US,Part-Time,30,12,77483.68,4.0,3,2.53,77.5,1,15,5,25.5,1.0,0.003,0,1,2025-03-22,Involuntary,1,1
EMP-10866,2025-03-01,Research,Data,L4,Chicago-Downtown,Full-Time,42,41,112336.23,17.0,1,3.86,75.6,0,41,61,4.7,0.4,-0.034,0,0,,,0,0
EMP-12949,2025-03-01,Programs,Data,L4,Chicago-North,Full-Time,30,11,104516.3,3.9,1,2.65,76.5,0,43,22,5.4,1.0,-0.006,2,0,,,0,0
EMP-10902,2025-03-01,Research,Fundraising,L1,Chicago-South,Full-Time,26,57,49538.94,1.8,2,3.09,73.6,0,48,54,7.9,0.2,0.005,0,0,,,0,0
EMP-10905,2025-03-01,Research,Data,L2,Chicago-North,Part-Time,54,38,56963.26,3.4,4,3.83,69.6,0,12,40,9.7,0.0,0.043,0,0,,,0,0
EMP-10022,2025-03-01,Programs,Finance,L1,Chicago-South,Full-Time,22,95,45727.34,10.9,3,4.6,55.5,0,40,13,14.1,0.8,0.018,0,1,2025-04-18,Involuntary,1,1
EMP-10749,2025-03-01,Research,HR,L2,Remote-US,Part-Time,33,5,51349.3,10.6,4,3.54,69.0,0,15,87,9.6,0.4,0.001,0,0,,,0,0
EMP-10746,2025-03-01,Programs,Data,L2,Chicago-Downtown,Full-Time,40,41,72198.56,25.8,2,4.11,49.2,2,25,22,9.2,0.0,0.025,0,0,,,0,0
EMP-10883,2025-03-01,Operations,Operations,L1,Chicago-North,Full-Time,32,18,48996.8,6.2,1,4.17,78.6,0,58,46,13.1,0.6,-0.011,0,0,,,0,0
EMP-11356,2025-03-01,Finance,Fundraising,L3,Chicago-Downtown,Full-Time,35,73,77609.13,3.0,2,3.08,75.5,1,101,19,14.0,1.0,0.048,0,0,,,0,0
EMP-12876,2025-03-01,Research,HR,L3,Remote-US,Part-Time,20,12,65702.84,2.3,0,3.45,48.1,1,11,22,6.0,0.6,0.025,0,0,,,0,0
EMP-10051,2025-03-01,Programs,HR,L2,Remote-US,Part-Time,38,22,62017.69,6.8,1,3.77,98.8,0,26,29,9.5,0.0,-0.034,0,0,,,0,0
EMP-12688,2025-03-01,People,Program Delivery,L4,Remote-US,Part-Time,33,54,104983.65,27.4,2,3.33,87.1,0,21,22,5.8,0.6,0.051,1,0,,,0,0
EMP-11335,2025-03-01,Programs,Fundraising,L4,Chicago-Downtown,Part-Time,46,10,93337.8,11.3,1,3.65,80.1,0,35,19,4.4,0.8,0.053,0,0,,,0,0
EMP-11330,2025-03-01,Research,HR,L4,Chicago-Downtown,Full-Time,39,64,121969.24,2.5,2,4.14,63.7,2,17,39,8.4,0.0,0.059,1,0,,,0,0
EMP-12696,2025-03-01,Development,Operations,L3,Chicago-North,Full-Time,21,77,73037.71,0.7,0,3.09,41.4,0,37,37,24.4,0.4,0.032,1,0,,,0,0
EMP-11307,2025-03-01,Programs,HR,L2,Chicago-Downtown,Full-Time,43,13,78334.33,14.7,0,4.3,78.4,0,39,27,5.6,1.0,0.06,0,0,,,0,0
EMP-11295,2025-03-01,People,Fundraising,L1,Chicago-Downtown,Full-Time,41,62,52959.39,14.9,2,1.66,60.6,0,21,56,20.2,0.8,0.012,0,0,,,0,0
EMP-11273,2025-03-01,People,Program Delivery,L4,Remote-US,Full-Time,35,26,123651.63,6.3,2,4.2,71.3,0,118,51,3.0,0.6,0.048,0,0,,,0,0
EMP-11271,2025-03-01,Operations,Operations,L2,Chicago-South,Full-Time,27,100,63253.5,14.2,1,3.21,80.1,1,32,50,41.9,1.0,0.052,1,0,,,0,0
EMP-11267,2025-03-01,Operations,Finance,L2,Chicago-Downtown,Full-Time,21,117,58594.45,3.3,4,2.86,93.6,0,15,22,4.0,0.6,0.03,0,0,,,0,0
EMP-12716,2025-03-01,Programs,Data,L2,Remote-US,Full-Time,22,56,77415.52,14.2,1,3.65,61.2,0,61,55,26.3,1.0,0.013,1,0,,,0,0
EMP-11247,2025-03-01,Operations,Finance,L4,Chicago-South,Full-Time,45,112,104430.98,3.5,5,3.31,59.4,3,24,61,13.9,0.0,0.139,1,0,,,0,0
EMP-12733,2025-03-01,Research,HR,L2,Chicago-South,Full-Time,37,11,62879.98,7.1,1,3.05,86.0,1,24,54,2.9,0.4,0.034,0,0,,,0,0
EMP-12744,2025-03-01,Programs,Program Delivery,L2,Chicago-Downtown,Full-Time,46,113,59767.73,6.9,1,3.63,65.5,0,17,56,15.1,0.2,0.065,0,0,,,0,0
EMP-11209,2025-03-01,Programs,HR,L1,Remote-US,Full-Time,52,42,63141.03,4.9,0,3.47,58.8,0,21,41,21.6,0.4,0.06,0,0,,,0,0
EMP-12759,2025-03-01,People,HR,L3,Chicago-South,Part-Time,34,34,78832.17,35.7,0,2.73,69.4,0,14,25,10.9,0.0,-0.017,0,0,,,0,0
EMP-11178,2025-03-01,Operations,HR,L2,Chicago-South,Full-Time,23,25,54702.93,1.0,3,4.39,73.2,0,34,28,24.4,0.8,-0.015,0,0,,,0,0
EMP-10654,2025-03-01,Finance,Fundraising,L2,Chicago-Downtown,Part-Time,38,24,60425.3,19.5,3,2.63,68.9,0,34,32,7.9,0.4,0.019,0,0,,,0,0
EMP-12848,2025-03-01,Programs,HR,L2,Chicago-North,Full-Time,36,27,45991.55,8.3,3,4.29,61.0,1,18,35,13.6,0.8,0.056,0,0,,,0,0
EMP-10695,2025-03-01,Programs,Fundraising,L3,Chicago-Downtown,Part-Time,36,14,84445.69,11.3,1,3.7,88.6,0,63,24,1.4,0.0,0.097,1,0,,,0,0
EMP-11090,2025-03-01,Programs,Fundraising,L1,Chicago-Downtown,Full-Time,27,69,46942.65,8.7,3,4.3,53.9,1,43,18,15.2,1.0,0.003,0,0,,,0,0
EMP-11094,2025-03-01,Operations,Fundraising,L2,Chicago-Downtown,Full-Time,39,12,84422.97,3.7,4,4.12,64.6,1,8,44,25.3,1.0,0.061,0,0,,,0,0
EMP-12840,2025-03-01,Development,Data,L1,Remote-US,Full-Time,30,53,55555.46,11.5,3,3.55,82.9,2,21,33,3.5,0.0,-0.012,0,0,,,0,0
EMP-10685,2025-03-01,Research,HR,L2,Chicago-South,Full-Time,38,74,43113.4,8.6,1,4.1,63.3,0,52,56,14.3,1.0,0.029,1,0,,,0,0
EMP-10707,2025-03-01,Operations,Operations,L3,Chicago-Downtown,Full-Time,28,31,92632.61,4.4,4,4.31,66.3,0,65,15,10.4,1.0,0.05,0,0,,,0,0
EMP-11104,2025-03-01,Programs,Finance,L3,Chicago-South,Full-Time,37,31,80772.87,7.5,2,3.32,45.8,0,35,70,12.0,0.4,0.089,0,0,,,0,0
EMP-10060,2025-03-01,People,Operations,L2,Remote-US,Full-Time,26,39,74380.86,2.1,2,3.16,66.6,0,29,39,6.5,0.0,-0.036,0,1,2025-03-13,Voluntary,1,1
EMP-10673,2025-03-01,Programs,Data,L2,Remote-US,Full-Time,33,38,56170.79,9.9,6,2.78,70.8,0,42,53,4.1,0.6,0.025,0,0,,,0,0
EMP-11150,2025-03-01,Finance,Data,L2,Chicago-Downtown,Full-Time,36,92,70762.75,9.8,0,2.83,78.2,1,11,53,23.3,0.4,0.024,0,0,,,0,0
EMP-12793,2025-03-01,Programs,Fundraising,L2,Chicago-Downtown,Part-Time,39,102,70095.29,7.4,4,4.31,81.4,0,33,20,5.7,1.0,0.07,1,0,,,0,0
EMP-11162,2025-03-01,Operations,Program Delivery,L3,Remote-US,Full-Time,24,18,77302.23,4.7,1,4.09,75.5,0,39,0,18.5,0.0,0.019,0,0,,,0,0
EMP-10073,2025-03-01,People,Data,L3,Chicago-North,Full-Time,44,14,76725.54,9.4,1,2.82,78.8,0,32,53,9.7,0.0,0.103,0,0,,,0,0
EMP-10058,2025-03-01,Programs,HR,L2,Remote-US,Full-Time,28,59,48896.48,4.5,3,3.8,83.3,0,26,21,4.1,0.2,-0.012,0,0,,,0,0
EMP-11758,2025-03-01,Development,Operations,L1,Chicago-Downtown,Full-Time,20,34,34969.37,9.9,0,3.81,40.8,0,13,66,6.9,0.0,0.032,1,0,,,0,0
EMP-10526,2025-03-01,Programs,Data,L2,Chicago-Downtown,Part-Time,50,70,56499.7,6.9,3,3.83,72.8,0,50,22,6.6,1.0,-0.024,0,1,2025-04-11,Involuntary,1,1
EMP-10794,2025-03-01,Programs,Fundraising,L1,Chicago-Downtown,Full-Time,22,52,45410.58,17.0,4,3.94,85.5,0,18,57,1.3,0.8,0.013,1,1,2025-04-16,Involuntary,1,1
EMP-11909,2025-03-01,Research,Finance,L2,Chicago-Downtown,Full-Time,38,63,38658.56,0.8,3,3.53,53.0,0,58,36,34.6,0.6,0.011,0,0,,,0,0
EMP-12093,2025-03-01,Research,Fundraising,L4,Chicago-North,Full-Time,42,99,105297.82,7.3,2,3.61,79.4,0,99,66,3.3,1.0,0.032,0,0,,,0,0
EMP-10313,2025-03-01,Finance,Data,L2,Chicago-Downtown,Part-Time,48,67,81088.27,17.3,2,3.51,82.4,1,44,40,3.3,0.0,0.059,1,0,,,0,0
EMP-12095,2025-03-01,Programs,Finance,L1,Chicago-South,Full-Time,20,73,48846.98,5.6,0,2.91,64.5,1,31,19,11.3,0.0,0.014,0,0,,,0,0
EMP-12002,2025-03-01,Programs,Data,L3,Chicago-North,Full-Time,20,57,85074.91,25.3,5,2.2,49.8,0,56,36,22.4,0.6,0.006,0,1,2025-03-28,Involuntary,1,1
EMP-12124,2025-03-01,Operations,Program Delivery,L2,Remote-US,Part-Time,33,39,56547.78,5.4,3,3.3,96.7,0,28,31,15.4,0.2,0.049,0,0,,,0,0
EMP-10407,2025-03-01,Programs,HR,L2,Chicago-Downtown,Full-Time,27,63,49236.92,11.7,1,4.62,68.7,0,36,43,18.8,0.6,0.016,0,0,,,0,0
EMP-10202,2025-03-01,Programs,HR,L1,Chicago-North,Full-Time,34,39,42360.32,4.6,2,3.5,56.8,0,16,26,11.0,0.0,0.035,1,0,,,0,0
EMP-11924,2025-03-01,Finance,HR,L3,Chicago-South,Full-Time,50,11,88881.14,3.2,0,2.18,87.5,0,84,29,8.7,1.0,0.02,0,0,,,0,0
EMP-12143,2025-03-01,Programs,Operations,L2,Remote-US,Full-Time,53,11,68512.49,8.0,3,3.86,87.1,1,35,33,26.4,1.0,0.053,1,0,,,0,0
EMP-12357,2025-03-01,Development,Program Delivery,L2,Remote-US,Full-Time,31,111,45398.02,45.0,2,2.81,92.9,1,25,19,12.5,1.0,0.042,0,0,,,0,0
EMP-10242,2025-03-01,Research,Finance,L3,Chicago-North,Full-Time,35,44,81633.28,15.3,1,4.24,100.0,0,38,26,12.7,1.0,0.009,0,0,,,0,0
EMP-10243,2025-03-01,Development,Operations,L3,Chicago-Downtown,Full-Time,39,48,88775.22,17.3,3,4.13,39.2,1,69,8,29.6,0.6,0.026,0,0,,,0,0
EMP-12431,2025-03-01,Programs,Fundraising,L2,Remote-US,Full-Time,48,125,59827.58,2.3,4,3.17,56.4,1,30,36,11.0,0.0,0.021,0,0,,,0,0
EMP-11817,2025-03-01,Research,Operations,L1,Chicago-Downtown,Full-Time,26,28,40498.96,9.3,1,3.45,55.2,0,24,52,3.9,0.6,0.032,0,0,,,0,0
EMP-12091,2025-03-01,Programs,Operations,L3,Remote-US,Full-Time,24,58,69183.83,7.6,2,3.73,97.7,0,39,37,12.1,1.0,-0.006,0,0,,,0,0
EMP-11808,2025-03-01,Programs,Operations,L2,Chicago-Downtown,Full-Time,46,58,69646.41,14.8,1,3.49,65.5,0,69,63,8.2,1.0,0.014,0,0,,,0,0
EMP-11851,2025-03-01,Programs,Operations,L2,Chicago-Downtown,Full-Time,34,50,66586.43,20.5,4,2.65,51.0,1,37,16,25.8,1.0,0.042,1,1,2025-04-17,Involuntary,1,1
EMP-12077,2025-03-01,Development,Data,L3,Chicago-South,Full-Time,30,17,65920.47,0.4,3,3.5,57.1,0,55,55,6.7,0.0,0.075,1,0,,,0,0
EMP-12042,2025-03-01,Programs,HR,L1,Chicago-Downtown,Full-Time,46,21,33689.96,1.7,3,3.04,84.6,1,24,42,10.1,0.8,0.065,0,0,,,0,0
EMP-12028,2025-03-01,Programs,Program Delivery,L1,Chicago-South,Full-Time,38,108,46225.2,9.7,1,2.99,84.1,1,57,34,8.6,1.0,0.045,0,0,,,0,0
EMP-10388,2025-03-01,Finance,Operations,L1,Chicago-South,Part-Time,37,85,44302.38,11.4,2,2.98,67.5,0,111,48,9.5,0.2,0.062,0,0,,,0,0
EMP-12402,2025-03-01,Programs,Data,L2,Remote-US,Full-Time,34,56,61004.23,6.0,3,3.45,55.9,2,81,55,10.9,0.0,0.019,3,1,2025-04-13,Voluntary,1,1
EMP-11884,2025-03-01,Research,Fundraising,L3,Chicago-Downtown,Full-Time,26,150,85946.66,8.3,1,3.67,69.9,0,31,11,3.5,0.4,0.121,0,0,,,0,0
EMP-12354,2025-03-01,Development,HR,L1,Remote-US,Full-Time,25,80,50636.68,6.2,4,2.32,50.7,1,79,21,20.1,0.4,0.048,2,0,,,0,0
EMP-10383,2025-03-01,Programs,Operations,L2,Chicago-Downtown,Full-Time,51,45,46542.34,1.4,0,3.15,40.2,2,64,0,5.8,1.0,-0.014,0,0,,,0,0
EMP-10338,2025-03-01,Finance,Fundraising,L2,Chicago-South,Full-Time,30,40,71575.17,8.9,3,3.05,70.6,0,6,57,1.8,0.6,0.059,0,0,,,0,0
EMP-10214,2025-03-01,Development,HR,L1,Chicago-South,Full-Time,41,58,32000.0,1.9,1,3.51,87.6,1,40,34,14.8,1.0,0.058,0,0,,,0,0
EMP-11872,2025-03-01,Programs,Fundraising,L1,Chicago-Downtown,Full-Time,48,44,50789.78,7.4,2,2.88,89.7,0,33,20,21.4,1.0,0.031,1,0,,,0,0
EMP-10396,2025-03-01,Development,Operations,L4,Chicago-North,Full-Time,25,25,102489.07,13.9,3,3.79,97.8,1,15,60,7.5,0.8,0.057,0,0,,,0,0
EMP-11903,2025-03-01,Programs,HR,L2,Chicago-Downtown,Part-Time,41,8,58807.2,16.3,3,3.56,74.2,1,11,15,45.0,0.8,0.077,1,0,,,0,0
EMP-12069,2025-03-01,Programs,Fundraising,L2,Chicago-Downtown,Full-Time,20,11,65403.69,1.7,3,2.95,64.8,0,6,17,7.6,0.0,0.064,0,1,2025-04-04,Involuntary,1,1
EMP-10398,2025-03-01,Development,Fundraising,L3,Remote-US,Full-Time,36,16,68509.25,13.3,4,3.74,87.2,0,36,40,15.2,1.0,0.016,1,0,,,0,0
EMP-12070,2025-03-01,Development,Operations,L1,Chicago-North,Full-Time,35,32,52056.92,13.5,2,3.18,76.5,0,32,35,3.0,0.0,-0.02,0,0,,,0,0
EMP-10318,2025-03-01,Operations,Data,L1,Chicago-South,Full-Time,27,14,59054.62,12.8,3,3.35,69.2,0,30,48,13.1,0.0,0.068,2,0,,,0,0
EMP-11802,2025-03-01,Operations,Operations,L3,Remote-US,Full-Time,35,64,71101.79,15.6,1,3.32,70.2,0,41,26,2.6,0.4,0.031,1,0,,,0,0
EMP-10384,2025-03-01,Development,Program Delivery,L2,Chicago-Downtown,Full-Time,23,25,68697.19,10.2,2,2.94,99.4,0,25,5,12.4,0.0,0.071,1,0,,,0,0
EMP-11782,2025-03-01,Operations,HR,L4,Remote-US,Full-Time,41,53,94680.54,2.4,1,4.1,88.1,0,46,6,5.3,0.2,0.053,0,0,,,0,0
EMP-10436,2025-03-01,People,Program Delivery,L3,Chicago-North,Full-Time,25,35,90731.6,4.2,1,2.39,70.1,0,19,33,24.0,1.0,0.001,0,0,,,0,0
EMP-12441,2025-03-01,Operations,Program Delivery,L2,Chicago-South,Full-Time,49,14,70705.39,17.1,0,2.82,65.0,1,90,32,19.9,1.0,0.081,0,0,,,0,0
EMP-10269,2025-03-01,Development,Finance,L3,Chicago-Downtown,Part-Time,52,32,73520.37,11.4,3,3.89,65.0,1,16,40,9.1,0.2,0.091,2,0,,,0,0
EMP-12239,2025-03-01,Operations,Finance,L1,Remote-US,Full-Time,29,37,44848.52,17.3,1,5.0,66.5,1,13,32,9.6,0.6,-0.033,1,0,,,0,0
EMP-11944,2025-03-01,Development,Data,L3,Chicago-North,Full-Time,35,98,70458.42,19.2,0,4.18,66.2,0,23,70,10.8,0.8,0.035,0,0,,,0,0
EMP-11987,2025-03-01,People,Data,L1,Chicago-Downtown,Full-Time,35,18,50679.77,4.3,4,3.18,84.1,0,51,15,12.0,0.0,0.065,0,0,,,0,0
EMP-12448,2025-03-01,Operations,Finance,L2,Remote-US,Full-Time,37,46,65270.55,9.1,1,3.04,85.2,0,50,56,6.3,0.8,0.051,0,0,,,0,0
EMP-12290,2025-03-01,Research,Program Delivery,L2,Chicago-Downtown,Full-Time,30,83,60802.92,17.2,1,2.89,94.7,1,13,70,22.5,0.0,-0.014,1,0,,,0,0
EMP-12201,2025-03-01,Research,Operations,L1,Chicago-Downtown,Full-Time,47,16,49695.63,4.8,3,3.55,74.2,0,76,41,13.6,1.0,0.036,0,0,,,0,0
EMP-10288,2025-03-01,Research,Data,L2,Chicago-Downtown,Part-Time,31,6,54422.32,5.1,1,3.66,51.8,0,33,27,9.6,0.6,-0.009,0,1,2025-04-07,Involuntary,1,1
EMP-11983,2025-03-01,Research,Finance,L1,Chicago-Downtown,Full-Time,33,39,37940.68,8.1,3,3.73,88.9,0,11,12,21.1,0.0,0.081,0,0,,,0,0
EMP-12370,2025-03-01,Development,Data,L2,Chicago-South,Full-Time,33,37,49302.97,10.3,2,4.1,80.3,0,19,36,16.6,0.0,0.061,0,0,,,0,0
EMP-12242,2025-03-01,Finance,Program Delivery,L2,Chicago-South,Full-Time,33,45,55240.29,2.8,2,3.31,66.3,0,38,16,35.0,0.4,0.003,1,0,,,0,0
EMP-11765,2025-03-01,Programs,Fundraising,L1,Chicago-Downtown,Full-Time,40,70,45396.76,19.6,1,4.91,60.2,0,8,31,10.5,0.0,0.007,0,0,,,0,0
EMP-12182,2025-03-01,Programs,Fundraising,L3,Remote-US,Full-Time,30,17,96780.56,8.4,3,3.46,74.0,0,75,28,13.2,1.0,0.044,0,0,,,0,0
EMP-10423,2025-03-01,Finance,Finance,L3,Chicago-Downtown,Full-Time,26,81,66865.89,10.8,5,4.33,79.8,0,84,43,16.7,0.8,0.014,1,0,,,0,0
EMP-10245,2025-03-01,Development,Program Delivery,L3,Chicago-Downtown,Full-Time,25,28,87270.45,1.4,3,3.57,70.0,1,41,38,15.5,0.0,0.084,1,0,,,0,0
EMP-11778,2025-03-01,Development,Fundraising,L2,Chicago-Downtown,Full-Time,39,5,59207.17,14.7,3,2.98,100.0,1,14,35,6.2,0.0,-0.003,1,0,,,0,0
EMP-11976,2025-03-01,People,Operations,L2,Chicago-Downtown,Full-Time,25,36,64905.32,19.9,3,2.72,66.6,1,13,72,7.4,1.0,0.025,0,1,2025-04-16,Involuntary,1,1
EMP-10223,2025-04-01,Programs,HR,L1,Chicago-Downtown,Full-Time,42,2,46547.83,5.6,1,3.9,75.4,0,16,42,33.2,0.8,0.044,1,0,,,0,0
EMP-12027,2025-04-01,Development,Operations,L2,Chicago-North,Full-Time,21,51,53829.48,3.6,5,2.61,77.1,0,15,42,14.2,0.2,-0.002,0,0,,,0,0
EMP-11305,2025-04-01,Finance,Data,L1,Chicago-North,Full-Time,33,35,37109.96,7.2,2,3.18,70.6,0,55,88,3.3,0.4,0.005,0,0,,,0,0
EMP-11297,2025-04-01,Research,Finance,L3,Chicago-North,Full-Time,26,105,84653.58,4.8,3,3.08,64.7,0,33,35,10.8,0.0,0.09,0,0,,,0,0
EMP-12717,2025-04-01,Operations,Finance,L1,Chicago-North,Full-Time,31,164,59511.1,5.5,3,3.61,66.8,0,23,6,11.2,0.2,0.01,0,0,,,0,0
EMP-12772,2025-04-01,Finance,Finance,L1,Chicago-Downtown,Full-Time,33,21,44672.71,2.0,3,3.03,69.5,0,49,31,16.1,1.0,-0.012,1,0,,,0,0
EMP-11969,2025-04-01,Research,Operations,L2,Chicago-Downtown,Full-Time,38,38,68331.14,6.9,2,3.17,71.8,0,44,29,22.3,0.2,0.002,1,0,,,0,0
EMP-11168,2025-04-01,Programs,Data,L1,Chicago-North,Part-Time,28,24,38832.99,3.4,2,4.19,76.0,0,11,41,13.8,0.0,0.014,0,0,,,0,0
EMP-11320,2025-04-01,Programs,HR,L3,Chicago-Downtown,Part-Time,32,66,78659.12,9.1,5,3.51,81.2,1,36,29,34.7,0.4,0.017,0,0,,,0,0
EMP-12692,2025-04-01,Programs,Operations,L2,Chicago-Downtown,Full-Time,36,8,75334.54,17.1,3,3.02,81.5,0,36,34,18.2,1.0,0.03,0,0,,,0,0
EMP-10660,2025-04-01,Finance,HR,L1,Remote-US,Full-Time,29,60,49796.34,14.8,2,1.97,64.4,0,57,40,30.3,0.4,0.08,0,0,,,0,0
EMP-10360,2025-04-01,Programs,Finance,L4,Remote-US,Full-Time,43,26,106573.39,19.1,2,2.51,72.6,0,10,28,7.7,0.0,0.08,0,0,,,0,0
EMP-11337,2025-04-01,Programs,Program Delivery,L3,Remote-US,Full-Time,33,44,84830.39,19.1,2,3.36,72.1,2,31,16,17.5,0.8,0.046,0,1,2025-05-10,Involuntary,1,1
EMP-12781,2025-04-01,Programs,Operations,L3,Remote-US,Full-Time,32,81,86683.74,7.1,2,2.44,60.8,1,39,13,9.0,0.6,-0.008,1,0,,,0,0
EMP-11972,2025-04-01,Research,Fundraising,L1,Remote-US,Full-Time,20,38,52567.39,7.5,3,5.0,100.0,2,56,56,13.5,1.0,-0.002,1,0,,,0,0
EMP-12706,2025-04-01,Operations,Finance,L1,Remote-US,Full-Time,27,75,50189.44,2.7,2,3.7,73.2,0,25,65,1.8,0.0,0.052,0,0,,,0,0
EMP-11204,2025-04-01,Operations,HR,L1,Chicago-Downtown,Full-Time,42,16,51501.03,14.9,3,3.96,73.4,3,41,75,18.0,1.0,0.059,0,0,,,0,0
EMP-11186,2025-04-01,People,Data,L2,Chicago-South,Full-Time,27,16,65067.06,5.2,1,4.08,42.2,1,40,37,3.8,0.0,0.065,0,0,,,0,0
EMP-11253,2025-04-01,Operations,Operations,L3,Chicago-South,Full-Time,40,57,88808.23,7.4,2,3.5,85.5,0,25,32,31.8,1.0,0.022,1,0,,,0,0
EMP-12720,2025-04-01,Development,Finance,L3,Chicago-Downtown,Full-Time,37,29,82307.04,8.2,2,2.52,80.6,0,12,47,20.3,0.0,0.04,0,0,,,0,0
EMP-11248,2025-04-01,Development,Data,L3,Chicago-Downtown,Full-Time,28,69,78656.57,9.8,2,3.39,58.2,0,65,31,17.0,0.6,0.017,0,0,,,0,0
EMP-11988,2025-04-01,Programs,HR,L1,Remote-US,Full-Time,36,26,46547.23,19.0,3,2.41,52.5,0,6,56,17.0,1.0,0.01,0,0,,,0,0
EMP-12723,2025-04-01,Programs,HR,L1,Chicago-North,Full-Time,34,15,47746.29,8.8,5,3.11,81.9,0,42,46,8.9,0.0,0.025,0,1,2025-04-15,Involuntary,1,1
EMP-10348,2025-04-01,Research,HR,L3,Chicago-South,Full-Time,27,22,96606.21,4.0,3,3.15,50.0,0,9,46,7.1,0.0,-0.005,0,1,2025-06-29,Involuntary,0,1
EMP-12715,2025-04-01,Development,Finance,L2,Remote-US,Full-Time,27,30,65847.07,16.8,2,3.42,78.5,0,26,9,19.6,0.0,0.048,0,0,,,0,0
EMP-10346,2025-04-01,Operations,Finance,L2,Chicago-Downtown,Full-Time,36,33,77308.58,11.3,1,3.02,67.5,1,24,26,64.0,0.8,-0.029,0,0,,,0,0
EMP-11263,2025-04-01,People,Finance,L3,Remote-US,Part-Time,42,122,91635.81,8.2,3,2.3,87.3,0,53,47,27.8,0.0,0.004,1,0,,,0,0
EMP-12770,2025-04-01,Operations,Program Delivery,L2,Chicago-Downtown,Part-Time,43,68,79657.96,10.8,0,3.57,53.1,0,29,11,12.7,1.0,0.006,0,0,,,0,0
EMP-11226,2025-04-01,Operations,HR,L2,Chicago-South,Full-Time,26,74,66724.18,17.9,0,3.63,71.5,0,80,52,6.6,0.6,0.076,0,0,,,0,0
EMP-10098,2025-04-01,Finance,Data,L4,Chicago-North,Part-Time,46,89,106074.42,13.4,4,3.2,95.0,0,41,16,1.5,0.0,0.034,1,0,,,0,0
EMP-12740,2025-04-01,Programs,Finance,L2,Chicago-North,Full-Time,34,5,62013.64,11.3,4,4.7,78.5,0,25,54,3.6,1.0,0.025,0,0,,,0,0
EMP-11985,2025-04-01,Programs,HR,L3,Chicago-Downtown,Part-Time,20,18,99344.77,21.2,5,3.58,48.5,1,120,69,21.7,0.0,0.052,0,0,,,0,0
EMP-12006,2025-04-01,Operations,Data,L4,Chicago-South,Full-Time,36,25,111537.52,42.1,1,3.91,59.7,0,8,51,20.0,0.0,0.081,1,0,,,0,0
EMP-10100,2025-04-01,Programs,Data,L2,Chicago-Downtown,Full-Time,20,13,62430.12,6.2,5,2.58,83.7,1,30,0,14.6,1.0,0.063,1,0,,,0,0
EMP-12747,2025-04-01,Operations,Data,L3,Chicago-South,Full-Time,23,29,97516.94,2.9,4,3.92,69.3,0,84,31,18.0,1.0,0.026,0,0,,,0,0
EMP-10647,2025-04-01,Programs,Program Delivery,L1,Remote-US,Full-Time,55,29,42022.8,8.6,4,3.34,66.9,1,9,56,8.2,0.4,0.085,0,0,,,0,0
EMP-12362,2025-04-01,Programs,Data,L2,Chicago-Downtown,Part-Time,46,41,63867.14,11.5,3,4.31,72.4,0,55,15,3.0,0.0,0.031,0,0,,,0,0
EMP-12025,2025-04-01,Programs,Operations,L3,Chicago-South,Part-Time,49,9,73616.76,8.3,2,2.28,46.9,0,18,33,11.4,0.8,0.012,0,0,,,0,0
EMP-10634,2025-04-01,Programs,Fundraising,L3,Chicago-Downtown,Full-Time,30,121,78520.94,8.6,4,4.01,74.6,2,81,36,5.1,0.0,0.03,1,0,,,0,0
EMP-12726,2025-04-01,Programs,Data,L3,Chicago-Downtown,Part-Time,35,66,84546.72,6.0,4,4.48,99.8,0,22,81,14.8,0.0,0.064,0,0,,,0,0
EMP-10054,2025-04-01,Operations,Finance,L2,Chicago-Downtown,Full-Time,42,33,55186.26,1.6,3,4.03,62.7,0,11,35,14.5,0.4,0.023,0,1,2025-06-13,Involuntary,1,1
EMP-12041,2025-04-01,Operations,Program Delivery,L1,Chicago-Downtown,Full-Time,36,26,32000.0,10.9,1,3.01,65.3,0,17,50,27.6,0.2,0.077,0,0,,,0,0
EMP-12301,2025-04-01,Finance,Operations,L3,Chicago-South,Full-Time,30,26,80262.92,15.0,4,2.71,46.3,1,32,8,9.9,1.0,0.078,0,0,,,0,0
EMP-10741,2025-04-01,People,Fundraising,L1,Chicago-Downtown,Full-Time,40,22,63883.46,4.1,1,2.22,84.5,0,22,58,19.6,1.0,-0.008,0,0,,,0,0
EMP-12180,2025-04-01,Operations,Finance,L4,Remote-US,Full-Time,33,42,106888.64,16.9,1,2.52,64.7,0,66,54,5.6,0.0,0.014,0,0,,,0,0
EMP-10747,2025-04-01,Development,Operations,L2,Remote-US,Full-Time,48,46,59083.73,15.3,5,4.48,81.4,0,12,70,17.3,1.0,0.068,0,0,,,0,0
EMP-12184,2025-04-01,Operations,Fundraising,L2,Chicago-Downtown,Full-Time,49,30,52548.9,7.9,0,3.03,55.3,0,12,8,14.5,0.4,-0.012,0,0,,,0,0
EMP-12185,2025-04-01,Development,Fundraising,L1,Chicago-Downtown,Full-Time,44,50,56749.72,4.7,1,3.04,99.6,0,63,34,7.4,0.0,-0.013,0,0,,,0,0
EMP-12278,2025-04-01,Programs,Operations,L1,Chicago-South,Full-Time,47,36,45893.97,5.5,3,4.56,73.5,1,26,42,4.2,1.0,0.056,0,0,,,0,0
EMP-10880,2025-04-01,Operations,Data,L1,Chicago-Downtown,Full-Time,44,31,49800.2,3.9,1,3.54,80.1,1,43,48,7.4,0.0,0.007,0,0,,,0,0
EMP-10876,2025-04-01,Development,HR,L1,Chicago-Downtown,Full-Time,32,53,46784.44,15.4,2,1.84,52.3,1,37,61,4.3,0.4,0.049,2,1,2025-05-17,Involuntary,1,1
EMP-12214,2025-04-01,Operations,Fundraising,L1,Remote-US,Full-Time,30,14,49758.3,9.2,0,3.84,57.7,1,41,51,30.8,0.4,0.094,1,1,2025-04-19,Voluntary,1,1
EMP-10855,2025-04-01,People,Program Delivery,L1,Chicago-South,Full-Time,47,110,41590.91,17.3,3,2.69,74.3,0,28,31,13.5,0.2,0.047,0,0,,,0,0
EMP-12176,2025-04-01,Programs,Fundraising,L4,Chicago-Downtown,Full-Time,34,11,120190.42,3.1,3,3.41,61.3,0,21,66,18.8,0.8,0.074,1,0,,,0,0
EMP-10852,2025-04-01,Development,HR,L2,Chicago-South,Full-Time,33,66,50801.26,38.8,6,3.3,71.0,2,39,17,21.3,0.8,-0.019,0,1,2025-05-20,Involuntary,1,1
EMP-12232,2025-04-01,Programs,Data,L2,Chicago-Downtown,Full-Time,29,15,57669.25,9.0,2,3.04,64.8,0,63,0,26.8,0.8,0.013,0,0,,,0,0
EMP-12975,2025-04-01,Development,HR,L4,Chicago-Downtown,Full-Time,46,53,95834.79,18.7,1,2.66,72.0,1,16,49,18.8,0.0,0.017,0,1,2025-05-16,Involuntary,1,1
EMP-12980,2025-04-01,Programs,Finance,L3,Remote-US,Full-Time,42,19,88221.44,4.9,2,3.22,52.4,0,54,23,21.9,0.6,0.045,0,0,,,0,0
EMP-12981,2025-04-01,Research,Data,L3,Remote-US,Full-Time,24,132,93185.61,25.2,0,3.75,81.7,0,26,5,1.3,0.6,0.041,0,0,,,0,0
EMP-12235,2025-04-01,Research,Program Delivery,L2,Remote-US,Full-Time,33,64,83077.84,8.5,1,1.85,82.0,0,33,55,9.0,0.8,0.027,1,0,,,0,0
EMP-10811,2025-04-01,Operations,Fundraising,L3,Chicago-Downtown,Full-Time,41,16,59992.87,24.5,2,3.12,84.5,0,26,27,1.5,1.0,0.078,1,0,,,0,0
EMP-12240,2025-04-01,Research,Data,L1,Chicago-South,Full-Time,44,57,54660.89,1.9,1,3.44,77.5,0,27,75,11.2,1.0,0.038,0,0,,,0,0
EMP-12988,2025-04-01,Development,Operations,L1,Chicago-South,Full-Time,33,13,60308.31,2.3,4,3.64,70.5,0,62,24,5.6,0.2,0.074,0,0,,,0,0
EMP-10265,2025-04-01,Development,HR,L3,Chicago-North,Full-Time,28,21,82169.43,9.3,2,2.8,64.2,2,58,56,9.9,0.8,0.058,1,0,,,0,0
EMP-12992,2025-04-01,Research,Data,L3,Chicago-Downtown,Full-Time,48,71,72859.97,19.4,3,3.77,80.4,2,51,68,33.0,0.6,-0.001,0,0,,,0,0
EMP-12997,2025-04-01,Operations,HR,L2,Remote-US,Full-Time,26,77,59744.91,1.5,2,4.6,57.4,0,54,41,6.7,0.0,0.013,0,0,,,0,0
EMP-10770,2025-04-01,Programs,Operations,L1,Chicago-North,Full-Time,45,24,57616.89,5.8,2,3.03,72.6,0,32,40,22.6,0.0,-0.01,0,0,,,0,0
EMP-12897,2025-04-01,Research,Fundraising,L3,Chicago-North,Full-Time,25,65,83516.69,3.3,2,2.82,23.8,0,41,47,21.8,0.0,0.045,0,0,,,0,0
EMP-10296,2025-04-01,Programs,Finance,L3,Chicago-South,Full-Time,39,45,81382.8,7.8,3,2.38,63.8,1,11,42,14.9,0.0,0.084,0,1,2025-04-18,Involuntary,1,1
EMP-12317,2025-04-01,Development,Operations,L3,Chicago-Downtown,Part-Time,32,30,84872.04,20.9,2,3.96,73.1,0,64,28,18.9,1.0,-0.002,0,0,,,0,0
EMP-12818,2025-04-01,Development,Finance,L2,Remote-US,Part-Time,49,47,58761.49,19.0,3,1.65,100.0,0,4,34,26.2,0.8,0.023,0,0,,,0,0
EMP-11137,2025-04-01,Programs,Finance,L3,Chicago-Downtown,Full-Time,26,96,102275.59,11.0,3,2.89,65.5,1,11,49,7.1,0.0,-0.068,0,0,,,0,0
EMP-10228,2025-04-01,Operations,Program Delivery,L1,Chicago-Downtown,Full-Time,45,76,45423.18,2.0,2,3.16,70.0,0,60,52,11.5,0.2,0.03,1,0,,,0,0
EMP-11112,2025-04-01,Development,Finance,L1,Chicago-Downtown,Full-Time,33,31,39713.16,12.1,3,2.09,86.9,1,27,53,25.3,0.8,0.106,0,0,,,0,0
EMP-12051,2025-04-01,Finance,Operations,L2,Chicago-North,Full-Time,38,124,64348.11,8.2,4,3.17,77.5,0,10,49,20.8,0.0,0.023,0,0,,,0,0
EMP-12054,2025-04-01,Finance,HR,L2,Remote-US,Full-Time,39,56,59048.07,15.5,4,2.64,74.5,0,96,55,4.3,0.4,0.083,0,0,,,0,0
EMP-12064,2025-04-01,Research,Program Delivery,L2,Chicago-South,Full-Time,26,23,72630.72,13.7,2,3.73,84.4,1,51,49,26.6,1.0,0.051,0,0,,,0,0
EMP-10057,2025-04-01,Programs,Data,L1,Chicago-North,Full-Time,20,8,41566.11,20.0,7,3.19,42.1,0,49,57,4.0,0.0,0.065,3,0,,,0,0
EMP-12068,2025-04-01,People,Operations,L2,Remote-US,Full-Time,36,63,58756.51,10.1,1,2.89,55.7,0,12,19,6.9,0.0,-0.004,1,0,,,0,0
EMP-12690,2025-04-01,Research,Finance,L1,Remote-US,Full-Time,28,19,66526.34,3.8,2,2.97,65.8,0,28,37,10.8,0.8,0.044,1,0,,,0,0
EMP-11092,2025-04-01,Research,HR,L2,Remote-US,Full-Time,38,46,65471.08,6.0,1,5.0,70.7,0,42,67,4.9,0.4,0.022,0,1,2025-05-20,Voluntary,1,1
EMP-11091,2025-04-01,Research,Fundraising,L2,Remote-US,Full-Time,43,5,52130.24,15.5,7,4.12,53.8,1,82,57,6.4,0.8,0.052,0,0,,,0,0
EMP-12843,2025-04-01,Development,Fundraising,L3,Chicago-Downtown,Full-Time,24,83,78344.82,10.9,6,3.75,76.3,0,32,32,14.6,0.4,0.022,0,0,,,0,0
EMP-11055,2025-04-01,Research,Data,L3,Chicago-Downtown,Full-Time,22,120,63435.66,7.1,4,2.48,71.1,0,62,17,6.3,0.8,0.045,0,1,2025-05-03,Voluntary,1,1
EMP-12852,2025-04-01,Programs,Finance,L1,Chicago-Downtown,Full-Time,38,101,47566.56,3.5,3,4.24,82.0,1,25,48,5.5,0.2,0.154,0,0,,,0,0
EMP-12855,2025-04-01,Programs,Fundraising,L2,Chicago-North,Full-Time,21,42,52462.25,1.1,3,4.08,73.0,0,39,2,15.4,1.0,0.03,0,0,,,0,0
EMP-12856,2025-04-01,Programs,HR,L4,Chicago-South,Part-Time,44,60,116938.46,3.6,0,2.86,83.5,1,16,28,14.5,0.0,0.055,0,0,,,0,0
EMP-11019,2025-04-01,Development,Finance,L1,Chicago-North,Full-Time,28,18,52832.8,3.0,2,2.21,66.8,2,109,60,21.5,0.4,0.109,0,0,,,0,0
EMP-11009,2025-04-01,People,Operations,L1,Chicago-South,Full-Time,50,96,44004.79,10.0,3,3.09,52.9,0,29,33,8.4,0.4,0.037,1,0,,,0,0
EMP-12098,2025-04-01,People,Data,L1,Remote-US,Full-Time,26,87,47850.67,11.6,4,3.07,68.0,1,12,0,15.2,0.0,0.081,0,0,,,0,0
EMP-10310,2025-04-01,Development,Fundraising,L4,Remote-US,Full-Time,27,56,109146.31,20.8,3,4.55,44.6,0,81,33,14.9,1.0,0.053,0,0,,,0,0
EMP-10984,2025-04-01,Programs,Fundraising,L3,Chicago-Downtown,Full-Time,58,67,87423.97,9.8,3,2.07,88.0,0,38,23,4.6,0.0,0.036,1,0,,,0,0
EMP-10037,2025-04-01,Finance,Operations,L2,Chicago-Downtown,Part-Time,33,22,63311.51,6.6,3,4.02,66.2,0,46,7,13.9,1.0,0.06,0,0,,,0,0
EMP-12326,2025-04-01,Development,Operations,L4,Remote-US,Full-Time,42,102,102608.4,4.2,1,3.31,93.1,0,30,41,21.5,1.0,-0.034,0,0,,,0,0
EMP-12324,2025-04-01,Research,Finance,L2,Chicago-Downtown,Full-Time,24,10,74776.78,2.2,2,3.8,87.4,0,48,54,8.3,0.0,0.108,0,0,,,0,0
EMP-10336,2025-04-01,Programs,HR,L3,Chicago-South,Full-Time,26,27,75854.43,4.4,1,3.04,76.8,0,22,6,3.8,0.4,-0.036,1,0,,,0,0
EMP-11342,2025-04-01,Programs,Program Delivery,L1,Chicago-Downtown,Full-Time,40,11,58624.68,22.0,4,3.61,97.0,2,39,21,13.9,0.8,0.084,0,1,2025-05-08,Involuntary,1,1
EMP-11764,2025-04-01,Programs,Data,L2,Chicago-North,Full-Time,39,21,71865.86,6.5,2,2.43,41.7,3,12,66,7.6,0.2,0.065,0,1,2025-06-25,Involuntary,1,1
EMP-11860,2025-04-01,Operations,Program Delivery,L1,Chicago-North,Full-Time,32,71,49071.46,5.3,1,3.13,73.4,0,23,53,26.3,0.0,0.04,1,0,,,0,0
EMP-11800,2025-04-01,Operations,Fundraising,L3,Remote-US,Full-Time,27,13,82377.76,33.9,2,2.96,72.8,0,43,56,18.7,0.0,0.01,0,0,,,0,0
EMP-10472,2025-04-01,People,Data,L1,Chicago-North,Full-Time,35,40,45438.57,2.0,3,2.83,96.3,1,74,19,8.9,0.0,0.039,0,0,,,0,0
EMP-10422,2025-04-01,Development,Data,L2,Chicago-Downtown,Full-Time,45,56,54517.78,18.4,2,2.4,63.5,0,40,47,7.8,1.0,-0.006,0,0,,,0,0
EMP-11534,2025-04-01,Programs,Fundraising,L3,Chicago-North,Full-Time,22,24,95750.93,6.3,1,3.76,94.1,0,19,5,26.8,1.0,0.047,0,1,2025-04-16,Voluntary,0,1
EMP-12519,2025-04-01,Programs,Finance,L3,Chicago-Downtown,Full-Time,46,39,91132.86,7.9,3,3.32,77.9,0,18,49,6.8,0.0,0.038,0,0,,,0,0
EMP-10211,2025-04-01,Operations,Program Delivery,L2,Chicago-North,Part-Time,38,33,72018.29,7.7,4,3.32,67.7,0,24,45,13.9,0.0,0.111,0,0,,,0,0
EMP-11899,2025-04-01,Finance,Finance,L1,Chicago-South,Full-Time,43,56,66795.68,19.1,2,2.82,75.8,0,78,49,9.9,1.0,0.058,0,0,,,0,0
EMP-10145,2025-04-01,People,Data,L1,Chicago-Downtown,Full-Time,23,51,53962.74,1.9,0,4.89,49.7,0,15,65,50.1,0.0,-0.054,0,0,,,0,0
EMP-10144,2025-04-01,Research,Operations,L1,Chicago-North,Full-Time,36,17,37092.81,2.5,1,3.51,53.8,0,24,44,26.8,0.0,-0.004,0,1,2025-05-26,Voluntary,1,1
EMP-12621,2025-04-01,Programs,Program Delivery,L1,Chicago-Downtown,Part-Time,30,32,51737.11,13.0,1,3.69,71.4,0,8,21,15.8,0.0,0.041,0,0,,,0,0
EMP-11507,2025-04-01,Finance,Operations,L2,Chicago-North,Full-Time,41,30,60122.39,14.0,4,4.61,100.0,0,3,63,15.2,1.0,0.057,0,1,2025-05-05,Voluntary,1,1
EMP-11501,2025-04-01,Development,Operations,L3,Chicago-North,Part-Time,31,18,71730.91,26.5,3,3.36,79.3,1,57,0,7.9,0.2,0.014,1,0,,,0,0
EMP-12624,2025-04-01,People,Data,L1,Chicago-Downtown,Full-Time,45,25,43997.45,15.4,2,3.66,76.5,0,13,36,3.6,0.6,0.008,1,0,,,0,0
EMP-11798,2025-04-01,Programs,Finance,L3,Remote-US,Full-Time,30,57,76395.33,4.5,2,3.61,71.7,0,47,8,3.4,0.6,-0.022,0,0,,,0,0
EMP-10132,2025-04-01,Research,Program Delivery,L2,Chicago-North,Full-Time,25,80,71341.7,6.8,0,3.68,60.4,0,37,34,29.1,0.2,-0.013,0,0,,,0,0
EMP-11474,2025-04-01,Development,Operations,L2,Chicago-Downtown,Full-Time,32,35,49156.42,15.7,4,3.08,69.1,1,84,45,5.9,1.0,-0.063,1,0,,,0,0
EMP-10552,2025-04-01,Programs,Data,L1,Chicago-Downtown,Part-Time,58,45,45910.55,2.0,0,2.62,57.8,1,14,36,5.1,1.0,-0.021,1,0,,,0,0
EMP-10525,2025-04-01,Operations,Finance,L3,Chicago-Downtown,Full-Time,34,75,84597.63,7.5,2,4.1,57.3,0,47,48,6.7,1.0,0.03,0,0,,,0,0
EMP-10169,2025-04-01,Programs,Data,L1,Chicago-Downtown,Full-Time,27,50,54215.02,17.2,3,1.55,89.4,1,63,24,15.2,0.0,0.049,0,0,,,0,0
EMP-11553,2025-04-01,Programs,Operations,L3,Chicago-North,Full-Time,40,24,86858.73,14.0,1,3.92,56.7,0,1,22,6.1,1.0,0.131,1,0,,,0,0
EMP-11877,2025-04-01,Development,Finance,L1,Chicago-Downtown,Full-Time,31,16,47902.13,2.1,0,2.36,85.2,0,20,47,15.4,0.0,0.058,0,0,,,0,0
EMP-10502,2025-04-01,Finance,Operations,L3,Chicago-North,Full-Time,32,79,85042.65,1.6,4,3.14,65.5,0,60,78,8.2,0.6,-0.044,1,0,,,0,0
EMP-11839,2025-04-01,Development,HR,L4,Chicago-Downtown,Full-Time,30,62,117099.04,9.3,2,3.9,55.4,0,106,10,4.6,0.0,0.024,1,0,,,0,0
EMP-12572,2025-04-01,Development,Fundraising,L1,Chicago-Downtown,Full-Time,47,45,66611.87,3.4,1,2.81,76.8,0,9,47,38.4,0.0,0.062,0,0,,,0,0
EMP-11624,2025-04-01,Development,Finance,L1,Chicago-Downtown,Full-Time,21,144,33279.54,10.9,1,2.28,60.0,1,15,60,14.3,0.0,-0.022,1,0,,,0,0
EMP-11599,2025-04-01,Finance,Finance,L2,Chicago-South,Full-Time,20,4,50776.08,4.3,6,2.48,79.5,0,33,57,13.8,0.8,0.014,0,0,,,0,0
EMP-11838,2025-04-01,Programs,Finance,L1,Chicago-North,Part-Time,47,13,36315.54,9.9,3,2.86,71.5,0,104,56,44.0,0.4,0.036,0,0,,,0,0
EMP-12550,2025-04-01,Operations,HR,L4,Chicago-North,Full-Time,47,32,113253.71,1.1,1,4.07,58.4,0,31,66,7.9,0.2,0.056,0,0,,,0,0
EMP-11854,2025-04-01,Operations,Finance,L3,Chicago-North,Full-Time,31,56,77658.5,6.2,3,3.06,57.8,0,69,39,5.3,0.0,0.035,0,0,,,0,0
EMP-11695,2025-04-01,Operations,HR,L2,Chicago-Downtown,Full-Time,27,105,71336.6,6.2,0,3.51,91.3,1,19,56,35.7,0.0,0.109,0,0,,,0,0
EMP-11635,2025-04-01,Operations,Finance,L3,Chicago-Downtown,Full-Time,29,14,72250.91,5.7,1,3.4,69.1,0,71,27,5.4,0.0,0.077,1,0,,,0,0
EMP-11579,2025-04-01,People,Operations,L4,Remote-US,Full-Time,47,34,116148.09,3.1,1,2.81,63.2,0,5,38,18.8,0.2,-0.016,0,0,,,0,0
EMP-12407,2025-04-01,People,Operations,L1,Remote-US,Full-Time,29,14,32365.73,14.7,1,3.68,64.1,1,28,30,6.6,0.0,0.036,0,1,2025-06-08,Involuntary,1,1
EMP-11571,2025-04-01,Research,HR,L1,Chicago-Downtown,Part-Time,38,50,46975.14,3.0,2,3.16,78.0,0,3,76,24.2,0.2,0.021,0,0,,,0,0
EMP-11640,2025-04-01,People,Data,L2,Remote-US,Full-Time,48,29,46111.54,7.0,1,2.59,60.5,1,16,68,28.5,0.2,-0.013,2,0,,,0,0
EMP-11829,2025-04-01,Finance,Finance,L3,Chicago-North,Part-Time,31,8,96060.9,3.7,1,2.46,64.2,0,16,27,18.4,0.0,0.017,0,1,2025-05-17,Voluntary,0,1
EMP-12541,2025-04-01,Development,Operations,L4,Chicago-Downtown,Full-Time,31,20,114166.82,6.8,0,2.77,68.3,0,15,0,6.1,0.0,0.024,1,0,,,0,0
EMP-11559,2025-04-01,Finance,Fundraising,L2,Remote-US,Full-Time,32,30,50189.47,8.0,3,3.38,73.1,1,14,48,30.5,0.0,0.021,0,1,2025-06-02,Involuntary,1,1
EMP-12530,2025-04-01,Operations,HR,L2,Remote-US,Full-Time,41,145,67057.42,11.0,0,2.62,78.1,1,56,23,16.7,0.0,0.029,0,0,,,0,0
EMP-11830,2025-04-01,People,Data,L3,Chicago-South,Full-Time,20,70,77584.08,3.2,2,2.81,71.7,0,16,22,23.0,0.4,-0.015,0,0,,,0,0
EMP-10176,2025-04-01,Operations,Data,L1,Chicago-Downtown,Full-Time,27,39,50223.92,18.0,1,3.09,69.8,1,4,37,5.9,0.4,0.033,0,0,,,0,0
EMP-10380,2025-04-01,Programs,HR,L1,Chicago-South,Full-Time,35,11,45578.76,12.2,2,3.02,64.5,0,28,73,6.2,0.0,0.077,1,0,,,0,0
EMP-10576,2025-04-01,Finance,HR,L4,Chicago-South,Full-Time,34,57,119932.63,1.1,1,2.69,53.8,0,19,55,16.3,0.0,0.03,0,0,,,0,0
EMP-12470,2025-04-01,Research,Data,L2,Chicago-South,Full-Time,30,38,70765.78,3.2,2,3.97,80.7,0,28,24,7.0,0.8,0.052,0,0,,,0,0
EMP-11932,2025-04-01,Operations,Fundraising,L3,Chicago-Downtown,Full-Time,43,26,74478.52,8.9,1,3.17,83.4,0,63,30,10.7,0.8,0.017,0,0,,,0,0
EMP-11937,2025-04-01,Programs,Finance,L4,Chicago-Downtown,Full-Time,31,24,103941.33,1.1,1,3.19,59.4,0,66,78,22.5,0.0,0.086,1,0,,,0,0
EMP-11411,2025-04-01,Finance,Data,L4,Chicago-North,Full-Time,21,23,104015.58,3.9,1,3.28,73.2,0,15,11,13.3,0.8,0.084,1,0,,,0,0
EMP-11408,2025-04-01,Finance,HR,L2,Remote-US,Full-Time,48,31,61897.25,15.8,3,2.72,78.2,0,24,42,3.5,0.6,0.064,0,0,,,0,0
EMP-12671,2025-04-01,Development,Finance,L2,Chicago-Downtown,Full-Time,36,43,60660.85,5.5,1,2.45,95.1,1,20,46,40.5,0.4,0.011,0,0,,,0,0
EMP-12469,2025-04-01,Finance,Fundraising,L2,Chicago-Downtown,Full-Time,39,11,51229.3,36.9,2,2.39,94.6,0,14,66,26.7,0.2,0.056,0,0,,,0,0
EMP-11777,2025-04-01,People,Program Delivery,L2,Chicago-Downtown,Full-Time,30,51,62831.23,0.9,4,3.14,67.8,0,14,4,11.5,0.0,0.062,0,0,,,0,0
EMP-11751,2025-04-01,Development,Operations,L4,Chicago-North,Full-Time,34,33,101093.15,7.2,2,2.95,77.1,0,71,46,13.8,1.0,0.007,0,0,,,0,0
EMP-11734,2025-04-01,People,Finance,L3,Chicago-North,Full-Time,40,23,75998.7,7.1,1,4.63,56.7,1,45,53,13.1,0.8,0.012,0,0,,,0,0
EMP-11385,2025-04-01,Development,Operations,L2,Chicago-South,Full-Time,30,20,68350.22,6.7,3,3.12,61.5,0,21,31,2.0,0.0,0.125,0,0,,,0,0
EMP-12672,2025-04-01,Research,Finance,L3,Remote-US,Part-Time,49,44,91215.3,9.8,1,4.4,62.6,2,7,3,11.5,0.4,0.11,1,0,,,0,0
EMP-12466,2025-04-01,Development,Program Delivery,L3,Chicago-Downtown,Full-Time,49,34,88763.67,4.2,4,3.68,75.6,0,16,49,7.2,0.8,0.037,0,0,,,0,0
EMP-11756,2025-04-01,Programs,Finance,L2,Remote-US,Full-Time,32,12,64556.04,9.1,2,3.38,50.7,1,37,28,5.0,0.8,-0.009,2,0,,,0,0
EMP-12462,2025-04-01,Operations,Finance,L1,Chicago-South,Full-Time,52,7,44365.38,3.6,0,3.39,77.2,0,44,0,11.8,0.0,0.048,0,0,,,0,0
EMP-11354,2025-04-01,Development,Finance,L2,Chicago-South,Full-Time,27,130,65364.98,12.0,3,3.19,62.6,0,30,39,3.0,0.2,-0.055,0,0,,,0,0
EMP-11353,2025-04-01,Development,HR,L4,Remote-US,Full-Time,55,26,110123.52,14.9,4,2.36,63.9,0,13,64,13.8,0.0,0.01,1,0,,,0,0
EMP-11955,2025-04-01,Finance,HR,L3,Chicago-North,Full-Time,34,13,68935.59,9.0,4,3.4,63.2,0,21,28,9.6,1.0,-0.037,0,0,,,0,0
EMP-10363,2025-04-01,Development,Finance,L3,Chicago-South,Full-Time,20,52,78548.25,15.5,3,2.2,73.6,0,46,37,9.4,0.4,-0.018,0,1,2025-06-20,Voluntary,1,1
EMP-12684,2025-04-01,People,Operations,L3,Remote-US,Full-Time,40,84,84726.69,4.7,0,3.16,74.9,1,2,70,27.0,1.0,0.045,1,0,,,0,0
EMP-10367,2025-04-01,Programs,Operations,L1,Chicago-North,Full-Time,21,49,64544.81,27.4,3,3.07,89.9,0,37,50,9.5,1.0,0.042,0,0,,,0,0
EMP-11929,2025-04-01,Development,Data,L4,Remote-US,Full-Time,46,72,91801.61,12.8,2,1.9,85.6,0,45,22,9.8,0.0,0.08,2,0,,,0,0
EMP-12558,2025-04-01,Programs,Finance,L1,Chicago-South,Full-Time,34,25,46762.46,21.4,6,2.57,71.6,0,43,44,5.5,0.2,0.054,0,1,2025-05-10,Voluntary,1,1
EMP-11442,2025-04-01,Finance,Data,L3,Chicago-Downtown,Full-Time,21,14,89160.35,7.1,1,4.68,49.1,0,33,37,5.8,0.0,0.012,0,0,,,0,0
EMP-12486,2025-04-01,Programs,Operations,L2,Chicago-Downtown,Full-Time,39,66,61852.03,23.1,2,3.53,76.4,0,42,39,4.2,0.0,0.034,0,0,,,0,0
EMP-12506,2025-04-01,Development,Finance,L4,Chicago-South,Part-Time,36,37,116380.27,10.4,0,3.61,76.8,1,43,74,31.6,0.4,0.074,0,0,,,0,0
EMP-12481,2025-04-01,Programs,Data,L2,Chicago-North,Part-Time,49,48,72612.39,11.6,3,4.25,75.1,0,54,8,12.2,0.0,0.028,0,0,,,0,0
EMP-11723,2025-05-01,Operations,Operations,L2,Chicago-North,Part-Time,20,80,60044.71,26.7,7,4.12,75.2,1,42,32,22.7,0.0,0.071,1,0,,,0,0
EMP-12957,2025-05-01,Programs,HR,L2,Chicago-Downtown,Full-Time,38,36,69488.51,7.4,1,1.85,66.0,1,70,91,10.9,0.0,-0.004,0,1,2025-06-14,Involuntary,1,1
EMP-11636,2025-05-01,Development,HR,L3,Chicago-Downtown,Full-Time,33,37,74793.43,26.2,2,3.5,69.8,1,23,60,7.2,1.0,-0.015,0,0,,,0,0
EMP-12991,2025-05-01,People,Operations,L1,Remote-US,Full-Time,45,55,42258.09,16.0,3,2.03,63.6,1,48,57,14.7,1.0,0.068,0,0,,,0,0
EMP-12247,2025-05-01,Operations,Program Delivery,L2,Remote-US,Full-Time,43,23,58123.18,21.9,4,2.78,58.7,0,37,49,6.0,0.4,0.044,0,0,,,0,0
EMP-11760,2025-05-01,Programs,Data,L1,Chicago-North,Full-Time,45,40,36027.82,26.5,6,2.83,98.7,1,38,0,25.4,1.0,-0.053,0,0,,,0,0
EMP-12250,2025-05-01,Research,Operations,L3,Chicago-Downtown,Full-Time,29,33,85354.71,18.4,6,3.33,74.4,0,63,1,18.5,0.2,0.06,0,0,,,0,0
EMP-12896,2025-05-01,People,Fundraising,L4,Chicago-Downtown,Full-Time,25,45,104320.02,5.1,2,3.62,66.8,0,38,42,17.7,0.0,0.057,0,0,,,0,0
EMP-12135,2025-05-01,Programs,Data,L2,Chicago-Downtown,Full-Time,23,52,68170.13,4.7,0,2.76,60.3,1,54,55,4.6,1.0,0.05,0,0,,,0,0
EMP-10975,2025-05-01,Operations,Data,L4,Chicago-North,Full-Time,29,75,115660.37,23.2,5,3.93,86.3,0,65,4,17.8,0.0,0.05,1,0,,,0,0
EMP-11625,2025-05-01,Operations,Finance,L3,Chicago-Downtown,Full-Time,27,119,71965.64,12.1,3,3.51,73.0,0,47,12,25.1,1.0,0.087,0,0,,,0,0
EMP-11696,2025-05-01,People,Operations,L4,Chicago-Downtown,Full-Time,39,20,129547.14,13.7,2,3.59,42.8,0,32,18,28.4,0.2,0.082,0,1,2025-07-17,Involuntary,0,1
EMP-10879,2025-05-01,Development,Finance,L1,Remote-US,Full-Time,38,106,45548.7,6.3,2,3.87,54.1,1,30,39,24.7,0.8,-0.052,0,0,,,0,0
EMP-12888,2025-05-01,Programs,HR,L1,Chicago-Downtown,Full-Time,36,157,32000.0,12.3,2,1.52,65.7,0,20,12,17.2,0.8,0.051,1,0,,,0,0
EMP-12110,2025-05-01,Development,Fundraising,L3,Remote-US,Full-Time,36,93,88897.66,5.6,3,3.68,80.9,0,22,50,12.5,0.8,0.041,0,0,,,0,0
EMP-11790,2025-05-01,Research,Program Delivery,L1,Chicago-Downtown,Part-Time,29,21,45358.18,15.5,5,3.04,69.2,2,32,7,8.1,0.2,0.014,1,0,,,0,0
EMP-12959,2025-05-01,Finance,Fundraising,L3,Chicago-North,Full-Time,27,39,71651.03,4.4,3,3.17,61.5,0,29,61,6.1,0.4,0.091,0,1,2025-05-29,Involuntary,1,1
EMP-12961,2025-05-01,Finance,Finance,L2,Chicago-South,Full-Time,43,17,68682.53,5.9,2,2.73,98.6,0,41,44,11.0,0.6,0.07,0,0,,,0,0
EMP-11844,2025-05-01,Operations,Operations,L1,Chicago-South,Full-Time,37,62,49378.81,4.3,2,3.68,39.9,2,30,11,34.9,0.0,0.018,0,0,,,0,0
EMP-12556,2025-05-01,Programs,Finance,L3,Chicago-Downtown,Full-Time,48,87,91937.89,13.0,4,4.02,89.0,0,11,62,22.6,0.0,0.011,1,0,,,0,0
EMP-12877,2025-05-01,People,Data,L1,Remote-US,Full-Time,46,55,43059.94,15.5,1,3.69,96.1,0,10,99,20.7,0.2,0.04,1,1,2025-05-13,Involuntary,1,1
EMP-10832,2025-05-01,Development,Operations,L1,Chicago-North,Full-Time,41,33,49980.22,23.5,1,3.82,68.2,0,30,21,10.6,0.4,0.033,1,0,,,0,0
EMP-12154,2025-05-01,Operations,Operations,L1,Remote-US,Part-Time,28,35,47950.72,9.5,2,3.35,54.1,1,34,19,23.7,0.2,0.029,0,0,,,0,0
EMP-12468,2025-05-01,Research,Operations,L4,Remote-US,Full-Time,38,25,99519.17,20.8,3,4.06,95.0,0,44,49,20.4,0.0,0.014,0,0,,,0,0
EMP-10829,2025-05-01,Programs,Data,L1,Chicago-North,Full-Time,50,65,38564.26,4.4,2,3.12,82.7,0,30,57,16.1,0.0,0.045,1,0,,,0,0
EMP-12480,2025-05-01,Development,Operations,L4,Remote-US,Full-Time,40,25,122907.71,9.1,1,2.73,74.3,0,20,40,9.1,1.0,0.019,0,0,,,0,0
EMP-10823,2025-05-01,People,Data,L4,Chicago-South,Full-Time,36,36,104735.71,9.5,3,3.96,58.8,1,21,26,18.6,0.6,0.015,1,0,,,0,0
EMP-11681,2025-05-01,Research,Finance,L2,Chicago-South,Full-Time,36,31,55972.42,11.2,2,3.78,88.2,0,13,70,5.3,0.4,0.083,0,1,2025-07-17,Voluntary,1,1
EMP-11794,2025-05-01,Programs,Data,L2,Chicago-North,Full-Time,24,43,76414.8,31.0,6,3.73,96.6,1,31,38,6.4,0.0,-0.044,1,0,,,0,0
EMP-12942,2025-05-01,People,Fundraising,L3,Chicago-North,Full-Time,38,180,86186.14,4.2,0,2.76,59.3,0,21,64,31.7,0.2,-0.031,0,0,,,0,0
EMP-12298,2025-05-01,Development,Fundraising,L3,Chicago-South,Part-Time,45,19,70405.23,5.5,0,4.15,60.0,0,30,53,3.4,1.0,0.103,0,0,,,0,0
EMP-10814,2025-05-01,Development,Operations,L1,Chicago-Downtown,Full-Time,40,35,47646.56,10.2,5,3.68,61.5,0,8,37,16.6,0.8,0.042,0,0,,,0,0
EMP-11738,2025-05-01,Finance,Program Delivery,L4,Remote-US,Full-Time,50,100,110653.89,14.2,2,2.85,54.3,0,59,0,10.6,0.6,0.006,0,0,,,0,0
EMP-12200,2025-05-01,Operations,Operations,L2,Remote-US,Full-Time,49,25,65566.89,18.8,2,3.96,67.6,1,39,30,34.6,0.0,0.095,0,0,,,0,0
EMP-12423,2025-05-01,Operations,Fundraising,L1,Remote-US,Full-Time,38,55,43249.15,5.4,0,4.21,63.1,0,42,57,14.7,1.0,0.027,1,0,,,0,0
EMP-12510,2025-05-01,People,Data,L1,Chicago-North,Full-Time,47,84,53151.95,1.1,3,3.79,89.2,2,25,61,10.0,0.0,0.017,1,0,,,0,0
EMP-10921,2025-05-01,People,Program Delivery,L2,Chicago-Downtown,Full-Time,47,117,85017.49,11.3,1,3.83,55.6,0,43,66,10.3,0.6,0.076,0,0,,,0,0
EMP-12216,2025-05-01,Programs,Finance,L2,Chicago-South,Part-Time,39,176,57015.25,5.8,7,3.97,94.3,0,34,90,9.9,1.0,0.07,1,0,,,0,0
EMP-10928,2025-05-01,People,Operations,L4,Chicago-South,Full-Time,35,70,99661.89,4.1,2,2.56,66.0,1,19,37,9.7,0.0,0.02,0,0,,,0,0
EMP-12515,2025-05-01,Programs,HR,L1,Chicago-Downtown,Full-Time,53,39,49126.09,2.1,3,2.91,52.1,0,24,33,13.8,0.2,0.038,0,0,,,0,0
EMP-12202,2025-05-01,Finance,Operations,L3,Chicago-South,Part-Time,28,22,87489.49,19.3,4,3.39,74.4,0,88,53,3.3,0.8,0.029,1,0,,,0,0
EMP-10807,2025-05-01,Finance,Data,L3,Remote-US,Full-Time,30,55,76807.84,5.2,1,3.48,77.5,1,15,56,33.2,0.2,-0.059,1,0,,,0,0
EMP-12174,2025-05-01,Development,Data,L3,Chicago-North,Full-Time,45,37,66911.96,14.6,6,5.0,68.6,1,15,28,17.0,0.4,0.078,1,0,,,0,0
EMP-12544,2025-05-01,People,HR,L2,Remote-US,Full-Time,28,38,53939.4,11.2,1,3.74,56.2,3,44,34,7.2,0.8,-0.032,1,0,,,0,0
EMP-12904,2025-05-01,Research,Fundraising,L1,Chicago-Downtown,Full-Time,56,56,64788.02,24.8,3,3.01,62.9,1,61,71,45.4,0.0,0.032,0,0,,,0,0
EMP-11827,2025-05-01,People,HR,L1,Chicago-Downtown,Full-Time,21,47,46357.1,8.9,3,2.51,79.4,0,40,44,3.3,0.8,0.091,2,0,,,0,0
EMP-12952,2025-05-01,Research,Fundraising,L2,Chicago-Downtown,Full-Time,37,140,69690.99,8.5,1,2.99,52.7,0,17,81,25.9,1.0,0.025,0,0,,,0,0
EMP-10904,2025-05-01,People,Program Delivery,L1,Chicago-Downtown,Full-Time,22,19,38753.18,5.3,2,3.56,54.2,0,20,52,10.1,0.8,0.071,2,0,,,0,0
EMP-12446,2025-05-01,Programs,Operations,L2,Chicago-Downtown,Full-Time,26,180,73401.06,11.6,1,2.83,82.0,0,58,4,10.2,0.6,0.072,0,0,,,0,0
EMP-11964,2025-05-01,Development,Program Delivery,L1,Chicago-North,Full-Time,21,28,51149.45,12.7,1,2.97,70.7,0,88,35,6.1,1.0,-0.006,0,0,,,0,0
EMP-11607,2025-05-01,Research,Finance,L1,Chicago-North,Full-Time,47,54,52430.07,1.0,1,2.35,86.8,1,35,55,1.0,0.8,0.024,1,0,,,0,0
EMP-12389,2025-05-01,People,Fundraising,L2,Chicago-Downtown,Full-Time,36,35,79871.91,16.2,1,3.17,63.8,0,61,26,8.8,1.0,0.039,0,0,,,0,0
EMP-11995,2025-05-01,Development,Data,L1,Chicago-South,Full-Time,30,69,49336.83,8.1,3,3.18,64.6,1,54,54,10.0,0.2,0.032,0,0,,,0,0
EMP-12644,2025-05-01,Research,HR,L2,Chicago-North,Full-Time,23,72,70284.95,2.4,0,2.83,78.7,0,97,37,4.9,1.0,0.025,1,0,,,0,0
EMP-11462,2025-05-01,Development,Data,L3,Chicago-Downtown,Full-Time,28,70,77098.38,13.0,5,3.9,72.9,0,10,51,7.7,0.4,0.009,0,0,,,0,0
EMP-12394,2025-05-01,Operations,HR,L2,Chicago-Downtown,Full-Time,33,62,70760.91,2.3,1,4.15,93.8,0,50,28,15.2,1.0,0.048,0,0,,,0,0
EMP-11997,2025-05-01,Finance,HR,L1,Chicago-Downtown,Full-Time,37,25,56390.91,3.9,4,2.65,72.2,1,8,47,18.9,0.0,0.028,0,0,,,0,0
EMP-12739,2025-05-01,Development,Program Delivery,L3,Chicago-Downtown,Full-Time,30,36,77755.74,5.2,5,2.69,79.0,0,43,48,10.3,0.6,0.005,0,0,,,0,0
EMP-11240,2025-05-01,People,HR,L2,Chicago-Downtown,Full-Time,40,11,56273.45,7.6,3,3.59,64.1,1,20,50,38.8,0.8,0.031,0,0,,,0,0
EMP-11471,2025-05-01,People,Program Delivery,L2,Remote-US,Full-Time,41,12,71027.25,11.7,3,3.12,69.9,1,25,14,0.7,0.2,0.029,0,0,,,0,0
EMP-12638,2025-05-01,Programs,Operations,L2,Remote-US,Full-Time,49,23,63919.14,21.9,3,3.47,67.3,0,6,32,16.2,0.8,0.01,1,0,,,0,0
EMP-12746,2025-05-01,Operations,Fundraising,L2,Chicago-South,Part-Time,38,39,70500.05,8.0,5,2.63,74.2,2,51,34,15.8,1.0,0.064,0,0,,,0,0
EMP-11913,2025-05-01,Operations,HR,L3,Chicago-Downtown,Full-Time,42,47,97865.57,11.7,1,4.14,78.3,0,51,4,6.4,0.2,0.027,1,0,,,0,0
EMP-11205,2025-05-01,Programs,Operations,L1,Chicago-South,Full-Time,31,22,60445.0,11.7,3,3.82,24.1,1,26,66,16.7,1.0,0.064,0,0,,,0,0
EMP-11473,2025-05-01,Development,Data,L1,Chicago-Downtown,Full-Time,32,12,34463.42,21.7,0,2.57,84.0,0,100,0,25.6,0.0,0.066,1,0,,,0,0
EMP-11201,2025-05-01,People,Fundraising,L2,Chicago-Downtown,Full-Time,42,72,64845.39,4.1,3,3.12,51.8,0,25,62,11.8,0.6,-0.002,0,0,,,0,0
EMP-12750,2025-05-01,Development,Program Delivery,L2,Chicago-South,Full-Time,41,42,78307.94,4.4,2,3.4,84.8,2,14,54,7.7,0.8,0.034,0,0,,,0,0
EMP-11221,2025-05-01,Operations,Fundraising,L3,Chicago-North,Full-Time,35,28,79883.95,18.4,4,2.49,77.8,0,38,4,17.6,1.0,-0.041,0,0,,,0,0
EMP-11906,2025-05-01,Research,Fundraising,L2,Chicago-Downtown,Full-Time,64,99,82455.43,0.2,4,2.99,70.4,0,62,47,4.3,0.0,0.074,0,0,,,0,0
EMP-11990,2025-05-01,Programs,Finance,L1,Chicago-Downtown,Full-Time,30,32,47576.12,20.4,7,2.8,80.9,1,14,48,16.9,1.0,0.095,1,0,,,0,0
EMP-12651,2025-05-01,Finance,Program Delivery,L3,Chicago-Downtown,Part-Time,39,95,75192.32,25.6,4,3.18,69.2,0,29,32,15.3,1.0,0.015,1,0,,,0,0
EMP-12691,2025-05-01,Finance,Data,L2,Chicago-North,Part-Time,43,126,60497.35,27.1,2,2.63,67.7,1,30,24,3.9,1.0,0.077,0,0,,,0,0
EMP-11951,2025-05-01,Research,Finance,L1,Remote-US,Part-Time,35,18,68210.66,8.6,1,3.39,59.9,0,42,54,43.3,0.0,0.002,0,0,,,0,0
EMP-12682,2025-05-01,Research,Finance,L1,Chicago-Downtown,Full-Time,43,48,37265.03,5.6,2,3.9,51.9,0,40,50,15.5,1.0,-0.065,0,0,,,0,0
EMP-12673,2025-05-01,Finance,Data,L3,Chicago-North,Full-Time,36,16,88621.35,17.9,3,3.74,41.7,2,37,10,25.5,0.0,0.055,0,1,2025-06-30,Voluntary,1,1
EMP-11971,2025-05-01,Programs,Data,L2,Chicago-North,Full-Time,44,63,49371.24,6.3,4,2.87,95.4,1,54,39,21.7,0.8,0.014,0,0,,,0,0
EMP-11312,2025-05-01,Operations,Finance,L4,Chicago-North,Full-Time,29,13,114191.75,21.3,3,3.46,90.1,0,8,53,3.2,1.0,-0.024,1,0,,,0,0
EMP-11310,2025-05-01,Operations,Finance,L2,Chicago-North,Full-Time,38,17,68922.52,2.3,2,3.9,61.3,1,9,13,6.7,0.4,0.034,0,0,,,0,0
EMP-11439,2025-05-01,Finance,Data,L1,Chicago-Downtown,Full-Time,38,14,43505.63,6.4,6,3.5,70.5,1,33,60,23.4,0.4,0.022,0,0,,,0,0
EMP-11947,2025-05-01,Finance,HR,L2,Chicago-North,Part-Time,46,39,66899.68,6.9,4,4.11,64.3,0,58,25,9.5,1.0,0.023,0,0,,,0,0
EMP-12711,2025-05-01,Finance,HR,L2,Remote-US,Full-Time,43,72,62705.09,13.5,6,4.56,60.3,0,71,30,19.9,0.6,-0.062,0,0,,,0,0
EMP-12371,2025-05-01,People,Finance,L2,Chicago-South,Full-Time,37,72,44747.92,10.1,2,2.59,86.0,0,5,11,28.1,0.6,0.023,0,0,,,0,0
EMP-11979,2025-05-01,Operations,Data,L1,Chicago-North,Full-Time,30,93,39358.63,5.6,2,2.01,60.4,1,86,21,6.9,0.6,0.001,1,0,,,0,0
EMP-11423,2025-05-01,Finance,HR,L2,Chicago-Downtown,Full-Time,20,28,62996.29,8.3,3,3.08,72.1,1,8,25,7.4,0.6,-0.005,3,0,,,0,0
EMP-11425,2025-05-01,Operations,Fundraising,L2,Remote-US,Full-Time,40,33,63935.94,7.8,3,3.51,71.8,0,34,34,24.8,0.6,-0.059,0,1,2025-06-06,Involuntary,0,1
EMP-12382,2025-05-01,Finance,Finance,L3,Chicago-Downtown,Full-Time,37,112,75433.89,7.2,4,2.86,65.8,1,30,44,6.9,1.0,0.039,0,0,,,0,0
EMP-11430,2025-05-01,Programs,Program Delivery,L4,Chicago-Downtown,Part-Time,33,4,91474.28,0.5,3,3.11,52.7,0,11,10,16.6,0.4,0.056,0,0,,,0,0
EMP-11378,2025-05-01,Operations,Operations,L2,Chicago-North,Full-Time,48,59,76350.62,6.3,0,1.91,89.8,0,3,31,23.1,0.6,0.036,2,0,,,0,0
EMP-11187,2025-05-01,Programs,HR,L1,Chicago-North,Part-Time,56,39,50697.36,2.7,4,3.09,82.9,1,17,45,19.0,0.4,0.075,0,0,,,0,0
EMP-12636,2025-05-01,Development,HR,L1,Remote-US,Full-Time,21,52,53043.71,8.6,0,3.38,67.2,0,36,42,5.5,1.0,0.025,0,0,,,0,0
EMP-11484,2025-05-01,People,Fundraising,L3,Chicago-Downtown,Full-Time,49,14,67256.49,16.2,2,3.27,70.6,0,68,0,21.6,1.0,0.068,0,0,,,0,0
EMP-11589,2025-05-01,Finance,Finance,L2,Chicago-Downtown,Full-Time,44,23,58915.79,5.2,2,3.43,100.0,0,5,27,4.3,0.8,0.008,0,0,,,0,0
EMP-11590,2025-05-01,People,Finance,L1,Chicago-Downtown,Full-Time,24,38,37447.89,6.1,2,2.93,77.4,0,38,34,9.4,0.4,0.051,0,0,,,0,0
EMP-11963,2025-05-01,Operations,HR,L1,Chicago-South,Full-Time,29,22,32000.0,12.8,1,2.1,66.7,0,5,47,1.2,0.6,0.072,0,0,,,0,0
EMP-12080,2025-05-01,Programs,Fundraising,L2,Chicago-Downtown,Full-Time,38,45,58536.23,5.0,6,4.29,75.1,0,41,37,10.3,1.0,0.044,0,0,,,0,0
EMP-11083,2025-05-01,People,HR,L2,Remote-US,Full-Time,38,39,66226.76,1.2,0,3.6,35.4,0,24,19,53.2,0.8,0.028,0,0,,,0,0
EMP-11080,2025-05-01,Development,Operations,L1,Remote-US,Full-Time,36,7,58543.1,16.8,1,4.07,84.1,1,21,19,3.3,0.4,0.045,0,0,,,0,0
EMP-11597,2025-05-01,Operations,Program Delivery,L2,Chicago-South,Full-Time,39,1,51554.08,4.5,2,4.14,99.2,0,29,20,4.9,0.0,-0.048,0,0,,,0,0
EMP-12584,2025-05-01,Development,Operations,L3,Remote-US,Full-Time,43,51,82232.12,18.1,3,2.31,78.8,1,0,39,12.3,0.8,0.072,0,0,,,0,0
EMP-12085,2025-05-01,Operations,Data,L4,Chicago-Downtown,Full-Time,28,42,110615.83,13.1,4,3.94,60.7,0,78,42,11.2,0.2,-0.025,1,0,,,0,0
EMP-11046,2025-05-01,Operations,HR,L2,Chicago-North,Full-Time,28,15,67701.89,14.2,3,3.56,84.9,1,83,25,8.1,0.6,0.01,0,0,,,0,0
EMP-11042,2025-05-01,Research,HR,L3,Chicago-North,Full-Time,37,27,82908.32,7.5,2,3.03,50.0,0,34,21,9.0,0.6,0.069,0,0,,,0,0
EMP-11035,2025-05-01,Programs,HR,L2,Chicago-South,Full-Time,42,112,51191.89,5.7,3,2.91,75.2,0,37,16,26.4,0.2,-0.059,0,0,,,0,0
EMP-11033,2025-05-01,Development,Program Delivery,L1,Chicago-Downtown,Part-Time,37,96,54957.4,2.8,2,4.83,86.4,2,75,16,19.4,0.0,0.032,1,0,,,0,0
EMP-11027,2025-05-01,Programs,Data,L3,Chicago-South,Full-Time,34,24,76156.9,15.5,2,2.96,45.2,0,37,70,25.6,0.2,0.094,0,0,,,0,0
EMP-11604,2025-05-01,Programs,Finance,L2,Remote-US,Full-Time,28,36,62227.62,13.3,3,3.85,78.5,0,67,20,16.7,0.4,0.05,0,1,2025-06-01,Involuntary,1,1
EMP-12857,2025-05-01,Finance,Fundraising,L1,Chicago-Downtown,Full-Time,37,9,40790.52,1.1,6,3.96,62.4,0,25,46,7.8,0.0,-0.034,0,0,,,0,0
EMP-12416,2025-05-01,People,Operations,L1,Chicago-North,Full-Time,45,70,43038.77,14.8,1,3.72,70.2,3,28,61,3.8,0.8,0.05,0,0,,,0,0
EMP-11568,2025-05-01,Programs,Finance,L3,Chicago-North,Full-Time,31,72,93615.42,4.5,3,3.65,84.2,0,51,30,2.9,0.2,0.017,1,0,,,0,0
EMP-11873,2025-05-01,Research,Data,L1,Chicago-Downtown,Full-Time,41,29,57469.22,7.5,4,3.49,62.4,0,27,61,4.3,0.0,0.004,0,1,2025-05-12,Voluntary,1,1
EMP-11103,2025-05-01,Research,Fundraising,L4,Chicago-Downtown,Part-Time,21,3,96019.05,10.8,2,2.38,70.8,1,46,0,14.9,0.2,0.121,0,0,,,0,0
EMP-11492,2025-05-01,Programs,Program Delivery,L1,Chicago-South,Full-Time,25,39,50096.78,10.8,3,2.84,70.9,0,49,40,7.0,0.0,0.02,1,0,,,0,0
EMP-11498,2025-05-01,Finance,Operations,L1,Chicago-Downtown,Full-Time,41,96,37007.54,13.9,3,2.16,51.8,0,19,9,13.2,0.0,0.061,0,0,,,0,0
EMP-11174,2025-05-01,Research,HR,L3,Chicago-South,Part-Time,54,25,83245.81,14.9,1,3.43,100.0,0,35,31,14.1,0.2,-0.02,0,0,,,0,0
EMP-11172,2025-05-01,Research,Data,L3,Chicago-South,Part-Time,36,58,85670.37,24.0,2,3.33,46.2,0,28,29,16.9,0.0,0.058,0,0,,,0,0
EMP-12787,2025-05-01,Operations,Data,L4,Chicago-Downtown,Full-Time,43,35,107141.7,25.5,2,3.94,64.2,1,34,23,21.0,0.6,0.088,0,1,2025-07-07,Voluntary,0,1
EMP-11533,2025-05-01,Programs,Data,L1,Chicago-Downtown,Full-Time,41,50,46837.19,13.9,0,3.67,66.1,0,66,32,21.5,0.2,0.005,0,0,,,0,0
EMP-11878,2025-05-01,Operations,Fundraising,L4,Chicago-North,Full-Time,40,43,115423.75,12.4,4,2.88,62.3,0,17,26,12.5,0.4,-0.061,1,0,,,0,0
EMP-11136,2025-05-01,People,Finance,L3,Remote-US,Full-Time,35,44,83825.36,10.4,1,2.42,50.6,0,56,43,10.2,0.0,-0.056,1,0,,,0,0
EMP-11135,2025-05-01,People,Fundraising,L4,Chicago-Downtown,Part-Time,22,45,91931.97,12.0,4,3.92,81.3,1,22,53,20.5,0.8,0.04,1,0,,,0,0
EMP-11126,2025-05-01,Finance,Data,L3,Chicago-South,Full-Time,49,27,71337.01,8.0,3,4.21,68.7,2,24,11,16.0,0.2,0.028,0,0,,,0,0
EMP-11122,2025-05-01,Programs,Finance,L2,Chicago-Downtown,Full-Time,47,34,65139.16,15.4,0,3.35,85.4,0,73,68,6.7,0.0,0.083,0,0,,,0,0
EMP-11117,2025-05-01,Programs,Fundraising,L3,Chicago-Downtown,Part-Time,46,10,81673.81,11.7,3,3.09,79.3,0,30,41,4.5,0.8,0.033,0,0,,,0,0
EMP-11110,2025-05-01,Programs,Operations,L4,Remote-US,Full-Time,34,93,101258.84,28.6,3,4.48,52.8,0,82,34,1.9,0.8,0.074,0,1,2025-06-16,Involuntary,0,1
EMP-11560,2025-05-01,Research,HR,L1,Remote-US,Full-Time,33,57,47051.64,6.9,1,2.46,69.2,0,11,55,7.8,0.6,0.008,0,0,,,0,0
EMP-11105,2025-05-01,People,Finance,L2,Chicago-Downtown,Full-Time,36,76,79364.53,4.3,5,3.41,56.7,1,34,44,5.3,0.6,0.14,2,0,,,0,0
EMP-12060,2025-05-01,Finance,Operations,L3,Chicago-North,Full-Time,35,55,86181.81,15.7,1,3.55,82.4,0,47,2,13.0,0.4,0.005,2,0,,,0,0
EMP-12062,2025-05-01,People,Fundraising,L2,Remote-US,Full-Time,49,23,54234.49,6.7,3,2.69,68.0,0,29,38,32.4,0.0,0.044,1,0,,,0,0
EMP-11616,2025-05-01,People,Finance,L1,Chicago-South,Full-Time,46,51,48046.37,15.1,0,4.38,80.7,0,13,44,11.3,0.0,0.078,0,0,,,0,0
EMP-11272,2025-05-01,Operations,HR,L2,Chicago-Downtown,Full-Time,20,33,55208.66,15.8,2,3.3,54.0,1,79,67,3.0,1.0,0.005,0,0,,,0,0
EMP-11500,2025-05-01,People,Operations,L2,Remote-US,Part-Time,46,4,64319.8,5.6,2,3.68,69.5,1,111,68,1.9,0.8,0.073,0,0,,,0,0
EMP-10603,2025-05-01,Operations,HR,L2,Chicago-North,Full-Time,44,52,72002.2,32.4,2,3.29,56.7,0,69,33,14.2,0.8,0.017,0,0,,,0,0
EMP-10024,2025-05-01,Programs,Fundraising,L2,Remote-US,Full-Time,26,2,85943.95,6.0,1,3.18,56.4,0,48,51,41.8,0.4,0.029,0,0,,,0,0
EMP-10541,2025-05-01,Finance,Fundraising,L1,Chicago-North,Full-Time,43,44,49980.07,4.2,1,2.73,71.9,0,64,53,6.6,0.8,0.048,0,0,,,0,0
EMP-10568,2025-05-01,Programs,Operations,L1,Chicago-North,Full-Time,37,39,48617.89,2.2,5,4.05,86.7,0,35,43,17.4,0.6,0.003,0,0,,,0,0
EMP-10027,2025-05-01,People,Finance,L1,Chicago-Downtown,Full-Time,45,18,53026.94,7.0,0,3.76,57.5,0,29,6,19.0,1.0,0.031,0,0,,,0,0
EMP-10581,2025-05-01,Research,Data,L3,Chicago-South,Full-Time,41,112,89067.62,12.6,3,2.51,89.7,0,55,56,7.6,0.0,0.023,0,0,,,0,0
EMP-10567,2025-05-01,Programs,Finance,L3,Chicago-South,Part-Time,20,89,78505.91,7.6,1,2.67,67.8,1,30,47,17.4,0.2,-0.003,0,0,,,0,0
EMP-10187,2025-05-01,Programs,Program Delivery,L3,Chicago-South,Full-Time,29,83,72609.85,5.9,3,4.06,83.5,0,33,8,19.4,1.0,-0.01,0,0,,,0,0
EMP-10706,2025-05-01,Programs,Finance,L2,Chicago-Downtown,Full-Time,42,12,63079.48,9.2,2,3.71,75.0,0,70,24,2.1,0.8,0.031,1,0,,,0,0
EMP-10315,2025-05-01,Programs,Finance,L2,Chicago-North,Full-Time,36,47,49966.49,3.0,2,3.09,55.6,0,27,56,1.5,1.0,0.039,2,0,,,0,0
EMP-10328,2025-05-01,Development,HR,L2,Chicago-Downtown,Full-Time,40,30,81426.66,8.2,1,2.97,92.2,0,6,35,4.6,1.0,0.016,0,0,,,0,0
EMP-10768,2025-05-01,Operations,Operations,L1,Chicago-North,Full-Time,39,113,58518.7,2.9,2,1.64,74.6,1,13,38,17.9,1.0,0.079,0,0,,,0,0
EMP-10566,2025-05-01,Programs,Fundraising,L2,Chicago-North,Full-Time,30,9,67313.88,7.4,2,2.54,70.7,1,52,0,15.8,1.0,0.009,0,0,,,0,0
EMP-10771,2025-05-01,Finance,HR,L4,Chicago-South,Full-Time,42,29,100366.35,13.3,1,4.73,89.1,0,7,25,17.3,0.8,0.0,0,0,,,0,0
EMP-10565,2025-05-01,Programs,Finance,L2,Chicago-North,Full-Time,51,40,73384.26,19.4,2,1.96,79.9,0,80,27,6.2,0.6,0.038,1,0,,,0,0
EMP-10146,2025-05-01,Programs,Finance,L1,Remote-US,Full-Time,26,64,55995.22,14.5,1,2.61,82.6,2,39,47,12.3,0.8,0.023,0,0,,,0,0
EMP-10190,2025-05-01,Programs,HR,L1,Chicago-Downtown,Full-Time,27,17,62455.79,17.0,0,2.77,84.5,2,30,38,20.4,0.4,0.067,0,0,,,0,0
EMP-10563,2025-05-01,Programs,Data,L4,Chicago-Downtown,Part-Time,20,24,122607.49,20.6,1,3.31,93.9,0,35,45,18.3,0.6,0.09,0,0,,,0,0
EMP-10764,2025-05-01,Development,Finance,L1,Chicago-North,Full-Time,29,35,46013.3,6.6,5,2.88,82.7,0,4,32,7.1,0.0,0.098,0,0,,,0,0
EMP-10046,2025-05-01,People,Program Delivery,L1,Chicago-South,Full-Time,34,23,35597.92,1.3,1,3.27,90.1,0,56,48,19.6,0.6,0.058,0,0,,,0,0
EMP-10236,2025-05-01,People,HR,L2,Remote-US,Full-Time,47,41,55405.3,13.0,3,3.72,72.1,0,18,26,32.1,1.0,0.064,0,0,,,0,0
EMP-10135,2025-05-01,Finance,Fundraising,L3,Remote-US,Full-Time,54,42,93042.47,13.1,5,4.17,75.3,1,90,25,9.4,0.6,0.019,1,0,,,0,0
EMP-10131,2025-05-01,Finance,Program Delivery,L1,Remote-US,Full-Time,33,9,62113.86,11.1,4,3.53,78.6,1,27,21,13.3,1.0,0.051,0,0,,,0,0
EMP-10370,2025-05-01,Operations,Fundraising,L3,Chicago-South,Full-Time,31,65,96580.96,7.9,1,3.41,84.6,0,28,39,30.6,0.2,0.066,0,0,,,0,0
EMP-10323,2025-05-01,People,Program Delivery,L2,Chicago-North,Full-Time,48,42,83605.51,11.1,4,2.53,81.3,0,62,35,9.5,0.0,0.095,0,0,,,0,0
EMP-10126,2025-05-01,Operations,HR,L1,Chicago-Downtown,Full-Time,31,9,38336.68,1.4,2,2.71,68.4,3,20,7,3.6,0.8,0.02,1,0,,,0,0
EMP-10324,2025-05-01,Finance,Data,L1,Remote-US,Full-Time,20,99,47730.35,0.7,3,2.99,72.8,0,27,66,12.1,0.0,0.091,0,1,2025-05-22,Involuntary,1,1
EMP-10294,2025-05-01,Operations,HR,L2,Chicago-South,Full-Time,51,26,71083.55,4.5,5,3.64,82.4,0,31,49,12.1,0.2,-0.022,0,0,,,0,0
EMP-10508,2025-05-01,Finance,Data,L2,Chicago-South,Part-Time,31,142,66081.6,17.3,5,3.57,80.7,3,73,37,4.6,0.0,0.078,1,0,,,0,0
EMP-10102,2025-05-01,People,Data,L3,Chicago-Downtown,Full-Time,34,67,78457.26,1.6,3,3.79,84.2,3,23,1,35.8,0.4,0.074,0,0,,,0,0
EMP-10194,2025-05-01,Finance,Operations,L2,Remote-US,Full-Time,26,30,66417.77,14.1,2,2.79,88.8,0,50,0,28.7,0.0,0.05,1,0,,,0,0
EMP-10016,2025-05-01,Operations,Program Delivery,L4,Remote-US,Full-Time,47,39,107117.24,20.5,2,2.72,67.0,2,44,47,10.5,0.0,0.011,0,0,,,0,0
EMP-10160,2025-05-01,Development,Finance,L2,Chicago-North,Full-Time,36,56,57064.52,24.5,2,2.91,72.1,1,110,0,14.9,1.0,0.05,0,1,2025-07-02,Involuntary,1,1
EMP-10625,2025-05-01,Development,Program Delivery,L3,Chicago-South,Full-Time,39,56,80828.81,21.3,1,2.82,63.6,0,5,52,5.7,0.0,0.013,0,0,,,0,0
EMP-10785,2025-05-01,Operations,HR,L1,Remote-US,Full-Time,40,68,50010.48,3.2,3,3.97,63.1,0,48,47,10.9,0.0,-0.019,1,0,,,0,0
EMP-10340,2025-05-01,Programs,Finance,L3,Chicago-South,Full-Time,50,21,87107.02,4.9,3,3.31,45.9,1,89,16,14.1,0.6,0.107,0,1,2025-06-03,Involuntary,1,1
EMP-10690,2025-05-01,Operations,Finance,L3,Chicago-North,Full-Time,29,23,83285.74,8.1,1,4.22,61.4,0,61,69,16.6,0.6,0.057,0,0,,,0,0
EMP-10303,2025-05-01,People,Data,L2,Chicago-South,Full-Time,29,36,79527.81,9.9,1,3.22,55.0,0,15,42,18.0,0.8,0.013,0,0,,,0,0
EMP-10173,2025-05-01,People,Finance,L2,Remote-US,Full-Time,30,105,70928.31,8.2,3,3.15,58.8,0,45,40,10.9,0.0,0.01,0,0,,,0,0
EMP-10575,2025-05-01,Finance,Program Delivery,L1,Remote-US,Full-Time,44,55,55839.55,40.3,4,2.84,88.7,0,8,21,3.6,1.0,0.035,0,0,,,0,0
EMP-10776,2025-05-01,Finance,Operations,L1,Chicago-Downtown,Full-Time,29,38,45034.65,18.5,1,3.15,74.7,0,51,3,7.7,0.8,0.067,0,0,,,0,0
EMP-10268,2025-05-01,Development,Fundraising,L1,Chicago-Downtown,Full-Time,37,29,34687.81,1.8,3,3.72,71.1,0,30,40,3.6,0.6,0.072,1,0,,,0,0
EMP-10604,2025-05-01,Research,Operations,L1,Chicago-North,Full-Time,32,8,46771.68,8.2,3,2.85,84.0,0,33,30,19.7,0.0,-0.069,0,0,,,0,0
EMP-10507,2025-05-01,Operations,Program Delivery,L3,Remote-US,Part-Time,36,36,88656.3,1.5,2,4.08,85.7,1,45,29,2.1,0.8,-0.033,1,0,,,0,0
EMP-10624,2025-05-01,Operations,Operations,L2,Chicago-Downtown,Full-Time,34,58,52352.94,0.5,3,3.09,78.9,1,8,21,41.6,0.2,0.07,0,0,,,0,0
EMP-10699,2025-05-01,Operations,Finance,L1,Remote-US,Full-Time,35,60,47302.71,5.2,1,2.44,58.8,0,74,47,11.6,1.0,0.09,0,0,,,0,0
EMP-12754,2025-06-01,Programs,Finance,L1,Remote-US,Full-Time,20,72,57206.08,7.3,0,2.86,59.0,2,40,58,5.1,0.0,0.038,0,0,,,0,0
EMP-11313,2025-06-01,Programs,Fundraising,L2,Chicago-North,Full-Time,38,22,67892.48,23.7,1,3.3,69.0,0,36,36,5.9,0.0,0.036,0,0,,,0,0
EMP-10372,2025-06-01,Operations,Program Delivery,L2,Chicago-Downtown,Part-Time,32,8,46452.65,4.3,3,3.95,72.3,1,18,44,5.8,0.0,-0.02,0,0,,,0,0
EMP-12011,2025-06-01,Programs,Operations,L2,Chicago-Downtown,Full-Time,20,41,67502.28,0.8,2,2.36,70.1,0,4,38,15.5,0.6,-0.025,0,0,,,0,0
EMP-10557,2025-06-01,Operations,Operations,L1,Remote-US,Full-Time,41,39,38226.19,6.1,1,2.0,63.4,2,120,40,21.3,0.2,0.036,0,0,,,0,0
EMP-10554,2025-06-01,Research,Finance,L2,Chicago-South,Full-Time,30,46,52100.09,3.7,1,3.75,58.1,0,23,34,24.0,0.0,0.012,0,1,2025-06-27,Involuntary,1,1
EMP-12420,2025-06-01,Research,Program Delivery,L4,Chicago-Downtown,Full-Time,41,26,96655.06,10.2,0,3.87,69.7,0,40,14,8.7,0.6,-0.014,0,0,,,0,0
EMP-12429,2025-06-01,Programs,Fundraising,L2,Remote-US,Full-Time,44,2,53585.65,16.6,4,2.86,97.2,1,50,72,7.8,0.0,0.036,0,0,,,0,0
EMP-10553,2025-06-01,Programs,Fundraising,L1,Remote-US,Full-Time,31,50,59950.06,24.8,2,4.31,47.7,1,52,73,33.5,0.4,0.005,0,0,,,0,0
EMP-12368,2025-06-01,Programs,Fundraising,L3,Chicago-North,Full-Time,29,72,79752.92,15.5,1,2.97,55.8,0,85,52,12.0,0.2,0.071,1,0,,,0,0
EMP-11185,2025-06-01,Programs,Data,L2,Chicago-Downtown,Full-Time,36,57,49858.37,15.3,2,3.38,74.5,1,16,11,9.4,1.0,0.033,1,0,,,0,0
EMP-10204,2025-06-01,Research,Operations,L2,Chicago-South,Full-Time,26,19,70980.21,3.5,2,3.82,83.1,0,20,23,9.5,0.0,0.013,1,0,,,0,0
EMP-12752,2025-06-01,Finance,Finance,L2,Chicago-South,Full-Time,35,121,56641.27,11.6,3,3.66,80.4,0,59,36,1.3,0.2,0.013,0,0,,,0,0
EMP-12665,2025-06-01,Research,Finance,L3,Chicago-Downtown,Full-Time,31,46,78293.69,18.8,1,4.67,92.3,0,27,26,7.4,0.8,0.038,0,0,,,0,0
EMP-10119,2025-06-01,Development,Finance,L3,Chicago-South,Full-Time,46,32,85860.69,6.3,1,2.94,72.6,0,54,58,16.4,0.6,0.124,0,0,,,0,0
EMP-10955,2025-06-01,People,Fundraising,L2,Chicago-Downtown,Full-Time,48,17,45716.96,11.1,1,2.75,78.2,1,87,21,4.1,0.0,0.067,1,0,,,0,0
EMP-10549,2025-06-01,People,Fundraising,L2,Chicago-North,Full-Time,42,46,67517.01,4.8,5,2.93,51.2,0,27,23,7.1,0.6,0.035,1,0,,,0,0
EMP-11171,2025-06-01,People,HR,L1,Chicago-Downtown,Full-Time,43,20,41068.64,6.4,1,3.66,65.5,0,20,39,8.9,1.0,-0.018,0,0,,,0,0
EMP-10212,2025-06-01,Operations,Operations,L1,Chicago-North,Full-Time,27,123,45578.77,21.5,3,2.1,68.1,0,50,18,13.8,0.4,0.042,1,0,,,0,0
EMP-12721,2025-06-01,Programs,Data,L3,Chicago-Downtown,Full-Time,44,40,98343.47,28.7,2,3.22,87.4,0,50,0,28.0,0.4,0.074,2,0,,,0,0
EMP-12102,2025-06-01,Programs,Finance,L1,Chicago-North,Full-Time,41,66,51169.36,8.2,2,3.29,80.0,0,29,15,31.5,0.0,0.071,0,0,,,0,0
EMP-11861,2025-06-01,People,Fundraising,L2,Chicago-South,Full-Time,34,15,69076.35,12.5,3,3.08,72.5,0,30,21,4.6,0.0,-0.015,0,0,,,0,0
EMP-10968,2025-06-01,People,Data,L2,Chicago-South,Full-Time,45,59,71887.58,8.9,5,2.62,62.4,0,49,19,14.8,0.0,0.037,1,0,,,0,0
EMP-10969,2025-06-01,Programs,HR,L3,Chicago-Downtown,Part-Time,34,8,85076.24,8.7,2,4.41,68.5,1,48,27,5.3,0.6,0.068,0,1,2025-08-13,Voluntary,1,1
EMP-11496,2025-06-01,People,Operations,L1,Remote-US,Full-Time,37,33,49951.52,13.9,1,3.82,95.9,1,29,11,10.3,0.2,0.01,1,0,,,0,0
EMP-12657,2025-06-01,People,Data,L2,Chicago-South,Full-Time,43,16,59902.52,4.2,0,3.78,65.2,0,30,50,10.1,0.0,0.074,0,0,,,0,0
EMP-12384,2025-06-01,Finance,Finance,L1,Chicago-North,Full-Time,47,119,52918.59,1.9,4,3.89,83.4,0,29,82,20.5,0.2,-0.043,1,0,,,0,0
EMP-11475,2025-06-01,Development,Finance,L1,Chicago-South,Full-Time,23,84,54158.04,11.8,5,3.7,62.6,1,23,45,10.5,0.6,0.087,1,0,,,0,0
EMP-10306,2025-06-01,Development,Operations,L2,Remote-US,Full-Time,38,9,62588.14,9.2,2,3.08,81.3,0,46,50,25.2,1.0,0.022,0,0,,,0,0
EMP-12131,2025-06-01,Programs,Data,L1,Remote-US,Full-Time,40,44,57290.69,6.8,2,4.44,41.1,1,20,33,10.1,1.0,0.078,0,0,,,0,0
EMP-10209,2025-06-01,Operations,Operations,L1,Chicago-Downtown,Part-Time,49,68,47035.1,7.7,0,4.95,74.7,0,8,62,15.7,1.0,-0.036,0,0,,,0,0
EMP-10085,2025-06-01,Research,Data,L1,Chicago-Downtown,Full-Time,20,90,57944.46,10.3,4,3.59,88.0,1,69,89,6.1,0.0,0.015,1,0,,,0,0
EMP-11869,2025-06-01,Finance,Operations,L3,Chicago-Downtown,Full-Time,41,92,69414.65,8.6,4,3.61,74.5,1,28,50,4.6,1.0,0.022,0,0,,,0,0
EMP-11338,2025-06-01,Finance,Finance,L3,Chicago-North,Full-Time,41,13,88212.21,22.3,3,2.65,65.9,2,93,15,6.8,1.0,-0.031,0,0,,,0,0
EMP-10395,2025-06-01,Development,Finance,L4,Remote-US,Full-Time,20,25,100892.14,5.7,1,2.99,54.1,2,37,57,11.0,0.0,0.02,0,0,,,0,0
EMP-12132,2025-06-01,Finance,Operations,L2,Chicago-South,Full-Time,49,17,66365.47,1.7,0,3.04,24.0,0,47,61,20.4,0.0,0.07,0,0,,,0,0
EMP-10948,2025-06-01,People,Fundraising,L2,Remote-US,Full-Time,44,113,64203.86,28.4,1,3.98,88.7,0,35,66,8.8,0.4,0.043,0,0,,,0,0
EMP-12081,2025-06-01,Programs,Finance,L4,Chicago-Downtown,Full-Time,33,27,110631.83,5.7,5,3.62,99.5,0,15,12,13.5,0.0,-0.007,0,0,,,0,0
EMP-10652,2025-06-01,Research,Operations,L2,Chicago-Downtown,Full-Time,41,48,85373.75,6.7,0,3.63,72.6,1,63,56,13.4,0.0,0.062,0,0,,,0,0
EMP-10602,2025-06-01,Operations,Finance,L3,Chicago-North,Full-Time,32,43,79300.42,4.6,0,3.18,67.0,0,36,46,24.4,0.0,0.05,0,0,,,0,0
EMP-11345,2025-06-01,Operations,Program Delivery,L2,Chicago-South,Full-Time,40,63,76227.07,6.1,2,3.66,76.0,0,20,67,13.3,0.0,0.068,1,1,2025-08-13,Voluntary,1,1
EMP-12059,2025-06-01,Programs,HR,L3,Chicago-South,Part-Time,44,25,75916.93,15.3,5,4.33,79.9,0,6,75,15.0,0.0,0.008,1,0,,,0,0
EMP-10122,2025-06-01,Programs,HR,L1,Chicago-Downtown,Full-Time,20,22,63692.6,14.3,1,3.96,53.0,0,25,33,14.4,1.0,0.012,1,0,,,0,0
EMP-12047,2025-06-01,Operations,HR,L3,Chicago-North,Full-Time,28,39,81463.65,5.0,1,2.45,65.9,1,44,73,9.2,1.0,-0.001,0,0,,,0,0
EMP-11424,2025-06-01,Operations,Operations,L1,Chicago-Downtown,Full-Time,40,33,48772.02,0.3,1,3.46,72.1,0,6,63,11.7,0.0,-0.032,0,0,,,0,0
EMP-12585,2025-06-01,Operations,Program Delivery,L2,Chicago-South,Part-Time,38,81,75030.7,20.5,1,2.95,60.7,2,41,45,7.1,0.0,0.074,0,0,,,0,0
EMP-10700,2025-06-01,Operations,HR,L1,Remote-US,Part-Time,22,144,52109.33,5.9,3,3.8,85.8,0,44,47,1.5,0.0,0.044,1,0,,,0,0
EMP-10154,2025-06-01,People,Program Delivery,L1,Chicago-Downtown,Part-Time,45,22,47358.16,3.2,2,3.5,70.0,1,41,66,1.7,0.8,0.03,1,0,,,0,0
EMP-12036,2025-06-01,Finance,HR,L2,Chicago-North,Part-Time,31,21,68055.52,4.3,3,2.1,73.9,0,11,13,14.0,0.6,0.026,0,0,,,0,0
EMP-11060,2025-06-01,Programs,Fundraising,L4,Remote-US,Part-Time,28,23,103140.07,16.4,1,3.63,73.8,0,80,52,6.1,1.0,0.063,0,0,,,0,0
EMP-11387,2025-06-01,Programs,Fundraising,L3,Chicago-Downtown,Part-Time,32,33,81375.77,8.8,3,2.86,54.0,2,49,3,13.5,0.6,0.003,0,1,2025-07-15,Voluntary,1,1
EMP-12496,2025-06-01,Operations,Operations,L1,Chicago-Downtown,Full-Time,46,11,48986.1,1.6,3,3.48,58.3,0,33,71,10.0,0.8,0.077,0,0,,,0,0
EMP-10683,2025-06-01,Programs,Finance,L1,Chicago-North,Full-Time,44,143,37018.08,14.6,1,2.7,76.5,0,54,0,15.5,0.8,0.051,1,0,,,0,0
EMP-12568,2025-06-01,Programs,HR,L4,Chicago-North,Full-Time,49,27,107332.61,10.2,4,3.22,80.7,0,19,49,0.9,0.4,0.042,0,0,,,0,0
EMP-12030,2025-06-01,Programs,Operations,L1,Chicago-Downtown,Full-Time,23,152,56523.68,9.8,0,2.54,62.7,0,42,30,19.4,0.6,0.124,0,0,,,0,0
EMP-12561,2025-06-01,Finance,Finance,L2,Remote-US,Full-Time,27,155,54863.88,3.9,0,3.08,61.1,0,17,44,15.7,0.4,0.04,1,0,,,0,0
EMP-11071,2025-06-01,Research,Operations,L2,Chicago-North,Full-Time,29,10,44686.63,3.0,0,3.39,62.3,0,21,15,24.5,0.2,-0.014,0,0,,,0,0
EMP-11994,2025-06-01,Programs,HR,L2,Chicago-North,Full-Time,28,34,68991.17,11.3,1,2.3,59.6,0,19,36,5.9,0.0,0.05,1,0,,,0,0
EMP-12560,2025-06-01,Development,HR,L1,Chicago-Downtown,Full-Time,28,19,44472.38,31.5,2,3.17,71.5,0,49,54,5.1,0.8,0.088,1,1,2025-06-26,Voluntary,1,1
EMP-11076,2025-06-01,Programs,Finance,L3,Chicago-North,Full-Time,26,23,74825.31,24.8,6,3.27,76.9,0,28,24,24.4,0.4,0.029,0,0,,,0,0
EMP-10162,2025-06-01,Programs,Finance,L3,Remote-US,Full-Time,40,35,82800.42,2.0,3,4.57,76.9,0,26,0,22.8,0.2,0.03,0,0,,,0,0
EMP-11410,2025-06-01,Operations,Fundraising,L1,Chicago-Downtown,Full-Time,29,20,57157.49,19.5,2,2.85,62.7,0,18,0,13.9,0.0,0.009,0,0,,,0,0
EMP-10341,2025-06-01,Operations,Finance,L1,Chicago-North,Full-Time,46,11,35190.67,19.7,3,2.7,68.7,2,14,46,12.8,0.2,0.054,0,0,,,0,0
EMP-10574,2025-06-01,Operations,Operations,L1,Chicago-South,Part-Time,20,43,39312.39,9.3,1,3.19,82.3,0,5,27,7.5,1.0,-0.009,0,0,,,0,0
EMP-12531,2025-06-01,Programs,Finance,L4,Remote-US,Full-Time,42,21,115861.89,21.7,7,3.84,86.8,1,28,36,2.5,1.0,0.036,0,0,,,0,0
EMP-12518,2025-06-01,Development,Data,L2,Chicago-North,Full-Time,35,63,76455.73,13.3,4,3.83,92.8,1,21,14,35.3,1.0,0.03,0,0,,,0,0
EMP-12591,2025-06-01,People,HR,L2,Chicago-South,Full-Time,35,9,79097.26,3.9,3,4.05,89.7,0,42,56,11.8,0.4,0.023,1,0,,,0,0
EMP-12063,2025-06-01,Research,Operations,L3,Chicago-South,Full-Time,32,71,79777.85,4.8,2,2.78,53.1,0,36,43,6.2,0.4,0.031,0,0,,,0,0
EMP-10183,2025-06-01,Finance,Finance,L1,Chicago-South,Full-Time,35,21,51212.18,3.1,4,3.08,83.6,0,68,44,31.1,0.4,-0.001,0,0,,,0,0
EMP-12471,2025-06-01,Programs,Data,L3,Chicago-Downtown,Full-Time,35,7,101120.32,6.8,3,3.57,47.9,0,23,44,8.6,0.0,-0.005,0,0,,,0,0
EMP-11948,2025-06-01,People,Data,L3,Chicago-South,Part-Time,25,80,64097.79,1.7,2,3.62,93.4,0,42,7,16.5,0.0,0.103,0,0,,,0,0
EMP-12452,2025-06-01,Programs,HR,L1,Chicago-North,Full-Time,32,137,59242.35,10.7,3,2.76,82.7,0,36,49,15.5,0.6,0.012,1,0,,,0,0
EMP-11138,2025-06-01,Operations,Program Delivery,L1,Chicago-South,Full-Time,45,14,48234.96,16.4,2,3.98,73.5,1,19,62,33.6,0.2,0.069,1,0,,,0,0
EMP-10127,2025-06-01,Programs,Finance,L3,Chicago-South,Full-Time,32,15,83036.18,16.0,1,3.23,86.9,0,120,45,17.1,0.8,-0.029,2,0,,,0,0
EMP-10325,2025-06-01,Finance,Finance,L2,Chicago-South,Full-Time,20,7,52636.46,10.4,2,1.54,67.5,2,11,6,31.5,0.0,0.042,1,0,,,0,0
EMP-11364,2025-06-01,Operations,Finance,L2,Chicago-North,Full-Time,42,6,59705.38,2.4,0,3.29,76.2,0,37,2,16.6,0.0,0.015,1,1,2025-08-14,Involuntary,1,1
EMP-11966,2025-06-01,Programs,Finance,L1,Remote-US,Full-Time,44,81,54884.87,17.9,1,4.35,73.6,0,21,46,8.8,0.0,0.035,0,0,,,0,0
EMP-12628,2025-06-01,Research,Fundraising,L2,Remote-US,Full-Time,32,13,66536.46,5.3,1,3.4,51.6,2,19,38,0.9,0.2,0.025,0,0,,,0,0
EMP-12626,2025-06-01,Development,Data,L3,Chicago-Downtown,Full-Time,24,13,83167.06,14.2,3,2.69,74.6,0,25,36,2.3,0.0,0.009,0,0,,,0,0
EMP-10221,2025-06-01,Programs,HR,L1,Chicago-Downtown,Part-Time,41,46,41771.22,6.9,1,2.57,82.7,0,51,8,18.7,0.0,-0.038,1,0,,,0,0
EMP-12057,2025-06-01,Research,Data,L2,Chicago-South,Full-Time,50,75,67467.92,10.7,3,3.63,97.0,0,11,28,28.9,1.0,0.078,1,0,,,0,0
EMP-10357,2025-06-01,Research,Program Delivery,L1,Chicago-North,Full-Time,32,26,55024.03,3.0,3,4.35,82.3,0,119,28,21.1,0.6,0.033,0,0,,,0,0
EMP-10139,2025-06-01,Finance,HR,L1,Chicago-South,Full-Time,32,43,43607.82,22.8,1,2.81,48.1,0,120,4,21.8,0.8,0.024,1,0,,,0,0
EMP-11129,2025-06-01,Finance,HR,L2,Chicago-Downtown,Full-Time,37,20,64584.24,2.1,2,2.3,73.4,0,35,37,29.3,1.0,0.035,0,0,,,0,0
EMP-12609,2025-06-01,Research,Program Delivery,L2,Chicago-North,Full-Time,44,43,55446.91,20.1,1,3.2,70.2,1,27,19,3.0,0.6,0.032,2,0,,,0,0
EMP-11128,2025-06-01,Programs,Program Delivery,L2,Remote-US,Full-Time,41,33,56623.78,5.1,0,3.68,37.3,0,46,13,8.4,0.0,-0.009,0,1,2025-08-13,Voluntary,1,1
EMP-10327,2025-06-01,People,Finance,L1,Chicago-Downtown,Full-Time,25,100,33148.29,9.2,2,2.63,63.9,2,31,45,30.6,1.0,-0.013,1,0,,,0,0
EMP-10672,2025-06-01,People,Finance,L2,Chicago-South,Full-Time,37,119,69388.37,23.5,2,3.88,61.3,0,14,25,5.4,0.0,-0.011,0,0,,,0,0
EMP-11032,2025-06-01,Development,Program Delivery,L1,Remote-US,Full-Time,20,15,32000.0,2.3,1,3.52,85.4,1,54,61,3.6,0.0,-0.003,0,0,,,0,0
EMP-10355,2025-06-01,People,Fundraising,L2,Chicago-South,Full-Time,30,23,62736.41,6.0,4,3.73,83.7,0,85,57,19.6,0.8,0.098,0,0,,,0,0
EMP-12603,2025-06-01,Programs,Finance,L1,Chicago-Downtown,Full-Time,45,86,56305.74,15.4,1,3.73,62.1,0,15,47,27.7,1.0,0.002,0,0,,,0,0
EMP-11036,2025-06-01,Operations,HR,L1,Chicago-South,Full-Time,29,97,42968.68,3.3,2,2.93,61.1,0,12,23,11.5,0.0,0.079,0,0,,,0,0
EMP-10150,2025-06-01,Development,Data,L3,Chicago-Downtown,Full-Time,30,63,83767.55,2.7,5,2.85,69.6,0,31,9,5.0,0.4,0.012,0,0,,,0,0
EMP-10702,2025-06-01,Programs,Data,L2,Chicago-North,Full-Time,27,50,73541.22,12.1,6,3.31,85.5,1,76,39,16.0,0.2,-0.039,2,0,,,0,0
EMP-10737,2025-06-01,Programs,Program Delivery,L4,Chicago-North,Full-Time,35,21,101719.86,11.3,4,3.4,65.9,0,16,44,11.1,0.6,0.052,0,0,,,0,0
EMP-11897,2025-06-01,Programs,HR,L1,Remote-US,Full-Time,32,68,57577.15,9.4,1,3.68,77.6,1,48,57,4.5,0.8,0.081,0,0,,,0,0
EMP-10872,2025-06-01,Operations,Program Delivery,L1,Chicago-Downtown,Full-Time,25,87,46717.89,27.7,1,3.23,60.3,1,13,41,19.1,0.2,0.032,0,0,,,0,0
EMP-12198,2025-06-01,Programs,Fundraising,L2,Remote-US,Full-Time,27,43,58853.14,5.7,4,3.34,75.8,0,50,41,5.5,0.2,0.008,0,0,,,0,0
EMP-11709,2025-06-01,Operations,Finance,L3,Chicago-Downtown,Full-Time,28,123,69560.0,2.4,3,4.5,63.4,0,24,36,31.3,0.6,-0.038,0,0,,,0,0
EMP-10034,2025-06-01,Research,Operations,L4,Remote-US,Part-Time,26,50,104117.95,4.0,1,3.1,86.7,0,18,7,15.6,1.0,0.099,1,0,,,0,0
EMP-12899,2025-06-01,Development,Fundraising,L3,Chicago-South,Full-Time,28,28,70677.48,10.3,1,3.25,72.5,0,7,0,2.2,0.4,0.06,0,0,,,0,0
EMP-11233,2025-06-01,Programs,Operations,L2,Chicago-North,Full-Time,45,59,57871.86,9.3,3,2.84,74.0,0,10,53,3.4,0.6,0.026,1,0,,,0,0
EMP-11710,2025-06-01,Development,Program Delivery,L1,Chicago-Downtown,Full-Time,31,71,47559.99,12.0,2,3.05,67.7,1,23,50,5.7,1.0,0.031,1,0,,,0,0
EMP-11287,2025-06-01,People,Data,L4,Chicago-Downtown,Full-Time,22,18,111351.09,35.0,3,3.0,100.0,0,24,43,12.2,1.0,-0.014,0,1,2025-07-22,Voluntary,0,1
EMP-11718,2025-06-01,Programs,Operations,L1,Remote-US,Full-Time,43,77,38650.22,8.0,0,3.07,74.6,0,52,26,13.6,0.4,0.047,1,0,,,0,0
EMP-12873,2025-06-01,Operations,Fundraising,L2,Remote-US,Full-Time,31,27,55160.06,3.4,5,3.46,76.1,0,43,29,6.0,0.0,-0.002,0,0,,,0,0
EMP-12867,2025-06-01,Research,Operations,L2,Chicago-North,Full-Time,36,54,69983.01,11.2,2,2.78,70.8,1,40,29,30.5,0.2,0.001,0,0,,,0,0
EMP-12863,2025-06-01,Operations,Operations,L1,Chicago-South,Full-Time,32,39,39226.37,13.8,0,4.52,86.8,0,23,46,28.4,0.0,-0.002,1,0,,,0,0
EMP-10461,2025-06-01,Programs,HR,L1,Chicago-Downtown,Full-Time,43,14,64287.24,12.7,2,4.29,52.3,2,11,22,13.2,0.0,0.0,1,0,,,0,0
EMP-12859,2025-06-01,Programs,HR,L1,Chicago-Downtown,Full-Time,36,54,48480.1,9.0,2,3.42,90.1,2,78,16,18.7,0.6,0.065,0,0,,,0,0
EMP-11519,2025-06-01,Research,Program Delivery,L4,Chicago-South,Full-Time,28,15,129041.61,6.9,3,2.46,63.2,1,46,20,3.3,0.0,0.044,1,0,,,0,0
EMP-11565,2025-06-01,Development,Finance,L2,Chicago-North,Full-Time,22,56,69177.84,20.3,1,3.32,73.0,0,16,23,43.6,1.0,0.003,0,0,,,0,0
EMP-10047,2025-06-01,Finance,HR,L4,Chicago-North,Full-Time,28,41,113563.72,22.9,2,3.98,73.0,2,9,68,5.8,0.6,0.01,0,0,,,0,0
EMP-12319,2025-06-01,Research,Program Delivery,L3,Chicago-South,Part-Time,38,9,97498.59,6.3,5,3.04,88.5,0,15,0,32.5,1.0,0.038,0,0,,,0,0
EMP-10610,2025-06-01,Programs,Program Delivery,L1,Chicago-Downtown,Full-Time,40,64,47986.8,11.1,2,2.62,64.1,1,20,5,10.1,0.0,0.027,1,0,,,0,0
EMP-11218,2025-06-01,Operations,HR,L4,Chicago-North,Full-Time,39,55,114089.29,2.5,4,2.19,68.4,0,57,18,5.4,0.0,0.014,0,0,,,0,0
EMP-12849,2025-06-01,Operations,Fundraising,L3,Chicago-Downtown,Full-Time,28,6,70127.43,2.1,2,3.56,52.4,1,4,37,18.0,0.0,0.046,1,0,,,0,0
EMP-10760,2025-06-01,Programs,Data,L4,Chicago-South,Full-Time,47,23,108707.44,9.0,3,2.9,41.4,1,42,62,14.6,1.0,0.017,0,0,,,0,0
EMP-11742,2025-06-01,Programs,Operations,L3,Chicago-North,Full-Time,40,137,85048.85,8.7,2,2.62,68.9,2,23,21,5.5,1.0,0.103,0,0,,,0,0
EMP-11215,2025-06-01,Operations,HR,L2,Chicago-South,Full-Time,38,107,61230.51,43.5,4,3.05,74.8,1,12,63,19.5,1.0,0.004,0,0,,,0,0
EMP-11554,2025-06-01,Programs,HR,L2,Chicago-North,Part-Time,33,59,80436.79,1.5,2,2.51,86.0,0,44,33,22.0,0.0,0.051,0,0,,,0,0
EMP-11724,2025-06-01,Operations,Program Delivery,L1,Chicago-North,Full-Time,35,43,48472.81,7.4,1,3.42,51.2,0,17,43,16.0,0.2,0.017,0,0,,,0,0
EMP-12297,2025-06-01,People,HR,L2,Chicago-Downtown,Full-Time,42,69,68173.95,6.7,3,2.72,51.7,0,39,34,10.7,0.6,0.029,1,0,,,0,0
EMP-10248,2025-06-01,Programs,HR,L2,Chicago-South,Full-Time,45,7,84996.9,0.2,2,3.83,70.4,2,13,77,6.8,0.0,0.019,0,0,,,0,0
EMP-12912,2025-06-01,Programs,Operations,L2,Remote-US,Full-Time,29,1,62189.32,11.3,6,4.4,58.8,0,52,18,19.7,0.6,0.01,1,1,2025-07-07,Involuntary,0,1
EMP-12995,2025-06-01,People,Operations,L1,Remote-US,Full-Time,24,75,39587.67,1.4,1,2.45,38.9,2,54,59,2.4,0.0,-0.02,0,0,,,0,0
EMP-10493,2025-06-01,Research,Fundraising,L1,Chicago-Downtown,Part-Time,34,25,55772.07,5.3,0,4.67,82.5,0,40,33,21.0,0.0,0.034,0,1,2025-06-21,Voluntary,0,1
EMP-12261,2025-06-01,People,Finance,L3,Chicago-Downtown,Full-Time,35,66,99935.25,12.5,4,3.22,72.9,0,41,76,30.9,1.0,0.007,0,0,,,0,0
EMP-12237,2025-06-01,Programs,Program Delivery,L1,Remote-US,Part-Time,29,75,44404.9,2.8,1,2.96,57.2,1,34,11,18.9,0.8,0.103,0,0,,,0,0
EMP-12228,2025-06-01,Programs,Finance,L1,Chicago-South,Full-Time,41,40,50428.92,31.2,0,3.54,82.0,0,26,28,7.2,1.0,0.018,1,0,,,0,0
EMP-10006,2025-06-01,Research,Program Delivery,L2,Remote-US,Full-Time,53,17,65409.4,4.1,1,3.99,74.2,0,15,28,11.2,1.0,0.074,1,1,2025-06-18,Involuntary,1,1
EMP-10007,2025-06-01,Operations,Fundraising,L1,Remote-US,Full-Time,34,39,52014.65,5.7,6,3.44,66.2,0,45,41,3.7,0.0,0.104,0,0,,,0,0
EMP-11276,2025-06-01,Operations,Program Delivery,L4,Chicago-South,Full-Time,53,7,106993.18,9.1,0,2.59,73.4,1,27,18,9.7,0.2,-0.013,0,0,,,0,0
EMP-10812,2025-06-01,Operations,Operations,L2,Chicago-Downtown,Full-Time,36,17,57901.03,7.6,2,2.94,85.6,0,16,7,11.4,0.0,0.089,0,0,,,0,0
EMP-10813,2025-06-01,Research,Program Delivery,L2,Chicago-South,Full-Time,58,50,73484.67,12.3,1,3.07,78.2,0,51,40,32.1,0.6,0.042,0,0,,,0,0
EMP-10253,2025-06-01,Programs,HR,L2,Chicago-North,Full-Time,29,43,59863.63,11.1,3,3.7,81.4,1,19,30,15.1,0.8,-0.008,0,1,2025-07-24,Voluntary,1,1
EMP-11602,2025-06-01,Development,Finance,L1,Chicago-South,Full-Time,29,21,52313.12,4.9,4,3.14,100.0,1,58,29,29.4,0.4,0.035,0,0,,,0,0
EMP-12967,2025-06-01,Programs,Program Delivery,L4,Chicago-Downtown,Part-Time,34,91,113116.27,5.2,4,2.14,63.0,0,30,35,8.0,0.2,0.143,0,0,,,0,0
EMP-11658,2025-06-01,Operations,HR,L1,Remote-US,Full-Time,44,6,45865.41,24.5,2,2.25,38.4,0,8,49,3.0,0.8,0.047,0,0,,,0,0
EMP-11659,2025-06-01,People,Operations,L4,Chicago-North,Full-Time,28,16,104434.87,4.1,2,3.83,81.9,1,19,13,20.8,1.0,0.044,0,0,,,0,0
EMP-10471,2025-06-01,Finance,HR,L2,Chicago-South,Full-Time,36,48,77619.95,30.1,1,2.49,62.1,0,120,20,5.3,0.0,0.016,0,0,,,0,0
EMP-10509,2025-06-01,Research,Finance,L3,Chicago-South,Full-Time,27,81,76408.53,13.5,1,3.01,89.4,0,17,37,29.0,0.0,0.09,0,0,,,0,0
EMP-10828,2025-06-01,Research,Fundraising,L2,Remote-US,Full-Time,22,78,60788.1,1.7,3,2.62,76.8,0,19,15,34.0,0.6,0.038,0,0,,,0,0
EMP-10510,2025-06-01,Development,HR,L4,Chicago-South,Full-Time,35,62,114100.27,6.7,4,3.23,85.9,0,21,0,18.4,1.0,0.045,0,0,,,0,0
EMP-12934,2025-06-01,Operations,Data,L2,Chicago-Downtown,Full-Time,34,20,46538.11,7.7,1,3.76,48.2,0,67,2,8.2,0.0,0.043,0,0,,,0,0
EMP-11679,2025-06-01,Programs,Finance,L2,Remote-US,Full-Time,28,44,44699.66,25.8,3,4.12,71.9,1,54,49,2.1,1.0,0.041,0,0,,,0,0
EMP-10838,2025-06-01,Operations,HR,L1,Chicago-Downtown,Full-Time,42,32,32000.0,7.9,2,2.97,74.8,2,39,40,7.7,0.4,0.058,0,0,,,0,0
EMP-11686,2025-06-01,Programs,Finance,L2,Remote-US,Full-Time,34,51,59537.74,4.8,4,2.42,56.2,1,47,50,11.0,0.0,-0.047,2,1,2025-08-09,Voluntary,1,1
EMP-10464,2025-06-01,Research,Operations,L4,Chicago-Downtown,Full-Time,34,59,114453.0,3.0,1,2.95,68.6,1,66,44,35.0,0.4,0.052,0,0,,,0,0
EMP-12292,2025-06-01,Operations,Program Delivery,L1,Remote-US,Full-Time,34,18,51340.44,11.4,3,3.62,65.9,0,31,50,10.0,0.4,0.02,1,0,,,0,0
EMP-12841,2025-06-01,Finance,HR,L3,Chicago-North,Full-Time,40,59,81673.98,2.8,1,3.13,80.4,1,29,24,14.7,0.4,0.06,1,0,,,0,0
EMP-12175,2025-06-01,Operations,Program Delivery,L1,Chicago-South,Full-Time,37,34,58494.4,4.4,1,3.79,66.0,1,32,37,15.5,1.0,0.064,1,0,,,0,0
EMP-12024,2025-06-01,Research,Finance,L2,Remote-US,Part-Time,39,38,47581.29,23.2,2,3.45,79.8,0,40,53,10.6,1.0,-0.046,0,0,,,0,0
EMP-10606,2025-06-01,Operations,Program Delivery,L2,Remote-US,Full-Time,36,76,67685.53,10.9,7,3.23,87.0,0,10,49,14.2,0.0,0.024,0,0,,,0,0
EMP-11535,2025-06-01,People,Data,L3,Chicago-South,Full-Time,20,14,78252.7,15.2,3,3.41,73.7,0,106,40,2.2,1.0,0.054,1,0,,,0,0
EMP-10413,2025-06-01,Programs,Finance,L1,Chicago-Downtown,Full-Time,31,54,48591.06,9.2,2,3.22,100.0,0,69,33,3.2,0.0,0.023,1,0,,,0,0
EMP-10412,2025-06-01,Programs,Finance,L2,Chicago-North,Full-Time,36,54,60816.49,11.7,4,4.38,52.7,0,113,30,10.3,0.8,0.014,0,0,,,0,0
EMP-11781,2025-06-01,Operations,HR,L2,Chicago-North,Full-Time,34,23,54651.72,3.7,5,2.48,82.4,0,27,22,24.4,0.4,0.072,0,0,,,0,0
EMP-10065,2025-06-01,Finance,Finance,L3,Chicago-North,Full-Time,23,35,83002.15,6.1,4,3.5,65.1,0,19,24,7.3,0.6,0.103,0,0,,,0,0
EMP-12812,2025-06-01,Programs,Finance,L2,Chicago-North,Full-Time,26,72,73796.02,9.4,3,3.63,65.5,2,61,52,8.7,0.4,0.085,0,0,,,0,0
EMP-10753,2025-06-01,Research,Fundraising,L1,Chicago-Downtown,Full-Time,29,79,49127.82,0.6,2,2.93,48.5,0,57,74,13.8,0.0,0.065,1,0,,,0,0
EMP-11832,2025-06-01,Programs,Finance,L1,Chicago-Downtown,Full-Time,20,89,40300.87,5.8,1,4.08,81.7,0,5,36,11.4,0.8,0.005,1,0,,,0,0
EMP-12779,2025-06-01,People,HR,L4,Remote-US,Full-Time,44,30,104539.39,3.6,2,3.55,55.3,1,34,37,16.5,1.0,0.062,0,0,,,0,0
EMP-10906,2025-06-01,Research,Finance,L4,Remote-US,Full-Time,40,40,99872.38,3.4,1,2.43,81.9,0,34,78,4.1,1.0,0.065,1,0,,,0,0
EMP-12810,2025-06-01,Programs,HR,L2,Remote-US,Full-Time,20,46,65831.04,2.9,2,2.76,88.1,1,47,8,12.9,0.2,-0.001,0,0,,,0,0
EMP-10925,2025-06-01,Operations,Program Delivery,L1,Chicago-North,Full-Time,40,67,37854.99,12.5,1,2.99,67.9,1,46,65,34.6,0.4,0.067,1,0,,,0,0
EMP-12803,2025-06-01,Programs,Finance,L2,Chicago-North,Full-Time,20,24,72916.44,4.0,1,4.06,64.6,1,20,27,7.5,0.8,0.007,0,0,,,0,0
EMP-10420,2025-06-01,Operations,Operations,L2,Chicago-Downtown,Full-Time,30,66,71009.88,8.6,2,3.16,75.9,0,33,39,15.3,1.0,0.021,0,0,,,0,0
EMP-12780,2025-06-01,Programs,Operations,L3,Remote-US,Part-Time,41,4,77486.83,8.6,1,3.02,35.4,0,37,87,5.7,0.8,0.023,0,0,,,0,0
EMP-10230,2025-06-01,Development,Program Delivery,L1,Remote-US,Full-Time,38,22,32000.0,3.1,2,3.96,51.7,2,29,55,3.3,0.8,0.026,1,0,,,0,0
EMP-11811,2025-06-01,People,Operations,L4,Chicago-Downtown,Full-Time,36,37,90545.49,8.1,4,4.93,86.8,1,15,77,22.6,1.0,0.035,0,0,,,0,0
EMP-10063,2025-06-01,Operations,Finance,L1,Chicago-Downtown,Full-Time,31,90,53761.92,5.3,2,2.28,52.7,2,45,85,2.0,1.0,0.015,0,0,,,0,0
EMP-12160,2025-06-01,People,Operations,L2,Chicago-North,Full-Time,64,26,58753.03,3.6,0,2.76,76.3,2,13,60,5.0,0.2,0.078,0,0,,,0,0
EMP-12139,2025-06-01,Programs,Finance,L2,Chicago-Downtown,Full-Time,32,24,83093.24,7.5,2,2.42,90.3,2,51,22,6.8,0.8,0.088,1,0,,,0,0
EMP-10739,2025-06-01,Programs,Fundraising,L3,Chicago-South,Full-Time,58,156,86678.71,8.4,4,3.5,70.9,1,48,47,10.0,1.0,0.119,1,0,,,0,0
EMP-12835,2025-06-01,Research,Fundraising,L2,Chicago-North,Full-Time,26,81,60078.15,14.3,2,3.96,60.5,0,49,49,8.0,0.8,0.066,0,0,,,0,0
EMP-10408,2025-06-01,People,Data,L4,Chicago-Downtown,Full-Time,49,36,106424.07,18.0,2,4.55,84.0,2,79,19,17.8,0.4,0.005,1,0,,,0,0
EMP-11550,2025-06-01,People,Data,L2,Remote-US,Full-Time,37,24,56900.32,19.3,1,3.89,67.8,0,26,38,6.7,0.6,0.05,1,0,,,0,0
EMP-10409,2025-06-01,Finance,Finance,L4,Remote-US,Full-Time,38,26,107959.11,9.8,3,4.03,90.2,0,37,8,16.0,0.6,0.156,0,0,,,0,0
EMP-12819,2025-06-01,People,HR,L2,Remote-US,Full-Time,35,53,77005.45,6.1,2,5.0,71.4,0,23,0,18.1,0.6,0.053,0,0,,,0,0
EMP-12833,2025-06-01,Operations,Program Delivery,L3,Chicago-Downtown,Full-Time,32,43,95977.44,5.9,4,3.27,87.4,0,33,10,9.4,1.0,0.045,0,0,,,0,0
EMP-10056,2025-06-01,Research,Finance,L3,Chicago-South,Full-Time,43,12,83608.67,5.0,2,2.58,76.5,1,13,25,28.2,0.4,0.055,0,0,,,0,0
EMP-11523,2025-06-01,Operations,Data,L2,Chicago-Downtown,Full-Time,26,19,49108.66,0.4,2,3.8,95.6,0,38,29,17.9,0.0,0.032,1,0,,,0,0
EMP-12356,2025-06-01,Finance,Data,L2,Remote-US,Full-Time,52,150,66540.8,8.3,2,3.56,82.8,0,8,74,0.8,1.0,0.073,0,0,,,0,0
EMP-11548,2025-06-01,Research,Data,L1,Chicago-Downtown,Full-Time,40,49,65356.67,12.2,0,3.2,77.4,1,33,49,18.9,1.0,0.04,0,0,,,0,0
EMP-12348,2025-06-01,Operations,Data,L1,Chicago-Downtown,Full-Time,25,44,48707.89,21.2,4,4.71,36.3,0,30,56,16.2,0.0,0.028,0,0,,,0,0
EMP-12349,2025-06-01,People,Program Delivery,L3,Chicago-Downtown,Part-Time,30,37,104969.3,11.4,2,2.48,88.1,0,78,12,13.4,1.0,0.038,0,0,,,0,0
EMP-10532,2025-06-01,Programs,Fundraising,L3,Chicago-North,Full-Time,42,32,81315.27,14.8,2,3.96,82.6,0,68,47,7.3,0.8,0.024,0,0,,,0,0
EMP-11386,2025-07-01,Programs,Program Delivery,L3,Chicago-North,Full-Time,44,51,89583.96,7.9,2,4.91,70.3,1,51,25,4.7,1.0,0.026,3,1,2025-07-21,Involuntary,1,1
EMP-12279,2025-07-01,Research,Operations,L2,Chicago-South,Full-Time,52,26,57204.21,24.8,2,3.38,62.3,0,103,41,9.4,0.8,-0.053,0,0,,,0,0
EMP-12491,2025-07-01,Programs,HR,L3,Remote-US,Full-Time,27,39,93483.96,3.0,2,3.13,82.7,1,20,39,12.7,0.0,0.04,1,0,,,0,0
EMP-12385,2025-07-01,Operations,Program Delivery,L2,Chicago-North,Full-Time,45,30,50455.57,2.9,0,3.56,62.4,2,35,62,13.3,0.2,0.013,0,0,,,0,0
EMP-12492,2025-07-01,Development,Data,L1,Chicago-Downtown,Full-Time,38,67,59514.84,4.6,2,4.69,71.5,0,103,32,21.3,0.0,0.071,0,0,,,0,0
EMP-11148,2025-07-01,People,Fundraising,L1,Chicago-North,Full-Time,38,27,52016.51,2.4,1,3.73,80.7,1,77,47,8.9,1.0,0.029,0,0,,,0,0
EMP-12498,2025-07-01,Operations,HR,L2,Remote-US,Full-Time,43,63,66287.98,1.5,3,3.22,72.9,0,53,26,8.3,0.6,0.068,1,0,,,0,0
EMP-11265,2025-07-01,Finance,Finance,L2,Chicago-North,Full-Time,20,6,60228.52,12.4,2,2.65,45.2,0,16,40,2.7,0.6,0.072,0,0,,,0,0
EMP-12230,2025-07-01,Operations,Operations,L2,Chicago-South,Full-Time,32,20,68493.24,10.2,2,3.44,87.5,0,68,54,34.4,0.2,0.057,0,0,,,0,0
EMP-11395,2025-07-01,Research,Data,L1,Remote-US,Full-Time,37,6,35257.11,8.2,1,2.75,69.3,0,22,20,6.7,0.2,0.017,1,0,,,0,0
EMP-10650,2025-07-01,Research,HR,L2,Remote-US,Part-Time,40,52,55322.95,3.7,6,2.45,55.7,2,23,47,3.3,0.0,0.077,0,0,,,0,0
EMP-11394,2025-07-01,Programs,HR,L1,Chicago-Downtown,Part-Time,25,41,62504.3,4.5,1,3.74,65.7,0,18,30,7.4,0.6,0.111,0,0,,,0,0
EMP-10179,2025-07-01,Operations,Fundraising,L4,Chicago-North,Full-Time,39,59,116765.97,5.7,2,3.26,72.9,1,33,0,38.3,0.0,-0.02,0,0,,,0,0
EMP-10280,2025-07-01,Development,Program Delivery,L2,Chicago-Downtown,Full-Time,38,34,67239.61,10.2,5,2.99,77.5,0,22,30,7.8,0.4,0.046,0,1,2025-07-30,Voluntary,1,1
EMP-12226,2025-07-01,Programs,Program Delivery,L2,Chicago-Downtown,Full-Time,33,11,51931.72,2.6,2,3.3,73.6,1,68,30,12.2,1.0,0.048,0,0,,,0,0
EMP-12213,2025-07-01,Finance,Data,L2,Chicago-North,Full-Time,50,16,58282.87,8.5,4,2.8,76.3,0,26,65,19.0,0.6,0.002,0,0,,,0,0
EMP-12369,2025-07-01,Programs,Finance,L1,Remote-US,Part-Time,37,22,41972.43,3.2,3,3.74,92.3,0,47,76,7.5,1.0,0.098,0,0,,,0,0
EMP-11384,2025-07-01,Research,Program Delivery,L2,Chicago-South,Full-Time,34,47,60340.23,9.4,2,3.21,61.3,1,26,6,11.9,0.4,0.075,0,0,,,0,0
EMP-10335,2025-07-01,Research,Finance,L2,Chicago-North,Part-Time,39,22,60072.71,3.6,3,3.22,80.9,0,74,59,6.6,1.0,0.096,1,0,,,0,0
EMP-10226,2025-07-01,Programs,HR,L1,Remote-US,Full-Time,40,112,53795.93,13.9,2,3.82,76.1,0,2,20,41.8,1.0,-0.053,1,0,,,0,0
EMP-12353,2025-07-01,Research,Program Delivery,L2,Chicago-Downtown,Full-Time,44,17,76267.67,7.0,0,4.32,80.1,0,5,27,23.1,1.0,0.084,1,0,,,0,0
EMP-12220,2025-07-01,Operations,Operations,L1,Chicago-Downtown,Full-Time,29,30,52263.75,30.2,0,4.15,45.1,0,21,77,2.1,0.0,0.061,0,0,,,0,0
EMP-11383,2025-07-01,People,Finance,L1,Chicago-Downtown,Full-Time,27,70,36589.65,4.0,0,3.18,80.9,0,40,24,3.6,0.0,-0.08,0,0,,,0,0
EMP-10628,2025-07-01,People,Finance,L1,Chicago-South,Full-Time,34,60,49311.68,8.4,2,4.32,77.9,0,35,23,29.5,1.0,0.024,1,0,,,0,0
EMP-11280,2025-07-01,Operations,Operations,L2,Chicago-Downtown,Full-Time,39,80,62083.78,1.7,2,4.16,69.6,0,53,78,5.9,1.0,0.031,0,0,,,0,0
EMP-10238,2025-07-01,Operations,Data,L1,Chicago-Downtown,Full-Time,23,53,65228.93,6.8,2,4.0,58.6,0,11,54,8.2,0.6,0.009,0,0,,,0,0
EMP-12186,2025-07-01,People,HR,L1,Chicago-Downtown,Full-Time,38,95,48964.57,6.9,3,4.21,76.5,1,75,65,14.1,0.0,0.043,1,0,,,0,0
EMP-12411,2025-07-01,Operations,HR,L4,Chicago-Downtown,Full-Time,42,50,118577.62,11.5,3,3.75,80.4,1,73,25,8.9,0.2,0.013,0,0,,,0,0
EMP-10319,2025-07-01,Research,Finance,L4,Chicago-Downtown,Part-Time,31,27,108860.43,6.4,5,3.83,56.6,0,22,34,29.5,0.8,0.005,0,0,,,0,0
EMP-12318,2025-07-01,Finance,HR,L3,Chicago-Downtown,Full-Time,24,88,81214.66,10.8,1,2.04,90.8,0,10,49,5.7,0.6,0.065,0,0,,,0,0
EMP-10670,2025-07-01,Research,Fundraising,L2,Chicago-Downtown,Full-Time,46,68,69074.76,7.1,2,3.92,82.0,0,120,28,16.9,0.8,0.095,1,0,,,0,0
EMP-12170,2025-07-01,Finance,Operations,L1,Chicago-South,Full-Time,28,33,59033.65,10.6,4,3.19,77.5,0,36,62,59.3,0.8,0.038,1,0,,,0,0
EMP-12453,2025-07-01,Development,Finance,L1,Chicago-Downtown,Full-Time,30,28,32505.87,19.1,1,3.62,60.1,0,108,56,14.1,0.0,0.05,1,1,2025-08-22,Involuntary,1,1
EMP-11298,2025-07-01,Programs,Operations,L1,Remote-US,Full-Time,49,67,39165.69,22.5,2,2.81,62.8,0,14,57,18.8,1.0,0.047,0,0,,,0,0
EMP-10593,2025-07-01,People,Program Delivery,L4,Chicago-Downtown,Full-Time,20,88,118677.97,0.7,5,3.07,71.0,0,12,29,14.5,0.6,0.018,0,0,,,0,0
EMP-12322,2025-07-01,Programs,Finance,L4,Chicago-Downtown,Full-Time,35,40,119627.84,12.0,2,3.74,45.3,0,46,60,1.2,0.0,0.071,0,0,,,0,0
EMP-11214,2025-07-01,Programs,Data,L2,Chicago-Downtown,Full-Time,33,60,61428.15,9.1,2,4.37,95.2,1,42,11,3.3,0.0,0.012,0,0,,,0,0
EMP-12328,2025-07-01,Programs,Finance,L2,Chicago-South,Full-Time,45,4,54218.17,22.7,5,2.81,73.3,0,28,34,24.6,0.4,0.065,1,0,,,0,0
EMP-11146,2025-07-01,Programs,Fundraising,L1,Chicago-Downtown,Full-Time,42,83,34489.8,3.5,1,2.65,95.9,0,8,4,10.9,0.0,-0.046,1,0,,,0,0
EMP-12424,2025-07-01,Development,Data,L2,Chicago-Downtown,Full-Time,42,52,47843.52,0.9,0,3.0,75.7,0,32,27,9.4,1.0,-0.03,0,0,,,0,0
EMP-12145,2025-07-01,Programs,Fundraising,L1,Remote-US,Full-Time,29,55,54269.29,4.1,4,2.76,69.4,0,72,40,1.6,0.8,0.001,0,0,,,0,0
EMP-11227,2025-07-01,Research,Data,L2,Chicago-Downtown,Full-Time,23,4,71704.62,25.0,0,4.3,64.1,1,74,3,3.6,0.0,0.004,0,1,2025-08-25,Voluntary,1,1
EMP-11228,2025-07-01,Programs,HR,L1,Chicago-South,Full-Time,31,82,34918.44,6.9,2,3.54,56.2,2,19,18,21.2,0.0,0.02,0,1,2025-08-26,Voluntary,1,1
EMP-11282,2025-07-01,Finance,Data,L4,Chicago-North,Full-Time,33,31,117872.07,4.6,3,2.92,54.0,0,6,14,5.6,0.0,0.029,1,0,,,0,0
EMP-10332,2025-07-01,Programs,Fundraising,L1,Remote-US,Part-Time,52,79,45344.15,10.9,6,3.43,43.8,0,46,0,13.6,0.0,0.009,0,0,,,0,0
EMP-12285,2025-07-01,Research,Finance,L2,Chicago-Downtown,Full-Time,36,19,69897.81,4.1,2,3.8,79.8,0,38,23,8.5,0.8,0.115,1,0,,,0,0
EMP-12286,2025-07-01,People,Finance,L2,Chicago-South,Full-Time,31,31,73059.22,30.5,2,3.38,82.8,1,26,34,14.6,0.4,-0.031,0,0,,,0,0
EMP-12112,2025-07-01,Research,Operations,L1,Remote-US,Part-Time,33,41,43638.66,20.4,2,3.95,100.0,0,31,46,13.8,0.8,0.073,0,0,,,0,0
EMP-12473,2025-07-01,Operations,Fundraising,L1,Chicago-Downtown,Full-Time,44,52,32000.0,16.2,2,2.71,53.1,0,30,50,25.8,0.6,-0.005,1,0,,,0,0
EMP-11296,2025-07-01,Programs,Finance,L2,Chicago-North,Full-Time,51,9,68230.09,1.7,4,2.97,59.7,1,42,30,12.1,0.4,0.103,0,1,2025-09-06,Involuntary,1,1
EMP-10249,2025-07-01,People,Operations,L3,Chicago-North,Full-Time,20,70,95439.71,26.5,1,3.71,65.0,0,28,31,22.5,0.6,-0.018,0,0,,,0,0
EMP-12199,2025-07-01,Development,Finance,L1,Chicago-North,Full-Time,49,53,57734.06,10.5,2,2.39,73.6,2,11,28,15.9,1.0,0.065,1,0,,,0,0
EMP-10186,2025-07-01,Development,Data,L3,Remote-US,Full-Time,39,82,89026.13,8.7,2,3.58,75.3,0,8,21,14.6,0.0,-0.021,1,0,,,0,0
EMP-10661,2025-07-01,Operations,Program Delivery,L1,Remote-US,Full-Time,37,105,45235.65,21.5,1,2.77,57.2,0,24,6,4.0,1.0,-0.068,0,0,,,0,0
EMP-12295,2025-07-01,Research,Data,L1,Chicago-Downtown,Full-Time,22,42,32000.0,7.9,2,3.43,46.0,1,9,43,14.0,0.2,0.016,1,1,2025-08-15,Voluntary,1,1
EMP-10663,2025-07-01,Finance,Fundraising,L2,Chicago-South,Full-Time,39,51,52966.88,5.9,3,3.73,81.6,0,78,15,15.5,0.2,0.052,1,0,,,0,0
EMP-11164,2025-07-01,Operations,Operations,L4,Chicago-Downtown,Full-Time,58,39,96629.52,4.5,4,3.62,72.2,0,26,13,14.8,1.0,0.034,2,0,,,0,0
EMP-12101,2025-07-01,People,Data,L1,Chicago-North,Full-Time,28,81,61749.22,3.7,2,1.84,81.5,0,18,14,17.6,0.0,-0.01,0,0,,,0,0
EMP-12335,2025-07-01,Operations,Finance,L3,Chicago-North,Full-Time,42,28,83050.21,25.1,3,3.61,66.1,1,30,45,17.6,1.0,0.02,1,0,,,0,0
EMP-12144,2025-07-01,People,Finance,L4,Chicago-Downtown,Full-Time,37,27,101572.15,4.1,1,2.87,87.7,1,54,40,21.3,0.6,0.087,1,0,,,0,0
EMP-12049,2025-07-01,Programs,Program Delivery,L1,Remote-US,Full-Time,51,41,48436.95,1.4,1,3.36,62.8,0,80,54,20.0,0.0,-0.023,1,0,,,0,0
EMP-12358,2025-07-01,Operations,Program Delivery,L3,Chicago-North,Full-Time,39,48,88550.81,14.1,2,2.81,57.8,0,17,10,7.0,0.2,0.052,0,0,,,0,0
EMP-10261,2025-07-01,Programs,HR,L2,Chicago-Downtown,Full-Time,30,30,64366.93,4.8,2,3.38,89.0,1,9,67,27.7,0.6,0.055,0,0,,,0,0
EMP-10403,2025-07-01,Programs,HR,L1,Chicago-Downtown,Full-Time,33,34,32608.09,4.7,1,3.39,100.0,1,22,38,6.0,0.0,0.003,0,0,,,0,0
EMP-10452,2025-07-01,Programs,Data,L1,Chicago-Downtown,Full-Time,22,61,61505.17,13.0,5,3.82,100.0,1,25,7,11.7,0.4,-0.037,0,0,,,0,0
EMP-10726,2025-07-01,Research,Program Delivery,L4,Chicago-South,Part-Time,43,71,104090.18,20.8,3,1.94,59.1,0,6,32,16.7,0.8,0.038,0,0,,,0,0
EMP-12730,2025-07-01,Operations,Finance,L1,Chicago-Downtown,Part-Time,30,47,45604.36,8.3,1,3.54,96.7,1,54,50,10.8,0.6,0.041,2,0,,,0,0
EMP-12728,2025-07-01,People,Program Delivery,L2,Chicago-Downtown,Full-Time,38,23,64411.82,18.5,3,2.81,63.2,0,23,53,5.2,0.8,0.066,1,0,,,0,0
EMP-10865,2025-07-01,Operations,Operations,L3,Chicago-South,Part-Time,20,5,76861.15,20.8,3,3.25,91.5,0,46,36,18.6,0.2,0.003,0,0,,,0,0
EMP-10958,2025-07-01,Research,Data,L2,Chicago-North,Part-Time,29,63,59977.89,4.4,3,3.08,71.3,0,17,87,13.4,0.0,0.054,0,0,,,0,0
EMP-12883,2025-07-01,People,Operations,L2,Remote-US,Full-Time,42,70,64176.19,18.4,3,4.11,78.8,0,68,57,17.4,0.0,0.056,1,0,,,0,0
EMP-10092,2025-07-01,Development,Program Delivery,L2,Chicago-South,Part-Time,32,51,54831.44,8.6,2,4.48,59.7,1,32,40,21.1,0.0,0.044,0,0,,,0,0
EMP-12712,2025-07-01,Programs,Operations,L3,Chicago-North,Full-Time,21,65,85084.72,3.0,1,1.93,66.0,1,3,43,30.0,1.0,0.051,1,0,,,0,0
EMP-12709,2025-07-01,Development,Finance,L3,Chicago-South,Full-Time,28,54,87443.72,2.2,4,3.41,85.2,0,22,34,18.8,0.6,0.058,0,0,,,0,0
EMP-10972,2025-07-01,Research,HR,L2,Chicago-North,Full-Time,32,28,60232.41,10.9,2,2.84,61.4,0,21,17,21.2,1.0,0.01,2,0,,,0,0
EMP-11870,2025-07-01,People,Finance,L2,Chicago-North,Full-Time,29,66,64800.97,4.2,3,2.79,84.9,0,21,29,9.2,0.8,0.017,1,1,2025-07-10,Voluntary,1,1
EMP-10976,2025-07-01,Programs,Finance,L2,Remote-US,Full-Time,34,64,57473.66,6.3,4,3.91,77.4,0,45,38,6.2,1.0,-0.024,0,0,,,0,0
EMP-11883,2025-07-01,Development,HR,L1,Remote-US,Full-Time,41,43,46700.44,8.5,2,3.87,69.3,1,32,11,4.3,1.0,-0.005,0,0,,,0,0
EMP-11489,2025-07-01,Programs,Data,L1,Remote-US,Full-Time,34,19,50571.09,10.7,5,3.93,75.9,1,22,18,20.4,0.0,0.026,1,0,,,0,0
EMP-12891,2025-07-01,Research,Data,L4,Chicago-North,Full-Time,36,42,105729.91,4.0,3,2.91,57.1,1,35,34,11.5,0.6,0.044,1,0,,,0,0
EMP-10108,2025-07-01,Programs,Data,L2,Chicago-Downtown,Full-Time,32,42,63180.34,2.7,4,4.56,94.1,0,15,23,13.8,1.0,0.008,0,0,,,0,0
EMP-10373,2025-07-01,Development,Operations,L2,Chicago-Downtown,Full-Time,37,52,52898.94,22.6,4,2.93,47.4,0,33,19,3.5,0.4,0.015,0,1,2025-08-15,Voluntary,0,1
EMP-10765,2025-07-01,People,Operations,L3,Chicago-Downtown,Full-Time,55,77,83581.98,13.0,2,3.2,82.8,1,20,54,33.5,0.4,0.063,1,0,,,0,0
EMP-10033,2025-07-01,Programs,HR,L1,Chicago-South,Full-Time,41,18,47474.3,8.9,1,3.04,63.8,0,41,52,12.2,0.0,0.035,0,0,,,0,0
EMP-10756,2025-07-01,Development,HR,L2,Chicago-Downtown,Full-Time,35,108,70191.47,10.5,3,2.76,45.7,1,20,33,16.5,0.6,0.033,0,0,,,0,0
EMP-10992,2025-07-01,Operations,Data,L1,Chicago-Downtown,Part-Time,29,32,57714.5,18.0,1,3.97,92.4,0,50,54,4.3,0.2,0.08,1,0,,,0,0
EMP-10994,2025-07-01,Research,Program Delivery,L1,Remote-US,Full-Time,41,69,48228.53,4.2,3,4.41,75.6,0,7,37,11.2,0.0,-0.067,0,0,,,0,0
EMP-12860,2025-07-01,Operations,Program Delivery,L1,Chicago-South,Full-Time,50,20,48329.8,5.2,1,4.09,69.2,0,116,29,9.1,0.0,0.06,0,0,,,0,0
EMP-10875,2025-07-01,People,Fundraising,L2,Chicago-Downtown,Full-Time,20,23,54438.08,3.9,2,3.22,67.5,0,43,30,8.0,0.8,0.068,0,0,,,0,0
EMP-11736,2025-07-01,Research,Data,L3,Chicago-North,Full-Time,43,31,85843.59,18.1,4,2.7,68.8,1,8,48,9.6,0.0,0.076,2,0,,,0,0
EMP-12732,2025-07-01,Operations,Program Delivery,L2,Chicago-South,Full-Time,39,19,57516.19,22.7,2,3.64,69.5,2,6,25,4.3,1.0,0.011,0,0,,,0,0
EMP-12820,2025-07-01,Programs,Finance,L2,Remote-US,Part-Time,37,40,71283.03,5.3,6,3.26,45.6,2,101,46,7.6,0.0,0.003,1,1,2025-08-30,Involuntary,1,1
EMP-12815,2025-07-01,Research,HR,L1,Chicago-Downtown,Full-Time,39,52,64413.11,3.1,2,2.53,75.8,0,14,44,20.1,1.0,0.041,0,0,,,0,0
EMP-10426,2025-07-01,People,Operations,L1,Chicago-South,Full-Time,43,53,43466.76,14.8,1,4.33,71.7,0,47,21,15.4,0.2,0.067,1,0,,,0,0
EMP-10908,2025-07-01,Finance,Operations,L1,Chicago-Downtown,Part-Time,40,81,45937.31,14.4,3,2.61,59.8,0,62,33,29.0,0.2,-0.065,1,0,,,0,0
EMP-11543,2025-07-01,Development,Fundraising,L2,Chicago-North,Full-Time,29,59,72380.19,6.9,1,2.83,86.8,1,22,38,12.1,1.0,0.057,1,0,,,0,0
EMP-10443,2025-07-01,Operations,Finance,L3,Chicago-Downtown,Full-Time,35,42,95894.08,8.3,1,3.65,77.8,1,10,28,61.4,1.0,-0.02,0,0,,,0,0
EMP-11818,2025-07-01,Programs,HR,L2,Chicago-North,Full-Time,33,24,66259.02,20.3,5,3.32,64.1,0,22,72,11.4,0.8,0.07,0,0,,,0,0
EMP-12788,2025-07-01,People,Data,L1,Chicago-South,Part-Time,48,28,40216.86,2.4,4,2.32,71.8,2,8,49,9.2,0.4,0.01,0,0,,,0,0
EMP-11556,2025-07-01,Development,Data,L3,Chicago-Downtown,Full-Time,29,17,78196.56,4.0,3,3.65,74.9,0,22,34,5.0,0.6,0.075,1,1,2025-09-06,Involuntary,0,1
EMP-10922,2025-07-01,Programs,Data,L2,Remote-US,Full-Time,26,6,71741.56,11.6,0,3.5,58.1,1,26,3,13.4,1.0,0.027,0,0,,,0,0
EMP-10924,2025-07-01,Research,Finance,L3,Chicago-North,Full-Time,24,82,95858.31,13.1,2,4.23,73.3,0,21,20,8.8,0.0,0.005,0,0,,,0,0
EMP-10559,2025-07-01,People,Data,L2,Remote-US,Full-Time,49,10,55013.73,0.7,3,3.0,61.3,1,33,14,13.6,1.0,0.025,0,0,,,0,0
EMP-10759,2025-07-01,Operations,HR,L4,Chicago-South,Part-Time,35,98,123382.54,20.1,1,3.25,69.0,1,41,40,15.1,0.2,0.102,1,0,,,0,0
EMP-12761,2025-07-01,Operations,Program Delivery,L4,Remote-US,Part-Time,30,13,117309.55,2.1,0,4.52,73.6,0,22,8,12.6,1.0,0.117,1,0,,,0,0
EMP-11516,2025-07-01,Operations,Data,L1,Chicago-Downtown,Full-Time,31,68,37879.13,7.1,2,2.9,37.5,1,46,13,6.0,0.0,0.031,0,1,2025-08-29,Voluntary,1,1
EMP-12757,2025-07-01,Operations,Operations,L1,Remote-US,Full-Time,34,20,54565.31,12.1,4,3.57,57.9,0,24,70,10.9,1.0,0.035,1,0,,,0,0
EMP-12749,2025-07-01,Programs,Finance,L3,Chicago-Downtown,Full-Time,30,10,81067.63,2.0,1,2.87,71.4,0,51,0,5.2,0.4,0.027,0,0,,,0,0
EMP-10882,2025-07-01,Programs,Fundraising,L2,Remote-US,Full-Time,43,49,56237.19,10.1,2,3.89,76.8,0,108,62,14.3,0.6,0.045,0,0,,,0,0
EMP-10536,2025-07-01,Research,Program Delivery,L1,Remote-US,Full-Time,26,12,41151.94,10.0,0,2.61,72.6,1,38,49,29.9,0.4,0.084,1,0,,,0,0
EMP-10944,2025-07-01,Finance,HR,L2,Chicago-North,Full-Time,49,8,57464.36,24.9,0,3.04,63.6,0,51,30,6.3,0.8,0.084,0,0,,,0,0
EMP-10945,2025-07-01,Programs,Data,L1,Chicago-Downtown,Full-Time,51,16,53681.98,8.9,3,3.2,100.0,0,12,40,15.9,0.0,0.036,0,0,,,0,0
EMP-12745,2025-07-01,Development,Program Delivery,L4,Chicago-North,Part-Time,40,40,101670.65,7.5,0,2.86,63.0,1,36,35,11.1,1.0,0.057,0,0,,,0,0
EMP-12743,2025-07-01,Operations,Operations,L1,Chicago-South,Full-Time,39,33,59613.03,15.7,4,3.31,89.6,0,31,57,12.4,0.0,0.053,0,0,,,0,0
EMP-11737,2025-07-01,Programs,HR,L2,Chicago-Downtown,Full-Time,28,10,46798.56,11.9,4,4.53,84.7,0,12,34,29.9,0.0,-0.057,1,0,,,0,0
EMP-11520,2025-07-01,People,Program Delivery,L1,Remote-US,Full-Time,27,88,59637.72,10.7,1,3.86,69.6,1,5,64,20.4,0.4,-0.008,0,0,,,0,0
EMP-10846,2025-07-01,Programs,Program Delivery,L1,Remote-US,Full-Time,34,17,48027.21,13.1,7,4.27,89.3,0,57,34,1.9,0.2,-0.024,0,0,,,0,0
EMP-11692,2025-07-01,Research,Data,L1,Chicago-Downtown,Full-Time,31,67,49033.1,8.9,3,2.52,70.3,0,49,31,22.0,0.6,0.04,0,0,,,0,0
EMP-11581,2025-07-01,Programs,HR,L1,Chicago-Downtown,Part-Time,30,17,47815.42,1.6,2,2.95,58.8,1,6,19,3.3,0.8,0.018,1,1,2025-09-10,Voluntary,0,1
EMP-12972,2025-07-01,Research,Operations,L2,Chicago-South,Full-Time,25,18,64484.21,17.9,2,3.09,82.8,1,84,75,13.2,0.6,0.01,1,0,,,0,0
EMP-11044,2025-07-01,Research,Operations,L4,Chicago-South,Full-Time,30,20,116462.17,4.2,1,3.9,94.1,0,40,22,11.9,0.0,-0.029,1,0,,,0,0
EMP-10844,2025-07-01,People,Fundraising,L1,Chicago-North,Part-Time,50,77,58647.23,6.4,4,3.98,60.5,0,16,23,21.0,0.2,0.037,0,1,2025-07-20,Involuntary,1,1
EMP-10476,2025-07-01,Programs,Data,L3,Chicago-South,Full-Time,31,41,79988.16,2.8,2,3.19,74.3,1,69,58,12.8,0.0,0.085,1,0,,,0,0
EMP-10352,2025-07-01,Research,Finance,L1,Chicago-North,Part-Time,38,16,45364.66,5.7,3,2.93,66.8,1,29,36,7.7,0.2,0.044,0,0,,,0,0
EMP-10570,2025-07-01,Operations,Finance,L2,Chicago-North,Full-Time,43,67,58755.39,23.5,1,3.97,73.6,0,37,36,26.3,0.8,0.09,0,0,,,0,0
EMP-11986,2025-07-01,Programs,Fundraising,L2,Chicago-North,Full-Time,31,13,65567.6,13.4,5,2.69,59.9,0,105,30,13.1,0.2,0.061,0,0,,,0,0
EMP-11053,2025-07-01,Programs,HR,L3,Remote-US,Full-Time,42,17,98809.66,4.1,0,3.27,47.8,1,67,39,15.4,0.8,0.02,0,0,,,0,0
EMP-10351,2025-07-01,Finance,HR,L2,Chicago-Downtown,Full-Time,32,33,62616.3,9.2,5,3.29,46.4,0,8,33,4.5,0.6,-0.014,0,0,,,0,0
EMP-10500,2025-07-01,Development,Program Delivery,L2,Chicago-Downtown,Full-Time,38,16,71499.71,3.8,5,3.08,43.6,1,56,31,23.6,0.4,0.029,0,1,2025-09-28,Voluntary,0,1
EMP-10008,2025-07-01,Research,Finance,L1,Chicago-Downtown,Full-Time,32,40,51038.17,21.1,1,3.27,60.2,0,17,56,3.3,0.0,0.055,0,0,,,0,0
EMP-11039,2025-07-01,Programs,Data,L1,Remote-US,Full-Time,35,15,47855.25,4.9,2,3.13,64.1,0,6,39,10.1,0.6,0.029,0,0,,,0,0
EMP-12574,2025-07-01,Programs,HR,L2,Chicago-South,Full-Time,35,53,56428.87,9.3,1,2.66,68.1,2,46,79,24.7,0.4,0.089,0,0,,,0,0
EMP-11065,2025-07-01,Development,Program Delivery,L4,Remote-US,Full-Time,43,34,109456.38,8.9,2,3.57,57.9,1,14,36,7.4,1.0,0.047,1,0,,,0,0
EMP-12565,2025-07-01,Development,HR,L1,Chicago-North,Part-Time,44,76,42974.01,9.5,1,3.43,83.7,0,33,36,22.8,0.8,0.078,0,0,,,0,0
EMP-11070,2025-07-01,Operations,Data,L1,Remote-US,Full-Time,20,14,36825.27,19.8,1,3.29,58.0,1,110,30,14.5,0.6,0.088,0,1,2025-07-17,Involuntary,1,1
EMP-11614,2025-07-01,Development,Operations,L4,Chicago-North,Full-Time,52,67,113526.21,17.0,3,3.74,58.2,0,59,2,6.2,1.0,-0.048,0,0,,,0,0
EMP-10799,2025-07-01,Development,Operations,L4,Remote-US,Full-Time,60,36,97734.44,16.2,2,2.78,93.3,0,20,30,7.1,0.0,0.064,0,0,,,0,0
EMP-12552,2025-07-01,Programs,Fundraising,L3,Chicago-North,Full-Time,23,166,86733.61,4.2,4,2.16,82.3,1,5,41,4.8,1.0,0.035,0,0,,,0,0
EMP-12549,2025-07-01,Finance,Fundraising,L1,Chicago-Downtown,Full-Time,22,78,40030.97,3.5,3,3.22,64.5,0,8,37,5.9,0.6,-0.008,0,1,2025-09-18,Voluntary,0,1
EMP-11082,2025-07-01,Operations,Operations,L2,Chicago-Downtown,Part-Time,57,44,62163.65,13.4,4,3.7,70.9,0,39,47,2.2,1.0,-0.055,2,0,,,0,0
EMP-11409,2025-07-01,People,Fundraising,L2,Chicago-South,Full-Time,31,73,63201.44,5.0,1,3.93,100.0,0,32,15,31.5,0.0,0.006,0,0,,,0,0
EMP-10166,2025-07-01,Operations,Data,L3,Chicago-South,Full-Time,41,168,79589.85,5.1,2,2.9,85.8,0,34,86,5.7,1.0,0.106,0,0,,,0,0
EMP-11620,2025-07-01,Programs,HR,L2,Chicago-South,Full-Time,38,25,57371.56,6.8,0,2.28,81.0,0,53,19,5.3,0.0,0.013,0,0,,,0,0
EMP-12573,2025-07-01,People,Program Delivery,L1,Remote-US,Full-Time,20,42,58355.6,9.9,2,2.91,70.7,0,46,39,2.4,0.0,0.005,0,0,,,0,0
EMP-10501,2025-07-01,Operations,Fundraising,L3,Chicago-North,Full-Time,36,13,86119.34,0.8,1,4.14,71.7,0,24,36,34.9,0.6,0.048,0,0,,,0,0
EMP-11045,2025-07-01,Finance,Operations,L1,Remote-US,Full-Time,44,68,53221.4,2.5,2,3.53,65.2,1,12,15,18.9,0.4,-0.018,0,1,2025-07-06,Involuntary,1,1
EMP-10819,2025-07-01,Programs,Program Delivery,L1,Chicago-Downtown,Full-Time,39,118,58281.19,6.2,1,3.2,47.8,0,16,16,3.3,0.4,-0.012,0,0,,,0,0
EMP-10841,2025-07-01,People,Fundraising,L3,Remote-US,Full-Time,20,74,79532.2,10.7,1,3.54,63.6,0,16,35,14.5,1.0,0.047,1,0,,,0,0
EMP-11457,2025-07-01,Programs,Operations,L3,Chicago-Downtown,Full-Time,42,19,91339.52,6.2,6,2.84,50.1,2,13,48,8.7,0.2,0.107,1,1,2025-07-15,Voluntary,1,1
EMP-10120,2025-07-01,Finance,Fundraising,L2,Chicago-Downtown,Part-Time,27,39,51317.92,13.0,0,4.28,56.9,2,67,56,4.0,0.0,0.045,0,0,,,0,0
EMP-11005,2025-07-01,Operations,Program Delivery,L1,Chicago-Downtown,Part-Time,24,88,55565.41,8.7,3,3.76,57.0,0,34,32,3.0,1.0,0.066,0,0,,,0,0
EMP-10715,2025-07-01,Operations,Finance,L2,Chicago-South,Full-Time,40,32,71803.56,12.1,1,3.13,71.5,0,46,49,6.3,1.0,-0.005,0,0,,,0,0
EMP-11678,2025-07-01,Development,HR,L1,Chicago-North,Full-Time,46,42,46963.2,5.5,2,5.0,84.7,1,9,37,11.8,0.0,0.029,1,0,,,0,0
EMP-11956,2025-07-01,People,Fundraising,L1,Chicago-South,Full-Time,34,41,55195.55,14.9,4,3.04,90.1,0,98,24,44.5,0.4,-0.021,0,0,,,0,0
EMP-11957,2025-07-01,Programs,Finance,L2,Chicago-Downtown,Full-Time,30,60,72791.58,10.9,2,3.13,69.4,0,37,42,3.0,0.0,0.064,0,0,,,0,0
EMP-11603,2025-07-01,Operations,Program Delivery,L3,Remote-US,Full-Time,27,67,93306.37,2.2,0,3.69,63.2,0,62,30,7.0,1.0,0.068,0,0,,,0,0
EMP-11018,2025-07-01,Operations,Finance,L2,Chicago-Downtown,Full-Time,45,51,60150.5,9.2,1,3.37,96.6,2,36,12,10.3,0.8,0.064,0,0,,,0,0
EMP-12620,2025-07-01,People,Fundraising,L2,Chicago-Downtown,Part-Time,47,65,72283.76,16.6,5,2.95,51.1,1,8,48,8.2,0.0,0.01,0,0,,,0,0
EMP-10358,2025-07-01,Operations,Finance,L2,Remote-US,Full-Time,41,83,47704.71,8.3,3,2.41,91.2,0,32,60,6.1,0.4,-0.047,1,0,,,0,0
EMP-12826,2025-07-01,Research,Data,L3,Chicago-Downtown,Full-Time,30,67,80476.79,13.8,7,3.6,67.1,0,96,6,5.4,0.0,0.037,1,0,,,0,0
EMP-11030,2025-07-01,Programs,Program Delivery,L2,Chicago-South,Full-Time,33,78,62393.81,7.1,2,4.22,78.6,0,34,25,15.3,0.4,-0.001,0,0,,,0,0
EMP-12962,2025-07-01,Programs,HR,L1,Chicago-South,Full-Time,40,126,55999.12,6.6,2,3.73,78.0,0,26,24,7.0,0.4,0.038,1,0,,,0,0
EMP-12614,2025-07-01,Programs,Operations,L3,Remote-US,Full-Time,39,9,87206.4,3.6,5,3.48,68.6,0,22,22,18.2,1.0,0.072,0,0,,,0,0
EMP-12243,2025-07-01,People,Finance,L1,Chicago-South,Full-Time,29,32,32000.0,14.3,0,4.38,65.3,1,34,30,32.0,0.0,0.077,1,0,,,0,0
EMP-10830,2025-07-01,Finance,Finance,L2,Chicago-Downtown,Full-Time,35,56,60195.79,12.9,2,3.02,87.5,0,33,53,7.8,0.4,0.02,0,0,,,0,0
EMP-10442,2025-08-01,Programs,Data,L1,Chicago-Downtown,Full-Time,35,21,48522.78,3.8,2,3.21,68.1,0,16,24,7.3,0.2,-0.035,0,0,,,0,0
EMP-11690,2025-08-01,Operations,Operations,L2,Chicago-South,Full-Time,34,80,73708.4,11.1,2,2.82,78.0,0,12,49,5.5,0.8,0.06,1,0,,,0,0
EMP-11586,2025-08-01,Finance,Finance,L4,Chicago-North,Part-Time,41,33,120943.96,17.6,1,4.04,81.8,0,24,60,12.8,0.0,0.021,0,0,,,0,0
EMP-11570,2025-08-01,Development,Data,L2,Chicago-North,Full-Time,25,27,60001.19,18.4,0,3.48,66.3,0,13,29,15.5,0.0,-0.003,1,0,,,0,0
EMP-11587,2025-08-01,Programs,HR,L1,Chicago-South,Full-Time,26,78,49392.12,19.6,1,3.39,71.0,0,22,70,14.1,0.0,0.03,1,0,,,0,0
EMP-11654,2025-08-01,People,Fundraising,L1,Chicago-Downtown,Full-Time,27,86,49669.71,12.5,3,3.97,83.8,0,62,14,10.3,0.4,0.055,0,0,,,0,0
EMP-12193,2025-08-01,Research,HR,L3,Chicago-Downtown,Full-Time,44,64,91319.58,6.3,1,3.94,69.5,0,18,26,1.3,0.0,-0.073,0,0,,,0,0
EMP-11712,2025-08-01,Programs,Finance,L2,Remote-US,Full-Time,23,102,57796.06,8.4,4,3.39,82.3,0,34,51,56.4,1.0,0.005,0,0,,,0,0
EMP-11633,2025-08-01,Finance,Finance,L1,Chicago-South,Full-Time,48,47,57059.92,2.7,2,2.84,66.0,0,33,12,12.9,1.0,0.016,0,0,,,0,0
EMP-11644,2025-08-01,Development,Finance,L2,Remote-US,Full-Time,46,76,55780.41,3.7,1,3.95,90.4,0,36,27,13.7,0.6,0.108,0,1,2025-08-14,Involuntary,1,1
EMP-10290,2025-08-01,Operations,Finance,L3,Chicago-South,Part-Time,26,56,82150.86,16.6,3,3.18,88.1,0,109,43,17.4,0.6,-0.017,0,0,,,0,0
EMP-11741,2025-08-01,Operations,Data,L3,Chicago-South,Full-Time,51,41,86922.53,3.8,4,3.28,73.4,2,41,33,41.7,0.4,0.082,0,0,,,0,0
EMP-12192,2025-08-01,Research,Data,L1,Remote-US,Full-Time,46,86,49730.03,5.9,1,2.9,83.1,1,30,52,18.5,0.6,0.001,0,0,,,0,0
EMP-11647,2025-08-01,People,Finance,L1,Chicago-Downtown,Full-Time,45,51,48016.71,18.2,4,2.93,72.2,0,36,16,34.7,0.2,-0.023,0,0,,,0,0
EMP-11283,2025-08-01,People,Program Delivery,L1,Remote-US,Part-Time,23,14,47511.58,1.6,0,3.51,80.6,1,67,18,6.6,0.4,0.048,0,0,,,0,0
EMP-10611,2025-08-01,Operations,Operations,L1,Chicago-South,Full-Time,43,119,56068.4,39.5,2,3.34,47.8,1,62,18,42.3,1.0,-0.03,1,1,2025-09-18,Voluntary,1,1
EMP-11266,2025-08-01,People,HR,L2,Chicago-Downtown,Full-Time,33,46,65291.52,4.4,4,4.34,63.2,0,22,20,8.5,0.6,0.068,0,0,,,0,0
EMP-11406,2025-08-01,Operations,Operations,L1,Remote-US,Full-Time,37,49,47703.46,6.8,3,2.09,69.5,1,26,58,35.4,1.0,-0.011,0,0,,,0,0
EMP-11774,2025-08-01,Programs,Data,L2,Chicago-South,Full-Time,37,50,68021.15,11.0,3,3.79,81.4,2,39,26,20.5,1.0,0.057,0,0,,,0,0
EMP-12067,2025-08-01,People,Finance,L2,Chicago-Downtown,Full-Time,29,50,65297.73,13.6,1,2.35,85.2,0,47,5,36.7,0.8,0.034,1,0,,,0,0
EMP-12066,2025-08-01,Programs,Data,L2,Chicago-Downtown,Full-Time,36,34,72840.17,22.6,1,2.5,78.9,2,8,41,40.1,0.4,0.047,1,1,2025-10-27,Involuntary,1,1
EMP-10366,2025-08-01,Programs,Data,L1,Chicago-Downtown,Full-Time,38,24,53471.46,28.5,1,2.94,53.5,0,66,36,2.9,1.0,-0.014,0,0,,,0,0
EMP-11952,2025-08-01,Research,Operations,L1,Chicago-South,Part-Time,28,35,41955.81,7.6,0,4.1,83.4,0,15,8,10.0,0.4,0.029,1,0,,,0,0
EMP-11454,2025-08-01,Development,Program Delivery,L3,Chicago-Downtown,Full-Time,30,40,83878.42,27.3,1,2.53,95.6,1,33,22,11.3,1.0,0.075,0,0,,,0,0
EMP-12056,2025-08-01,Research,Finance,L3,Chicago-North,Full-Time,37,81,76815.12,1.8,2,3.79,70.0,0,60,45,4.4,1.0,-0.017,0,1,2025-10-03,Voluntary,0,1
EMP-10356,2025-08-01,Operations,HR,L4,Chicago-South,Full-Time,41,48,110772.87,5.3,1,3.24,85.1,0,39,75,19.6,0.6,0.035,0,0,,,0,0
EMP-11435,2025-08-01,Research,Finance,L1,Chicago-Downtown,Part-Time,35,70,47863.79,4.9,1,4.83,100.0,2,111,75,14.7,0.4,0.053,1,0,,,0,0
EMP-11978,2025-08-01,Operations,Finance,L1,Chicago-Downtown,Full-Time,40,25,50598.35,2.4,3,2.91,83.8,0,27,21,54.2,1.0,0.079,3,0,,,0,0
EMP-11431,2025-08-01,People,Fundraising,L2,Remote-US,Full-Time,29,36,63435.96,6.7,3,2.82,85.3,0,120,10,13.4,0.4,-0.025,0,0,,,0,0
EMP-10369,2025-08-01,Operations,Program Delivery,L2,Remote-US,Full-Time,33,31,74338.0,17.5,1,2.81,70.2,0,34,12,26.6,0.0,0.073,0,0,,,0,0
EMP-11984,2025-08-01,Programs,Program Delivery,L2,Chicago-Downtown,Full-Time,38,60,80209.99,17.6,2,3.24,81.8,0,92,30,11.7,0.6,0.025,0,0,,,0,0
EMP-11377,2025-08-01,Research,Data,L2,Chicago-South,Full-Time,25,19,62977.12,5.1,3,2.61,76.4,1,28,36,1.4,1.0,0.057,0,0,,,0,0
EMP-11989,2025-08-01,People,Program Delivery,L1,Chicago-Downtown,Full-Time,24,35,35483.91,11.6,2,3.94,76.8,1,11,49,6.4,0.8,0.065,0,0,,,0,0
EMP-11420,2025-08-01,Operations,HR,L4,Chicago-South,Full-Time,34,15,112008.89,40.8,0,2.15,44.6,0,96,24,7.1,1.0,0.028,0,0,,,0,0
EMP-11991,2025-08-01,Operations,Finance,L2,Chicago-Downtown,Full-Time,25,66,84437.96,10.0,4,3.41,61.7,0,92,27,22.4,0.4,0.005,1,0,,,0,0
EMP-11418,2025-08-01,Research,Data,L3,Remote-US,Full-Time,34,28,94752.74,5.6,1,3.33,85.5,0,21,47,21.5,0.8,0.029,1,0,,,0,0
EMP-11417,2025-08-01,Operations,HR,L2,Chicago-North,Full-Time,25,75,72571.66,12.9,2,2.36,67.6,0,37,52,15.7,0.0,0.037,1,0,,,0,0
EMP-11998,2025-08-01,Development,Program Delivery,L2,Chicago-South,Full-Time,43,98,63810.72,2.8,1,2.69,61.8,0,61,37,15.5,0.0,0.107,0,0,,,0,0
EMP-11412,2025-08-01,Programs,HR,L2,Chicago-North,Full-Time,45,6,66853.96,16.8,1,3.64,79.5,0,102,40,9.9,0.6,0.111,1,0,,,0,0
EMP-11393,2025-08-01,Research,Data,L2,Chicago-Downtown,Full-Time,44,30,43276.28,11.0,0,3.49,72.8,2,1,89,1.9,0.6,0.072,0,0,,,0,0
EMP-10578,2025-08-01,Operations,Program Delivery,L2,Chicago-South,Part-Time,50,68,75842.12,6.4,3,2.8,71.6,0,35,14,10.7,0.8,0.055,0,0,,,0,0
EMP-12048,2025-08-01,Operations,Data,L4,Chicago-Downtown,Full-Time,25,38,106779.96,4.3,1,3.83,87.6,0,31,53,5.0,1.0,0.07,0,0,,,0,0
EMP-11772,2025-08-01,Research,Finance,L3,Chicago-Downtown,Full-Time,43,29,86081.59,21.8,4,3.48,55.9,0,17,34,22.7,0.8,0.015,0,0,,,0,0
EMP-11460,2025-08-01,People,Program Delivery,L3,Chicago-Downtown,Full-Time,39,69,85842.99,2.4,1,3.35,81.3,1,9,18,1.2,0.2,0.034,0,0,,,0,0
EMP-11464,2025-08-01,Finance,Data,L3,Chicago-Downtown,Full-Time,37,7,73816.0,1.7,4,3.64,58.6,1,54,49,2.6,0.6,0.087,1,0,,,0,0
EMP-10530,2025-08-01,Development,Operations,L3,Chicago-South,Full-Time,37,21,67070.48,7.5,1,3.81,46.9,0,16,55,33.4,0.8,-0.015,1,1,2025-09-29,Voluntary,1,1
EMP-11530,2025-08-01,Programs,Operations,L3,Chicago-South,Full-Time,44,129,87078.44,6.9,4,3.12,73.8,0,57,14,16.4,0.0,0.06,0,0,,,0,0
EMP-11524,2025-08-01,Research,Finance,L1,Chicago-Downtown,Full-Time,50,16,63205.44,9.2,0,3.35,74.7,1,43,33,12.7,0.4,0.05,1,0,,,0,0
EMP-12134,2025-08-01,Operations,Finance,L3,Chicago-Downtown,Full-Time,36,33,66982.37,9.9,2,2.63,42.5,2,19,35,2.0,0.2,0.028,1,1,2025-08-21,Involuntary,1,1
EMP-11843,2025-08-01,Programs,Fundraising,L1,Chicago-North,Full-Time,46,117,52212.08,19.6,3,2.45,63.3,0,13,44,12.0,0.4,0.015,1,0,,,0,0
EMP-11315,2025-08-01,Operations,Program Delivery,L2,Chicago-Downtown,Part-Time,43,25,56321.73,2.9,3,3.67,42.4,0,25,42,6.3,0.6,-0.023,0,0,,,0,0
EMP-11512,2025-08-01,Development,Fundraising,L3,Chicago-North,Full-Time,36,7,93552.0,12.3,0,4.11,66.2,1,38,49,15.0,0.8,0.027,0,1,2025-09-26,Voluntary,1,1
EMP-11510,2025-08-01,Research,Fundraising,L3,Chicago-South,Full-Time,44,44,83107.26,7.7,2,2.87,76.5,1,50,37,13.6,0.4,0.027,0,1,2025-08-08,Involuntary,1,1
EMP-10601,2025-08-01,People,Finance,L1,Chicago-Downtown,Full-Time,46,17,47600.35,23.4,0,3.85,65.8,0,10,27,32.5,0.2,0.088,0,0,,,0,0
EMP-12128,2025-08-01,Operations,Data,L2,Chicago-Downtown,Full-Time,30,54,69097.39,3.0,2,3.91,77.0,3,16,17,16.8,0.0,0.023,0,0,,,0,0
EMP-11355,2025-08-01,Programs,Fundraising,L1,Remote-US,Full-Time,47,77,38212.3,9.7,2,3.19,65.0,2,10,68,22.7,0.2,-0.003,0,1,2025-10-03,Voluntary,0,1
EMP-12020,2025-08-01,Development,Finance,L2,Chicago-Downtown,Full-Time,30,32,72867.64,4.5,0,4.33,70.8,0,26,56,39.0,1.0,0.069,0,1,2025-10-19,Involuntary,0,1
EMP-12111,2025-08-01,Programs,Operations,L2,Chicago-Downtown,Full-Time,50,47,63597.69,3.4,1,4.2,85.0,1,79,33,3.4,0.2,0.015,0,0,,,0,0
EMP-12104,2025-08-01,Development,HR,L3,Chicago-Downtown,Full-Time,25,35,94029.48,4.6,2,2.89,83.0,0,99,13,5.4,0.2,0.067,0,0,,,0,0
EMP-12103,2025-08-01,Operations,HR,L1,Chicago-North,Full-Time,42,96,57407.62,8.3,4,3.8,59.2,0,69,47,8.2,0.0,0.028,0,1,2025-08-07,Involuntary,1,1
EMP-11857,2025-08-01,Programs,Operations,L1,Chicago-Downtown,Full-Time,37,115,52061.89,3.1,2,2.22,100.0,1,83,13,12.6,0.6,0.102,0,0,,,0,0
EMP-10542,2025-08-01,Operations,Operations,L3,Chicago-North,Full-Time,22,96,80205.13,4.9,6,2.27,96.5,1,45,43,4.9,1.0,0.092,0,0,,,0,0
EMP-11868,2025-08-01,Finance,Program Delivery,L2,Chicago-Downtown,Full-Time,42,30,73916.15,15.8,2,3.6,60.2,0,21,28,44.4,0.0,0.029,0,0,,,0,0
EMP-12099,2025-08-01,Research,Program Delivery,L2,Remote-US,Full-Time,29,48,58637.26,22.7,2,3.96,73.4,0,97,62,20.0,0.4,0.011,0,0,,,0,0
EMP-10387,2025-08-01,Operations,Operations,L3,Chicago-North,Full-Time,31,75,91321.31,20.3,4,3.75,76.1,0,28,48,25.5,0.0,0.022,3,0,,,0,0
EMP-10320,2025-08-01,Programs,Program Delivery,L2,Remote-US,Full-Time,43,118,46482.91,12.0,1,3.0,68.2,2,12,40,4.1,0.0,0.062,0,0,,,0,0
EMP-11936,2025-08-01,Programs,Fundraising,L2,Chicago-South,Full-Time,30,129,62971.48,0.8,2,2.9,84.4,0,41,59,16.1,0.6,0.01,0,0,,,0,0
EMP-12121,2025-08-01,Programs,HR,L1,Chicago-Downtown,Full-Time,20,96,46677.84,4.3,4,2.07,43.1,0,7,77,13.4,0.2,0.034,0,0,,,0,0
EMP-11437,2025-08-01,People,Fundraising,L1,Chicago-Downtown,Full-Time,52,111,53196.25,1.9,3,4.38,95.7,0,12,39,15.5,1.0,0.081,1,0,,,0,0
EMP-11207,2025-08-01,Development,Fundraising,L1,Chicago-North,Full-Time,31,56,39967.79,6.2,3,4.34,100.0,0,21,14,18.0,1.0,0.057,1,0,,,0,0
EMP-12255,2025-08-01,Research,Data,L2,Chicago-South,Full-Time,52,50,57200.62,16.3,0,4.77,73.8,3,33,47,12.9,0.0,0.066,0,0,,,0,0
EMP-10677,2025-08-01,Finance,Operations,L1,Chicago-Downtown,Full-Time,43,56,41415.26,26.3,2,2.97,70.6,0,37,18,11.4,0.8,0.001,0,0,,,0,0
EMP-12490,2025-08-01,Operations,Finance,L1,Remote-US,Full-Time,20,30,45758.52,3.9,3,3.86,83.0,0,19,42,6.1,1.0,0.043,0,0,,,0,0
EMP-12484,2025-08-01,Programs,Finance,L1,Chicago-South,Part-Time,35,12,41953.68,5.3,3,4.25,76.7,1,51,41,0.5,0.6,0.046,1,0,,,0,0
EMP-12483,2025-08-01,Finance,Operations,L2,Chicago-Downtown,Part-Time,42,39,67679.39,1.7,2,4.59,64.2,1,51,33,8.9,0.0,0.107,0,1,2025-09-19,Voluntary,1,1
EMP-12478,2025-08-01,Operations,Operations,L3,Remote-US,Part-Time,35,25,78794.09,12.9,2,3.61,97.1,1,65,35,19.4,0.8,0.009,0,1,2025-10-13,Involuntary,1,1
EMP-10185,2025-08-01,Programs,HR,L4,Chicago-North,Full-Time,32,15,111056.33,7.2,4,3.67,87.8,0,50,3,38.6,0.0,0.051,0,0,,,0,0
EMP-10093,2025-08-01,People,Data,L1,Chicago-North,Full-Time,34,4,59086.88,12.4,1,4.09,84.9,1,60,25,34.9,1.0,0.04,0,0,,,0,0
EMP-11123,2025-08-01,Operations,Finance,L3,Chicago-South,Part-Time,29,17,75212.58,8.3,3,3.6,81.2,0,28,12,16.7,0.8,0.028,0,0,,,0,0
EMP-12464,2025-08-01,Programs,Operations,L1,Remote-US,Full-Time,39,87,57116.22,2.8,1,3.52,62.6,0,19,46,3.6,0.0,0.072,0,0,,,0,0
EMP-12736,2025-08-01,Programs,Operations,L1,Chicago-Downtown,Full-Time,32,92,49625.86,2.7,2,3.56,73.3,0,33,28,9.2,1.0,0.052,1,1,2025-10-23,Voluntary,1,1
EMP-12742,2025-08-01,Research,Operations,L2,Chicago-North,Full-Time,40,3,63715.66,3.9,0,3.27,83.4,0,30,43,65.2,0.2,-0.034,0,0,,,0,0
EMP-10937,2025-08-01,Research,HR,L2,Remote-US,Full-Time,55,13,61536.89,4.8,2,1.87,68.6,1,26,53,0.7,0.6,-0.011,2,0,,,0,0
EMP-12454,2025-08-01,People,Program Delivery,L1,Chicago-South,Full-Time,25,56,49486.35,7.0,2,4.45,58.7,0,45,47,15.3,1.0,0.058,0,1,2025-09-07,Involuntary,1,1
EMP-10076,2025-08-01,People,Operations,L2,Remote-US,Full-Time,41,30,69631.53,5.7,2,3.73,98.8,0,11,51,16.8,0.2,0.066,0,0,,,0,0
EMP-12766,2025-08-01,Programs,Operations,L4,Chicago-Downtown,Full-Time,42,20,105382.71,4.5,2,3.85,62.0,0,62,48,5.5,0.6,0.093,0,0,,,0,0
EMP-11143,2025-08-01,Development,Finance,L2,Remote-US,Full-Time,49,149,45899.04,11.8,3,3.96,91.4,0,23,74,21.4,0.4,0.024,1,0,,,0,0
EMP-12439,2025-08-01,Operations,Data,L2,Remote-US,Full-Time,41,13,69704.55,12.6,3,2.08,71.9,0,12,67,6.3,0.6,0.052,0,1,2025-10-23,Voluntary,0,1
EMP-11147,2025-08-01,Finance,Data,L3,Chicago-South,Full-Time,24,71,79259.87,16.0,0,2.85,68.7,0,32,29,23.2,0.2,0.014,1,0,,,0,0
EMP-10929,2025-08-01,Finance,Program Delivery,L2,Chicago-South,Full-Time,26,42,61899.23,12.4,3,2.52,69.8,1,42,53,17.1,0.8,0.009,1,1,2025-08-07,Involuntary,1,1
EMP-12771,2025-08-01,Finance,Program Delivery,L2,Chicago-Downtown,Full-Time,41,30,65383.73,3.1,2,2.26,89.7,2,15,18,4.3,1.0,0.017,0,0,,,0,0
EMP-12782,2025-08-01,Development,Fundraising,L1,Chicago-North,Full-Time,32,54,45008.92,9.1,2,4.16,69.1,0,39,38,4.3,0.0,0.105,0,0,,,0,0
EMP-12791,2025-08-01,Programs,Fundraising,L2,Chicago-South,Full-Time,21,27,53255.97,5.0,1,4.74,94.3,1,17,55,8.5,1.0,0.062,1,0,,,0,0
EMP-12415,2025-08-01,Programs,Finance,L2,Chicago-Downtown,Full-Time,34,45,70530.18,6.5,1,2.01,67.4,0,38,46,10.4,1.0,0.031,0,0,,,0,0
EMP-10208,2025-08-01,Operations,Data,L4,Chicago-Downtown,Full-Time,37,26,106313.41,3.4,3,3.51,69.4,1,27,64,18.4,0.4,-0.015,0,0,,,0,0
EMP-12811,2025-08-01,Development,Operations,L3,Chicago-North,Full-Time,43,47,87177.88,11.2,2,3.98,63.8,0,17,38,29.8,0.2,0.01,0,0,,,0,0
EMP-11160,2025-08-01,Research,Data,L1,Chicago-South,Full-Time,20,21,56923.77,10.9,1,2.37,64.9,0,39,12,11.5,0.4,0.008,0,0,,,0,0
EMP-10061,2025-08-01,Programs,Fundraising,L4,Remote-US,Full-Time,50,53,97021.12,4.0,1,4.0,47.3,0,34,8,16.8,0.2,0.061,0,0,,,0,0
EMP-12838,2025-08-01,Finance,Operations,L2,Chicago-North,Full-Time,28,103,73659.08,11.9,3,3.92,57.5,0,11,42,20.2,1.0,-0.071,0,0,,,0,0
EMP-12404,2025-08-01,Research,HR,L1,Chicago-Downtown,Full-Time,44,15,60948.46,4.2,2,3.07,68.6,0,17,62,25.8,0.0,-0.001,1,0,,,0,0
EMP-10679,2025-08-01,Research,Data,L2,Remote-US,Full-Time,42,94,57823.91,5.1,1,3.84,45.5,1,49,49,28.2,1.0,0.07,0,0,,,0,0
EMP-12493,2025-08-01,Operations,Fundraising,L2,Chicago-North,Full-Time,43,30,57159.16,9.1,4,3.72,64.3,0,10,35,4.4,1.0,0.135,0,0,,,0,0
EMP-12494,2025-08-01,People,Fundraising,L3,Chicago-North,Full-Time,28,29,88930.27,9.2,3,2.9,72.6,0,37,19,15.0,0.4,0.023,0,0,,,0,0
EMP-12710,2025-08-01,Development,Finance,L2,Chicago-Downtown,Full-Time,39,30,49134.02,19.9,2,2.68,72.7,0,34,0,1.7,0.0,0.024,0,0,,,0,0
EMP-12612,2025-08-01,Operations,Program Delivery,L1,Chicago-North,Full-Time,46,22,33572.79,6.9,4,3.43,89.9,0,43,47,4.7,0.0,0.003,0,0,,,0,0
EMP-12633,2025-08-01,Programs,Data,L4,Chicago-Downtown,Full-Time,39,19,106332.96,16.6,1,3.44,65.0,1,22,17,4.3,0.0,0.042,1,1,2025-10-25,Voluntary,1,1
EMP-11029,2025-08-01,Operations,Program Delivery,L1,Chicago-South,Full-Time,36,4,50434.68,16.1,3,2.49,76.6,2,28,17,2.5,0.8,0.068,2,0,,,0,0
EMP-11031,2025-08-01,Programs,Operations,L1,Chicago-North,Part-Time,61,69,53475.75,9.7,1,4.07,81.8,1,91,80,17.7,0.0,0.003,0,0,,,0,0
EMP-11037,2025-08-01,Research,Fundraising,L4,Chicago-Downtown,Full-Time,43,110,113521.17,12.7,2,2.91,60.2,1,45,41,9.4,0.6,0.066,1,0,,,0,0
EMP-11038,2025-08-01,Programs,Finance,L3,Chicago-South,Full-Time,31,104,62117.46,10.9,4,2.49,56.6,1,18,27,4.4,1.0,0.054,0,0,,,0,0
EMP-10716,2025-08-01,People,Program Delivery,L2,Remote-US,Full-Time,49,47,66340.67,6.3,2,2.61,87.4,0,5,19,36.3,0.0,0.053,0,0,,,0,0
EMP-11000,2025-08-01,Operations,Program Delivery,L1,Chicago-South,Full-Time,40,83,40597.39,9.5,2,3.84,100.0,0,13,59,1.3,1.0,0.069,0,0,,,0,0
EMP-11049,2025-08-01,Programs,Program Delivery,L3,Chicago-North,Full-Time,31,45,87404.07,1.2,4,2.63,61.6,1,36,0,7.1,0.0,-0.005,1,0,,,0,0
EMP-11050,2025-08-01,Finance,Finance,L2,Chicago-Downtown,Full-Time,27,145,68039.75,10.0,1,1.74,55.2,1,12,41,16.6,1.0,-0.039,0,0,,,0,0
EMP-12659,2025-08-01,Development,Operations,L1,Chicago-South,Full-Time,56,33,45256.78,6.3,3,3.45,62.0,0,16,47,29.6,0.4,0.034,0,0,,,0,0
EMP-10996,2025-08-01,Operations,Fundraising,L2,Chicago-North,Full-Time,49,58,65219.33,15.6,1,3.04,75.7,1,45,42,7.3,1.0,0.03,0,1,2025-10-25,Voluntary,0,1
EMP-10719,2025-08-01,People,Finance,L2,Remote-US,Full-Time,23,46,60736.54,4.0,0,4.22,85.3,0,63,25,13.4,1.0,0.054,0,0,,,0,0
EMP-11057,2025-08-01,Finance,Fundraising,L1,Chicago-South,Full-Time,40,12,42747.29,9.6,2,2.76,38.7,2,51,26,12.9,1.0,0.047,1,0,,,0,0
EMP-12397,2025-08-01,Programs,Data,L2,Chicago-Downtown,Part-Time,35,9,76264.37,5.0,2,3.54,63.9,1,83,22,2.4,1.0,0.085,1,0,,,0,0
EMP-12575,2025-08-01,Finance,Finance,L2,Chicago-Downtown,Full-Time,30,24,55917.15,13.9,1,1.89,51.4,0,45,46,5.5,0.2,0.002,0,0,,,0,0
EMP-12570,2025-08-01,Operations,Fundraising,L4,Remote-US,Full-Time,23,24,95271.06,9.8,3,2.97,91.2,0,37,22,6.7,0.0,0.012,0,0,,,0,0
EMP-12663,2025-08-01,Development,Operations,L2,Chicago-Downtown,Full-Time,37,29,63773.73,1.4,1,2.79,60.9,0,27,64,20.2,1.0,0.069,0,0,,,0,0
EMP-11072,2025-08-01,Operations,HR,L3,Chicago-Downtown,Full-Time,44,10,93100.87,4.1,1,2.3,80.8,0,34,49,11.5,0.2,0.003,1,0,,,0,0
EMP-10988,2025-08-01,Programs,Data,L2,Chicago-Downtown,Full-Time,30,68,60917.24,8.6,1,3.12,79.6,0,50,22,16.0,0.4,0.038,0,0,,,0,0
EMP-12678,2025-08-01,Research,HR,L1,Chicago-Downtown,Full-Time,20,26,50567.08,15.6,4,3.86,87.0,0,46,49,4.5,1.0,0.01,0,0,,,0,0
EMP-11085,2025-08-01,Operations,Fundraising,L1,Chicago-Downtown,Part-Time,32,72,54306.01,10.2,2,3.16,73.1,0,10,39,17.4,0.8,-0.014,0,0,,,0,0
EMP-12529,2025-08-01,Operations,Program Delivery,L2,Chicago-Downtown,Full-Time,33,6,47646.58,5.4,4,3.12,81.0,0,16,29,51.9,1.0,0.028,1,0,,,0,0
EMP-12525,2025-08-01,Programs,Operations,L1,Chicago-Downtown,Full-Time,27,24,43391.78,4.5,1,3.61,66.5,0,59,55,11.5,0.4,0.112,0,0,,,0,0
EMP-10110,2025-08-01,Operations,HR,L2,Chicago-South,Full-Time,37,46,51578.19,8.2,0,3.32,49.6,2,33,36,11.4,1.0,0.048,2,0,,,0,0
EMP-10171,2025-08-01,Finance,HR,L2,Remote-US,Part-Time,49,8,61380.72,15.1,1,3.79,84.2,1,70,52,12.1,0.4,0.03,0,0,,,0,0
EMP-12511,2025-08-01,Finance,Fundraising,L3,Remote-US,Full-Time,47,70,75347.59,25.0,1,2.5,53.2,0,21,15,12.4,0.4,-0.004,0,0,,,0,0
EMP-10105,2025-08-01,Research,Program Delivery,L1,Chicago-Downtown,Full-Time,52,130,70445.34,3.7,2,3.23,79.8,0,71,34,24.6,1.0,0.008,0,0,,,0,0
EMP-12702,2025-08-01,Programs,HR,L2,Chicago-North,Full-Time,30,17,70582.42,16.2,3,2.84,86.9,0,89,19,9.0,0.4,0.069,0,0,,,0,0
EMP-12704,2025-08-01,Operations,Fundraising,L2,Remote-US,Full-Time,43,60,53895.14,6.5,5,4.26,76.8,0,41,62,0.2,1.0,0.043,1,0,,,0,0
EMP-10720,2025-08-01,Operations,Fundraising,L2,Chicago-Downtown,Full-Time,46,37,53146.71,9.2,3,3.07,59.8,0,25,21,9.9,0.0,0.086,0,0,,,0,0
EMP-12395,2025-08-01,Finance,HR,L1,Remote-US,Full-Time,34,73,50750.65,4.7,3,3.05,97.4,1,21,66,11.9,1.0,0.069,0,0,,,0,0
EMP-11020,2025-08-01,Programs,Program Delivery,L2,Chicago-South,Full-Time,21,56,57588.8,4.7,2,2.76,66.2,1,39,37,14.8,1.0,-0.012,0,0,,,0,0
EMP-12951,2025-08-01,Programs,Fundraising,L3,Chicago-Downtown,Full-Time,32,32,75111.31,19.6,2,3.75,73.3,1,33,62,17.8,1.0,0.037,0,0,,,0,0
EMP-11244,2025-08-01,Programs,Data,L1,Remote-US,Full-Time,40,73,50444.06,3.2,3,3.3,77.2,3,50,27,22.6,0.0,0.034,0,0,,,0,0
EMP-12911,2025-08-01,Programs,Finance,L3,Chicago-North,Full-Time,29,18,97234.25,19.6,2,3.14,67.3,0,22,30,12.9,0.8,0.023,0,1,2025-10-17,Involuntary,1,1
EMP-11190,2025-08-01,Finance,Data,L1,Chicago-Downtown,Full-Time,45,86,71054.23,5.5,2,2.0,64.7,1,19,55,7.0,0.4,0.081,0,0,,,0,0
EMP-10220,2025-08-01,Programs,HR,L3,Remote-US,Full-Time,34,45,79842.58,8.7,2,3.43,80.0,0,48,39,13.0,0.0,0.025,0,0,,,0,0
EMP-10250,2025-08-01,Programs,Finance,L1,Chicago-South,Full-Time,46,30,40961.3,3.4,2,3.27,93.2,0,22,47,9.8,1.0,0.072,0,0,,,0,0
EMP-12303,2025-08-01,Finance,Program Delivery,L2,Chicago-Downtown,Part-Time,38,34,58912.59,17.4,5,3.82,88.1,0,24,43,23.0,0.2,-0.05,0,0,,,0,0
EMP-11231,2025-08-01,Programs,Program Delivery,L2,Chicago-South,Full-Time,47,30,75168.35,7.4,1,3.89,76.9,1,33,42,12.8,1.0,-0.028,1,0,,,0,0
EMP-12974,2025-08-01,Programs,Finance,L2,Chicago-South,Full-Time,39,52,68213.98,12.1,3,4.67,75.5,3,31,28,1.7,0.6,-0.052,0,1,2025-08-31,Voluntary,1,1
EMP-10642,2025-08-01,Research,Program Delivery,L4,Chicago-Downtown,Full-Time,46,35,116885.75,12.0,4,3.49,91.5,0,19,23,8.4,1.0,-0.038,0,0,,,0,0
EMP-12936,2025-08-01,Development,Operations,L2,Remote-US,Part-Time,24,94,78264.02,20.2,4,2.6,56.3,0,42,28,5.8,0.6,0.112,0,0,,,0,0
EMP-12940,2025-08-01,Programs,Operations,L2,Chicago-North,Full-Time,23,42,61492.86,21.5,1,2.78,57.2,0,35,37,10.5,0.4,0.051,1,0,,,0,0
EMP-12946,2025-08-01,Operations,Finance,L4,Chicago-Downtown,Part-Time,48,51,107485.8,14.7,3,2.68,93.8,1,80,33,5.5,0.4,0.143,0,0,,,0,0
EMP-10021,2025-08-01,Operations,Fundraising,L1,Chicago-North,Full-Time,41,53,50667.76,29.6,4,2.97,59.6,0,43,22,21.8,0.0,0.009,0,0,,,0,0
EMP-12968,2025-08-01,Programs,Data,L1,Chicago-Downtown,Full-Time,41,6,35504.99,17.1,3,3.31,77.9,1,18,50,17.0,0.0,0.097,2,0,,,0,0
EMP-11618,2025-08-01,Programs,HR,L1,Chicago-Downtown,Full-Time,36,50,40973.37,8.8,4,3.81,60.1,3,51,50,12.6,0.6,0.042,1,0,,,0,0
EMP-11208,2025-08-01,Finance,Operations,L2,Remote-US,Full-Time,20,1,70936.91,8.4,5,2.28,88.4,2,11,48,6.4,1.0,-0.026,0,0,,,0,0
EMP-12333,2025-08-01,Operations,Data,L1,Chicago-Downtown,Full-Time,24,67,50616.48,13.2,1,2.91,69.2,0,35,64,13.9,0.4,0.058,0,0,,,0,0
EMP-10233,2025-08-01,Operations,Program Delivery,L2,Remote-US,Full-Time,37,75,63111.11,3.0,3,3.33,55.9,0,68,33,15.4,1.0,0.159,0,0,,,0,0
EMP-12853,2025-08-01,People,Program Delivery,L2,Remote-US,Full-Time,47,180,73407.22,20.9,4,2.67,68.0,0,45,20,4.2,0.0,-0.017,0,0,,,0,0
EMP-12325,2025-08-01,Development,Finance,L1,Chicago-North,Part-Time,29,63,55107.3,0.4,6,3.77,58.4,0,23,58,10.8,0.4,0.033,0,0,,,0,0
EMP-10235,2025-08-01,Programs,Operations,L3,Remote-US,Part-Time,32,60,82704.06,12.4,3,3.94,52.8,1,24,89,10.6,1.0,0.045,1,0,,,0,0
EMP-12376,2025-08-01,Finance,Data,L4,Remote-US,Part-Time,50,97,100260.43,10.8,1,3.65,84.8,1,6,25,11.5,0.2,0.01,0,1,2025-10-02,Involuntary,1,1
EMP-12276,2025-08-01,Development,Program Delivery,L1,Chicago-Downtown,Full-Time,36,21,58940.48,19.5,5,3.02,80.5,0,113,20,29.2,0.6,0.055,0,0,,,0,0
EMP-10244,2025-08-01,Programs,Program Delivery,L3,Chicago-Downtown,Full-Time,35,115,73387.5,8.4,2,3.34,80.8,0,25,37,1.9,0.6,0.085,1,0,,,0,0
EMP-10004,2025-08-01,Programs,Fundraising,L1,Chicago-Downtown,Full-Time,40,28,52326.72,11.6,2,2.2,51.7,0,16,19,8.6,1.0,0.065,0,0,,,0,0
EMP-10798,2025-08-01,People,Program Delivery,L1,Chicago-South,Part-Time,23,25,32000.0,4.1,5,3.41,89.7,1,33,29,23.0,0.0,0.079,1,0,,,0,0
EMP-10259,2025-08-01,Programs,Finance,L2,Chicago-Downtown,Full-Time,34,3,61015.73,11.6,1,2.49,100.0,0,39,14,9.2,1.0,0.057,1,0,,,0,0
EMP-10871,2025-08-01,Programs,Data,L3,Remote-US,Full-Time,54,81,86077.64,21.2,1,3.89,72.1,0,12,12,2.9,0.0,0.008,0,0,,,0,0
EMP-12258,2025-08-01,Development,Fundraising,L3,Chicago-Downtown,Full-Time,44,23,87081.14,11.5,2,3.47,69.4,1,18,60,7.9,1.0,0.086,0,0,,,0,0
EMP-11256,2025-08-01,Operations,Program Delivery,L4,Remote-US,Full-Time,48,51,112051.03,17.9,2,3.27,65.1,0,3,40,42.7,0.4,0.04,0,0,,,0,0
EMP-12886,2025-08-01,Development,Data,L1,Chicago-South,Full-Time,33,23,37586.14,5.2,3,2.79,45.0,0,5,53,26.8,0.0,0.119,2,0,,,0,0
EMP-10257,2025-08-01,Operations,Finance,L2,Chicago-Downtown,Part-Time,48,22,55473.29,14.3,3,2.91,81.6,0,8,33,8.3,0.4,0.091,0,1,2025-10-16,Voluntary,1,1
EMP-11177,2025-08-01,Operations,Program Delivery,L3,Remote-US,Full-Time,46,56,83474.96,15.1,0,3.15,55.5,0,37,30,33.9,0.6,0.039,1,0,,,0,0
EMP-11252,2025-08-01,Research,Program Delivery,L4,Chicago-Downtown,Full-Time,44,26,109432.55,8.0,1,3.14,63.9,2,50,71,13.1,0.0,0.018,0,0,,,0,0
EMP-10256,2025-08-01,Programs,Finance,L4,Chicago-Downtown,Full-Time,31,41,92645.13,6.9,1,3.41,70.2,0,33,16,8.6,0.8,0.031,0,0,,,0,0
EMP-12892,2025-08-01,Programs,Operations,L1,Chicago-Downtown,Part-Time,36,23,32000.0,12.5,2,2.7,71.8,0,31,23,16.7,0.2,0.015,0,0,,,0,0
EMP-10379,2025-09-01,Finance,HR,L1,Remote-US,Part-Time,40,67,46178.82,7.6,0,1.77,72.4,0,11,23,8.7,0.2,0.058,0,0,,,0,0
EMP-11921,2025-09-01,Operations,Fundraising,L1,Chicago-Downtown,Full-Time,31,31,48409.31,3.7,3,3.13,48.4,1,47,30,9.3,0.0,0.02,0,0,,,0,0
EMP-10712,2025-09-01,Development,Finance,L1,Chicago-Downtown,Part-Time,26,19,60612.23,17.4,1,3.2,64.5,1,40,17,12.7,0.8,-0.011,0,0,,,0,0
EMP-11483,2025-09-01,Operations,Finance,L2,Chicago-North,Full-Time,41,124,46406.98,16.5,3,1.75,91.5,1,15,35,6.9,1.0,0.02,0,0,,,0,0
EMP-12998,2025-09-01,Programs,Program Delivery,L2,Chicago-Downtown,Full-Time,28,69,60734.76,3.1,3,2.71,61.8,1,33,56,47.5,0.6,0.039,0,0,,,0,0
EMP-10362,2025-09-01,People,Program Delivery,L1,Chicago-North,Part-Time,41,8,46902.65,7.0,1,3.4,75.3,0,64,46,19.7,0.0,0.032,1,0,,,0,0
EMP-10821,2025-09-01,Programs,Fundraising,L1,Chicago-North,Full-Time,46,94,46374.95,38.0,4,3.9,88.2,1,27,35,20.5,0.2,0.023,0,0,,,0,0
EMP-10816,2025-09-01,Research,Fundraising,L1,Remote-US,Full-Time,32,30,43146.93,13.4,4,3.04,81.6,0,6,14,12.7,0.4,0.037,0,1,2025-09-25,Voluntary,1,1
EMP-10550,2025-09-01,Programs,Finance,L2,Chicago-South,Full-Time,48,29,54708.32,3.7,3,3.34,63.2,0,26,37,20.6,0.8,0.035,0,0,,,0,0
EMP-11661,2025-09-01,Finance,Operations,L3,Remote-US,Full-Time,24,10,75470.7,11.8,3,3.81,57.0,0,29,34,7.5,0.0,0.023,1,0,,,0,0
EMP-10789,2025-09-01,Operations,Operations,L1,Chicago-Downtown,Full-Time,45,36,32000.0,14.8,2,3.84,70.2,1,36,59,7.6,1.0,0.021,0,0,,,0,0
EMP-10778,2025-09-01,Programs,Operations,L2,Remote-US,Part-Time,42,97,77760.55,18.3,1,2.88,69.5,0,7,39,13.6,1.0,0.023,1,0,,,0,0
EMP-11922,2025-09-01,Research,Finance,L2,Chicago-South,Full-Time,24,65,63663.77,9.7,3,3.17,98.9,1,89,27,4.1,0.0,0.033,0,1,2025-11-16,Voluntary,0,1
EMP-10364,2025-09-01,Research,Operations,L2,Remote-US,Full-Time,43,28,59127.14,2.2,4,2.18,79.6,0,55,34,4.6,1.0,0.022,1,0,,,0,0
EMP-12990,2025-09-01,Finance,Finance,L3,Chicago-South,Part-Time,40,69,83431.57,3.2,0,3.53,70.3,0,38,31,2.2,0.0,0.075,0,0,,,0,0
EMP-11612,2025-09-01,Research,Finance,L3,Chicago-South,Full-Time,32,70,91873.31,16.7,2,3.54,70.2,0,29,23,11.1,0.4,0.024,0,0,,,0,0
EMP-12973,2025-09-01,Programs,Data,L1,Chicago-South,Full-Time,34,44,39789.37,4.2,2,2.67,75.3,0,26,76,12.7,0.0,-0.04,0,0,,,0,0
EMP-10115,2025-09-01,Research,Data,L4,Chicago-Downtown,Full-Time,47,24,100942.72,26.6,5,3.81,86.7,0,35,40,3.4,0.0,0.084,1,0,,,0,0
EMP-12643,2025-09-01,Programs,Operations,L3,Chicago-Downtown,Full-Time,35,49,76490.26,19.6,1,3.25,85.6,1,86,23,4.8,0.4,-0.016,1,1,2025-09-24,Voluntary,0,1
EMP-10985,2025-09-01,Programs,Operations,L2,Remote-US,Full-Time,23,52,67592.33,9.3,2,2.89,87.8,1,8,34,20.9,0.8,-0.027,0,0,,,0,0
EMP-12666,2025-09-01,Programs,Data,L1,Chicago-South,Part-Time,44,8,45052.85,0.9,4,3.01,63.4,0,40,4,4.9,0.0,0.064,0,0,,,0,0
EMP-11467,2025-09-01,Operations,HR,L1,Chicago-Downtown,Full-Time,41,27,49330.81,6.3,4,2.45,58.0,1,53,50,6.9,0.0,0.031,1,0,,,0,0
EMP-10546,2025-09-01,Development,Data,L1,Remote-US,Full-Time,57,113,40821.48,32.0,2,2.6,77.7,0,96,83,4.6,1.0,0.043,0,0,,,0,0
EMP-12658,2025-09-01,People,Fundraising,L2,Chicago-South,Full-Time,40,43,79830.86,25.5,3,5.0,67.8,0,30,20,3.2,1.0,0.104,0,0,,,0,0
EMP-12661,2025-09-01,Programs,Fundraising,L2,Chicago-North,Part-Time,24,39,66028.47,5.9,0,3.92,84.9,1,51,8,27.3,0.6,0.023,1,0,,,0,0
EMP-10485,2025-09-01,Development,HR,L1,Chicago-Downtown,Full-Time,21,21,33511.34,12.8,1,3.54,91.0,1,14,37,13.3,0.6,0.036,2,0,,,0,0
EMP-10129,2025-09-01,People,Data,L2,Chicago-North,Part-Time,48,6,71427.6,1.8,3,1.91,68.9,1,24,57,28.0,0.4,0.064,0,0,,,0,0
EMP-10382,2025-09-01,Finance,HR,L3,Chicago-Downtown,Full-Time,32,71,91757.7,2.8,2,3.84,79.6,1,38,23,15.8,0.4,0.069,0,0,,,0,0
EMP-10049,2025-09-01,Operations,Program Delivery,L2,Remote-US,Full-Time,43,46,59448.84,0.8,4,3.33,42.8,1,29,18,26.7,0.4,-0.012,1,0,,,0,0
EMP-11667,2025-09-01,Research,Fundraising,L2,Remote-US,Full-Time,31,14,76518.83,10.3,2,3.46,69.4,0,30,42,13.7,0.0,0.074,2,0,,,0,0
EMP-10515,2025-09-01,Research,HR,L2,Chicago-South,Full-Time,28,50,74229.68,13.9,2,2.98,98.7,0,49,39,54.2,1.0,-0.003,0,0,,,0,0
EMP-11443,2025-09-01,Finance,Operations,L3,Chicago-Downtown,Full-Time,34,53,100224.44,15.7,2,3.39,72.9,0,6,52,11.3,1.0,0.015,0,0,,,0,0
EMP-10068,2025-09-01,Research,Operations,L1,Chicago-Downtown,Full-Time,37,28,56393.75,11.9,3,2.73,81.4,0,29,39,4.2,0.6,0.039,0,0,,,0,0
EMP-11819,2025-09-01,Research,Data,L3,Chicago-Downtown,Full-Time,39,20,86142.77,7.1,2,2.13,56.8,1,51,20,5.3,0.8,-0.009,0,0,,,0,0
EMP-12790,2025-09-01,Development,Data,L2,Chicago-Downtown,Full-Time,50,134,68584.58,8.7,3,3.75,67.1,0,22,32,5.6,1.0,0.09,1,0,,,0,0
EMP-11812,2025-09-01,Programs,HR,L2,Chicago-South,Full-Time,38,23,72573.62,8.3,4,3.73,65.5,0,92,48,48.0,0.0,0.043,0,0,,,0,0
EMP-10858,2025-09-01,Development,Fundraising,L1,Chicago-South,Full-Time,46,19,68724.05,4.9,2,2.99,52.6,0,52,44,17.5,1.0,0.049,0,0,,,0,0
EMP-10910,2025-09-01,Research,Operations,L2,Chicago-North,Full-Time,47,46,59995.29,12.5,2,3.63,80.2,3,11,45,29.9,1.0,0.007,0,0,,,0,0
EMP-11801,2025-09-01,Development,Fundraising,L2,Remote-US,Full-Time,38,53,55101.67,1.1,1,3.47,64.6,0,74,50,27.8,0.0,0.039,0,0,,,0,0
EMP-11797,2025-09-01,Operations,Fundraising,L1,Chicago-South,Full-Time,37,107,40638.3,9.2,4,4.46,67.1,2,41,59,4.4,0.8,0.116,1,0,,,0,0
EMP-11793,2025-09-01,Research,HR,L2,Chicago-North,Full-Time,27,53,46469.35,5.3,2,3.16,79.6,1,51,46,13.7,0.0,0.031,0,0,,,0,0
EMP-10045,2025-09-01,Operations,Finance,L1,Chicago-Downtown,Full-Time,33,53,46731.11,22.6,1,4.56,99.4,0,17,16,3.3,0.0,0.031,1,0,,,0,0
EMP-10528,2025-09-01,Operations,Data,L1,Chicago-South,Full-Time,31,106,44763.36,7.3,1,3.47,47.0,1,19,42,2.9,0.6,0.1,1,0,,,0,0
EMP-10517,2025-09-01,Development,HR,L3,Chicago-North,Part-Time,35,87,86108.05,4.6,3,3.18,83.3,0,97,46,9.1,1.0,0.007,0,0,,,0,0
EMP-12862,2025-09-01,Programs,Fundraising,L1,Chicago-North,Full-Time,31,62,63023.86,0.4,3,3.24,62.3,3,31,42,7.2,0.0,0.037,0,0,,,0,0
EMP-10891,2025-09-01,Operations,Data,L2,Chicago-Downtown,Full-Time,22,42,59849.16,7.7,1,4.0,67.1,1,41,65,8.9,0.0,-0.002,0,1,2025-10-24,Voluntary,1,1
EMP-12858,2025-09-01,Programs,Program Delivery,L1,Remote-US,Full-Time,41,24,55798.59,10.1,1,2.08,66.3,1,24,61,29.5,0.2,0.049,0,0,,,0,0
EMP-12846,2025-09-01,Finance,Data,L1,Chicago-South,Full-Time,37,41,46024.7,3.0,5,3.07,86.8,0,79,26,6.5,0.4,0.028,0,0,,,0,0
EMP-10881,2025-09-01,Research,Operations,L2,Chicago-South,Part-Time,42,43,57555.73,11.8,2,3.03,59.5,0,24,43,45.6,0.6,0.012,2,0,,,0,0
EMP-11575,2025-09-01,Operations,Program Delivery,L4,Chicago-North,Full-Time,40,28,98721.84,7.5,2,4.16,80.6,0,40,78,12.4,0.0,0.043,0,0,,,0,0
EMP-12902,2025-09-01,Development,Program Delivery,L3,Chicago-South,Full-Time,31,37,103505.02,14.2,0,4.11,69.3,0,26,6,15.7,0.0,-0.027,0,0,,,0,0
EMP-12763,2025-09-01,Development,Program Delivery,L1,Chicago-South,Full-Time,36,54,50959.8,7.0,0,3.68,79.1,0,33,48,14.4,0.6,0.014,0,0,,,0,0
EMP-11518,2025-09-01,Programs,Finance,L3,Chicago-South,Full-Time,29,93,68959.16,4.0,3,2.97,91.5,0,4,60,18.4,0.6,0.015,0,0,,,0,0
EMP-11595,2025-09-01,People,Operations,L1,Chicago-North,Full-Time,32,51,49322.08,12.3,2,2.34,70.8,0,31,7,16.9,0.0,0.002,1,0,,,0,0
EMP-12701,2025-09-01,Research,Data,L1,Chicago-Downtown,Full-Time,20,71,54154.77,13.2,0,1.8,49.1,1,61,25,12.6,1.0,-0.022,1,0,,,0,0
EMP-11670,2025-09-01,Operations,Operations,L4,Chicago-Downtown,Full-Time,20,13,109671.03,8.9,4,2.73,86.9,0,56,34,3.0,1.0,0.014,2,0,,,0,0
EMP-10974,2025-09-01,Research,Fundraising,L2,Remote-US,Full-Time,35,13,47129.32,4.7,0,4.83,66.0,0,48,68,4.6,0.0,0.072,0,0,,,0,0
EMP-10020,2025-09-01,Programs,Program Delivery,L3,Remote-US,Full-Time,28,95,94634.39,5.8,3,2.69,65.7,0,9,27,25.4,0.0,-0.032,1,0,,,0,0
EMP-12708,2025-09-01,People,Operations,L3,Chicago-North,Full-Time,44,9,76447.65,16.5,2,4.45,85.5,0,62,52,6.1,0.0,0.061,1,0,,,0,0
EMP-11864,2025-09-01,Programs,HR,L2,Chicago-Downtown,Full-Time,44,18,57467.68,11.1,1,3.66,60.7,1,7,50,11.3,0.0,-0.006,0,0,,,0,0
EMP-10539,2025-09-01,Programs,HR,L3,Chicago-North,Part-Time,31,18,75870.37,12.1,0,2.38,83.1,1,103,44,12.6,0.8,0.038,0,0,,,0,0
EMP-10094,2025-09-01,Development,Fundraising,L2,Chicago-South,Full-Time,34,7,69141.53,7.9,1,4.05,79.6,2,65,5,18.1,1.0,0.051,0,0,,,0,0
EMP-10793,2025-09-01,Finance,Program Delivery,L2,Chicago-Downtown,Full-Time,34,103,62056.83,4.3,3,3.21,63.3,1,29,20,10.5,0.4,0.026,1,0,,,0,0
EMP-11858,2025-09-01,Research,Operations,L4,Chicago-Downtown,Full-Time,20,51,98737.23,8.0,3,3.6,69.6,0,28,18,10.1,0.2,0.061,0,0,,,0,0
EMP-12731,2025-09-01,Development,Operations,L1,Chicago-North,Part-Time,46,72,46784.41,2.9,2,2.97,53.7,1,9,70,5.8,0.2,0.026,0,0,,,0,0
EMP-11848,2025-09-01,Research,Fundraising,L3,Chicago-Downtown,Full-Time,49,16,85950.03,8.0,3,4.71,66.3,0,47,40,9.3,0.8,0.01,0,0,,,0,0
EMP-11846,2025-09-01,Operations,Data,L4,Chicago-North,Part-Time,28,31,108640.69,4.4,4,2.61,59.4,0,85,17,15.3,0.2,-0.007,1,0,,,0,0
EMP-10467,2025-09-01,Programs,Fundraising,L1,Chicago-South,Full-Time,34,21,74312.79,25.1,2,3.42,75.9,1,38,23,5.9,0.0,0.07,0,0,,,0,0
EMP-12929,2025-09-01,Programs,Program Delivery,L3,Remote-US,Full-Time,52,24,79334.17,3.0,1,3.32,74.6,1,7,61,0.8,0.6,0.074,1,0,,,0,0
EMP-10082,2025-09-01,Programs,Data,L2,Chicago-Downtown,Full-Time,20,35,61063.66,4.1,4,3.0,78.1,0,25,57,27.7,0.6,0.036,1,0,,,0,0
EMP-11841,2025-09-01,Development,Data,L3,Remote-US,Full-Time,27,52,88669.5,6.7,0,2.73,64.7,0,19,53,10.5,1.0,0.012,0,0,,,0,0
EMP-12924,2025-09-01,Finance,Finance,L2,Chicago-Downtown,Full-Time,44,15,71977.63,6.4,2,4.05,47.4,1,14,37,28.8,0.4,0.034,0,0,,,0,0
EMP-12922,2025-09-01,People,HR,L2,Chicago-Downtown,Full-Time,31,73,61512.15,12.4,3,4.16,43.2,1,48,59,38.4,0.0,0.075,0,0,,,0,0
EMP-10469,2025-09-01,Finance,Data,L1,Remote-US,Full-Time,35,15,53214.04,12.6,3,4.27,74.3,1,28,27,4.7,0.4,0.003,1,1,2025-11-19,Involuntary,1,1
EMP-10070,2025-09-01,Research,Fundraising,L1,Chicago-Downtown,Part-Time,32,48,42943.74,5.0,3,4.23,49.2,0,80,40,1.3,0.8,0.043,1,1,2025-11-18,Voluntary,1,1
EMP-10564,2025-09-01,Programs,Fundraising,L3,Chicago-South,Full-Time,39,43,76384.7,8.1,2,2.95,96.9,1,29,21,14.8,0.4,0.104,0,0,,,0,0
EMP-12073,2025-09-01,Finance,Fundraising,L2,Chicago-North,Full-Time,39,71,60908.5,1.2,4,3.04,84.9,0,36,53,6.8,0.2,-0.008,0,0,,,0,0
EMP-12119,2025-09-01,Finance,Operations,L1,Chicago-North,Full-Time,35,18,46477.37,2.1,4,4.21,61.8,0,58,14,11.6,0.8,0.059,0,0,,,0,0
EMP-12387,2025-09-01,People,Operations,L2,Chicago-South,Full-Time,34,101,60237.92,8.9,3,3.78,69.7,1,56,33,12.2,0.6,0.02,1,0,,,0,0
EMP-11332,2025-09-01,Programs,HR,L1,Chicago-Downtown,Full-Time,28,47,60497.66,34.3,1,2.67,78.3,0,48,28,16.0,0.6,0.034,1,0,,,0,0
EMP-12401,2025-09-01,People,Data,L1,Chicago-North,Part-Time,46,44,57356.06,2.4,3,4.29,22.7,0,3,10,7.4,0.8,0.092,1,1,2025-11-25,Voluntary,1,1
EMP-11161,2025-09-01,Programs,Fundraising,L2,Remote-US,Part-Time,27,54,68571.58,3.9,1,3.34,89.0,0,21,34,2.4,0.4,0.118,0,0,,,0,0
EMP-10314,2025-09-01,Operations,Fundraising,L2,Remote-US,Full-Time,37,8,81395.61,2.5,2,4.04,73.2,0,31,24,1.7,0.2,0.053,0,0,,,0,0
EMP-10596,2025-09-01,Programs,Operations,L1,Chicago-Downtown,Full-Time,46,90,50570.12,8.5,2,3.23,91.8,0,20,28,19.0,0.0,0.015,1,0,,,0,0
EMP-11339,2025-09-01,Programs,Program Delivery,L1,Chicago-South,Full-Time,31,77,44184.82,16.3,2,3.32,83.8,1,29,21,24.6,0.6,0.008,0,0,,,0,0
EMP-11340,2025-09-01,Finance,Finance,L2,Chicago-South,Full-Time,50,76,48940.68,9.6,1,3.6,85.8,0,46,23,7.4,1.0,0.045,1,0,,,0,0
EMP-12090,2025-09-01,Programs,HR,L1,Chicago-North,Full-Time,36,56,53488.52,25.4,0,3.61,75.7,1,16,23,35.9,0.0,-0.018,0,0,,,0,0
EMP-11158,2025-09-01,Operations,Finance,L3,Remote-US,Part-Time,48,102,80090.7,1.3,4,2.6,76.7,0,3,59,7.6,0.6,0.054,0,0,,,0,0
EMP-12120,2025-09-01,Research,Finance,L3,Remote-US,Full-Time,37,31,83116.09,13.2,0,4.01,52.8,1,36,57,34.6,0.0,-0.003,0,1,2025-10-30,Voluntary,1,1
EMP-12413,2025-09-01,Research,Operations,L1,Chicago-North,Full-Time,37,20,37863.32,17.5,3,3.41,55.8,1,32,38,12.0,0.0,0.016,0,0,,,0,0
EMP-12417,2025-09-01,Research,HR,L3,Chicago-Downtown,Full-Time,38,39,87414.55,8.1,1,4.11,43.6,1,13,53,33.5,0.6,0.086,0,0,,,0,0
EMP-12072,2025-09-01,Programs,HR,L2,Remote-US,Part-Time,52,35,56519.47,8.2,3,3.19,88.6,0,2,50,12.4,1.0,0.02,0,0,,,0,0
EMP-11352,2025-09-01,Programs,Fundraising,L2,Chicago-South,Full-Time,24,65,68778.47,9.4,2,4.07,43.7,0,23,42,5.5,0.0,0.055,0,0,,,0,0
EMP-10321,2025-09-01,Development,HR,L2,Remote-US,Full-Time,33,58,63325.82,14.2,4,1.45,67.4,0,40,51,29.4,0.0,0.044,0,0,,,0,0
EMP-11360,2025-09-01,People,Program Delivery,L2,Remote-US,Full-Time,37,9,79566.99,1.4,1,2.6,54.5,1,20,44,9.3,0.0,-0.038,0,0,,,0,0
EMP-11133,2025-09-01,Finance,Data,L3,Chicago-North,Part-Time,43,85,86824.96,6.6,3,2.99,70.1,1,14,33,4.4,0.2,-0.021,1,0,,,0,0
EMP-10584,2025-09-01,Research,Program Delivery,L2,Chicago-Downtown,Full-Time,49,89,68032.43,12.4,1,2.34,93.4,0,46,60,27.2,0.0,0.035,0,0,,,0,0
EMP-12457,2025-09-01,Finance,HR,L1,Chicago-South,Full-Time,40,32,51259.79,12.0,2,3.19,59.6,1,39,46,17.4,0.0,0.114,0,0,,,0,0
EMP-10189,2025-09-01,Development,Operations,L2,Chicago-South,Full-Time,31,39,60503.96,19.2,2,2.85,58.2,0,37,52,27.9,0.4,-0.022,2,0,,,0,0
EMP-11369,2025-09-01,Development,Program Delivery,L2,Remote-US,Full-Time,46,26,48463.51,11.1,4,3.89,50.6,0,8,70,21.8,0.0,0.049,0,0,,,0,0
EMP-11125,2025-09-01,Programs,Fundraising,L2,Remote-US,Full-Time,30,180,60893.7,2.0,2,3.22,46.2,0,28,27,22.8,0.8,0.001,0,0,,,0,0
EMP-12079,2025-09-01,People,Fundraising,L3,Remote-US,Part-Time,35,18,87788.8,9.0,0,3.74,58.3,0,22,42,5.2,0.2,-0.009,2,0,,,0,0
EMP-12050,2025-09-01,People,Program Delivery,L3,Chicago-Downtown,Full-Time,36,13,75881.56,4.5,2,3.56,75.6,1,20,40,5.2,0.0,0.014,0,0,,,0,0
EMP-11176,2025-09-01,Research,Finance,L2,Chicago-Downtown,Full-Time,48,30,53838.49,8.6,0,3.55,87.5,0,23,32,4.9,0.4,0.033,1,0,,,0,0
EMP-11318,2025-09-01,Operations,Program Delivery,L3,Remote-US,Full-Time,48,108,76786.16,5.6,2,2.84,58.9,3,2,62,7.6,1.0,-0.01,0,0,,,0,0
EMP-10618,2025-09-01,Programs,Data,L1,Chicago-Downtown,Full-Time,24,113,52032.73,6.3,0,3.55,55.6,0,21,31,5.3,0.4,0.106,0,0,,,0,0
EMP-12234,2025-09-01,Operations,Data,L2,Chicago-Downtown,Part-Time,42,37,64791.37,12.2,2,3.24,64.9,0,22,5,45.1,0.8,0.059,0,0,,,0,0
EMP-10276,2025-09-01,Programs,Program Delivery,L2,Chicago-Downtown,Part-Time,32,58,62014.67,17.5,1,3.31,39.3,1,9,44,30.6,0.8,0.033,0,0,,,0,0
EMP-10613,2025-09-01,Research,Program Delivery,L1,Chicago-Downtown,Full-Time,43,20,53342.79,22.5,3,2.67,89.3,1,16,75,5.3,1.0,0.036,0,0,,,0,0
EMP-12197,2025-09-01,Finance,Operations,L3,Chicago-Downtown,Full-Time,47,37,89810.02,17.8,0,4.82,82.3,1,71,19,12.7,1.0,0.03,1,0,,,0,0
EMP-12307,2025-09-01,People,HR,L2,Remote-US,Part-Time,52,26,66582.4,2.0,0,4.81,59.9,0,4,51,4.3,0.6,-0.007,0,0,,,0,0
EMP-12311,2025-09-01,Development,Program Delivery,L2,Chicago-North,Full-Time,35,5,70865.29,21.1,1,2.81,61.8,1,52,18,20.1,0.8,0.049,0,1,2025-10-07,Involuntary,1,1
EMP-12312,2025-09-01,Programs,Data,L3,Remote-US,Full-Time,47,48,74376.81,8.3,1,3.62,75.4,0,49,47,30.1,1.0,0.13,0,0,,,0,0
EMP-12316,2025-09-01,Development,Data,L2,Remote-US,Full-Time,38,32,74454.82,4.8,4,3.63,92.4,0,73,49,8.1,0.8,0.041,2,0,,,0,0
EMP-10640,2025-09-01,Programs,HR,L3,Chicago-Downtown,Full-Time,26,36,89601.36,6.8,3,3.58,71.0,0,70,66,15.4,0.4,0.027,1,1,2025-09-11,Involuntary,1,1
EMP-12321,2025-09-01,Programs,HR,L2,Chicago-North,Full-Time,31,39,61050.74,2.2,5,3.75,76.1,0,22,42,7.7,1.0,0.009,1,0,,,0,0
EMP-12380,2025-09-01,Operations,HR,L2,Chicago-North,Part-Time,27,62,76576.3,2.6,2,4.2,67.0,0,10,63,5.0,1.0,0.015,0,0,,,0,0
EMP-10289,2025-09-01,Programs,Finance,L3,Remote-US,Full-Time,55,34,78988.12,6.2,5,2.72,92.2,1,62,10,3.2,0.6,0.051,0,1,2025-11-13,Involuntary,1,1
EMP-12323,2025-09-01,Programs,HR,L3,Chicago-North,Part-Time,36,99,80209.79,18.4,3,2.8,68.0,0,67,34,18.0,0.2,0.02,1,0,,,0,0
EMP-10608,2025-09-01,Programs,HR,L3,Chicago-Downtown,Full-Time,42,61,79051.9,3.3,2,2.83,83.3,0,17,51,34.4,0.2,-0.002,2,0,,,0,0
EMP-12157,2025-09-01,Research,Operations,L2,Remote-US,Full-Time,51,66,55179.86,17.7,1,3.5,63.9,0,91,50,40.8,0.2,0.015,1,0,,,0,0
EMP-12148,2025-09-01,Research,Data,L1,Chicago-Downtown,Full-Time,40,24,39597.03,5.0,1,1.99,62.5,1,12,15,19.5,0.2,0.021,1,0,,,0,0
EMP-10607,2025-09-01,Finance,Finance,L1,Chicago-North,Full-Time,55,47,55766.43,13.7,2,3.66,76.8,3,63,30,19.6,0.0,0.089,1,1,2025-11-01,Involuntary,1,1
EMP-11206,2025-09-01,Operations,Operations,L1,Chicago-Downtown,Full-Time,35,17,41215.87,11.5,2,3.85,82.1,0,23,42,13.3,0.6,0.035,1,0,,,0,0
EMP-10644,2025-09-01,Programs,Operations,L3,Chicago-Downtown,Full-Time,34,25,74950.32,2.4,5,3.67,54.2,2,88,0,21.1,0.0,0.054,0,0,,,0,0
EMP-12351,2025-09-01,Programs,Finance,L1,Remote-US,Full-Time,44,60,57211.38,7.7,1,4.15,77.1,2,29,31,18.2,0.0,0.07,1,0,,,0,0
EMP-11195,2025-09-01,Research,HR,L1,Chicago-Downtown,Full-Time,24,74,41886.13,8.1,3,3.19,58.8,0,37,38,11.1,0.2,0.042,1,0,,,0,0
EMP-12367,2025-09-01,Operations,Fundraising,L1,Remote-US,Full-Time,39,15,65603.44,10.0,5,3.27,71.0,1,20,33,17.3,0.8,0.004,0,0,,,0,0
EMP-12379,2025-09-01,Operations,Operations,L3,Remote-US,Full-Time,44,10,84360.98,17.0,2,2.66,87.2,1,12,9,19.3,0.8,0.057,0,0,,,0,0
EMP-11293,2025-09-01,Operations,Operations,L3,Chicago-Downtown,Full-Time,48,15,77627.43,17.5,1,3.18,84.3,0,45,38,11.2,0.0,0.158,0,0,,,0,0
EMP-11374,2025-09-01,Programs,Program Delivery,L2,Chicago-South,Full-Time,37,63,66030.19,4.9,2,3.76,69.5,0,36,50,30.0,0.6,0.028,0,0,,,0,0
EMP-11619,2025-09-01,Research,Program Delivery,L1,Chicago-Downtown,Full-Time,33,43,44302.47,8.6,3,3.89,67.2,2,41,68,6.2,0.4,0.06,1,0,,,0,0
EMP-11074,2025-09-01,Research,Finance,L2,Chicago-South,Full-Time,33,44,50836.52,3.2,3,2.69,75.2,0,20,76,12.0,0.8,0.007,1,0,,,0,0
EMP-11041,2025-09-01,Operations,Data,L1,Remote-US,Full-Time,33,15,64597.35,8.1,3,2.52,90.1,0,13,20,8.0,0.0,0.019,0,0,,,0,0
EMP-12012,2025-09-01,Research,Finance,L2,Chicago-Downtown,Full-Time,53,38,63344.38,4.7,3,2.57,69.8,0,20,53,15.2,1.0,0.089,1,0,,,0,0
EMP-11059,2025-09-01,Operations,Data,L2,Chicago-North,Full-Time,53,36,56764.37,9.0,2,3.72,57.0,0,48,50,1.7,0.0,0.022,1,0,,,0,0
EMP-12553,2025-09-01,Research,Program Delivery,L2,Chicago-South,Part-Time,44,81,60903.77,4.5,1,3.01,95.2,0,37,30,8.6,0.0,0.08,1,0,,,0,0
EMP-11028,2025-09-01,Programs,Fundraising,L3,Chicago-North,Full-Time,53,11,69517.07,4.0,2,3.49,67.7,1,29,0,14.5,0.6,-0.027,0,0,,,0,0
EMP-10175,2025-09-01,Development,HR,L2,Chicago-South,Full-Time,39,66,72712.11,8.4,2,3.77,80.1,0,27,49,16.0,0.6,-0.0,0,0,,,0,0
EMP-11416,2025-09-01,Programs,Data,L3,Remote-US,Full-Time,45,11,86201.52,5.0,1,3.23,83.0,2,64,41,8.7,0.2,0.045,0,0,,,0,0
EMP-12532,2025-09-01,Development,Program Delivery,L3,Remote-US,Full-Time,35,22,89574.23,6.6,0,2.63,68.8,1,27,3,20.0,0.2,0.028,0,0,,,0,0
EMP-10345,2025-09-01,Finance,Operations,L4,Chicago-North,Full-Time,20,11,127531.12,24.5,2,2.94,60.6,0,24,0,12.4,0.0,0.047,0,0,,,0,0
EMP-12597,2025-09-01,Programs,Program Delivery,L2,Chicago-Downtown,Full-Time,33,92,82093.64,13.1,0,3.26,86.5,0,41,35,13.8,1.0,0.075,0,0,,,0,0
EMP-12502,2025-09-01,Research,HR,L2,Chicago-Downtown,Full-Time,33,120,79497.99,1.5,3,2.53,81.5,1,81,0,9.5,0.8,0.095,1,0,,,0,0
EMP-10148,2025-09-01,Programs,Finance,L3,Chicago-Downtown,Full-Time,29,50,79715.46,14.1,0,3.13,67.0,0,18,15,16.1,0.2,0.046,1,0,,,0,0
EMP-12031,2025-09-01,Programs,Operations,L1,Chicago-South,Full-Time,38,16,35492.11,2.4,0,2.69,81.7,0,20,29,27.6,0.0,0.008,1,0,,,0,0
EMP-10342,2025-09-01,Finance,Fundraising,L1,Chicago-Downtown,Full-Time,20,69,43616.44,6.9,2,2.93,80.8,0,17,36,20.6,1.0,0.058,1,0,,,0,0
EMP-11440,2025-09-01,Research,Operations,L4,Remote-US,Full-Time,33,67,116196.41,10.5,1,4.56,74.5,0,54,35,10.3,0.6,-0.002,0,0,,,0,0
EMP-12516,2025-09-01,Research,Finance,L2,Chicago-Downtown,Full-Time,29,27,62272.46,3.8,1,3.61,80.9,0,44,35,23.7,0.6,0.002,0,0,,,0,0
EMP-12546,2025-09-01,People,Operations,L2,Chicago-Downtown,Part-Time,57,31,50178.24,16.5,2,3.91,90.3,0,22,38,14.1,0.2,0.04,1,0,,,0,0
EMP-10687,2025-09-01,Programs,Program Delivery,L3,Chicago-North,Full-Time,26,38,77325.48,11.8,4,3.48,83.1,0,8,33,7.5,1.0,-0.013,0,0,,,0,0
EMP-11098,2025-09-01,Operations,Data,L2,Chicago-South,Full-Time,33,28,71770.15,2.7,1,3.63,75.5,0,17,49,15.6,0.0,0.029,1,0,,,0,0
EMP-11685,2025-10-01,Programs,Program Delivery,L1,Chicago-Downtown,Full-Time,39,49,54153.51,5.2,1,3.66,82.2,0,40,47,7.9,0.0,0.031,1,0,,,0,0
EMP-12571,2025-10-01,Research,HR,L4,Remote-US,Full-Time,39,50,117376.86,13.0,4,3.9,69.4,0,52,33,0.3,0.8,-0.017,0,0,,,0,0
EMP-12932,2025-10-01,Finance,Data,L3,Chicago-Downtown,Full-Time,63,7,98491.44,3.3,1,3.57,47.3,0,35,30,2.6,0.6,0.039,0,0,,,0,0
EMP-11934,2025-10-01,Programs,Fundraising,L1,Chicago-North,Full-Time,38,25,41820.26,2.4,0,3.9,78.6,0,37,72,9.0,1.0,-0.029,0,0,,,0,0
EMP-12359,2025-10-01,Development,Program Delivery,L2,Chicago-Downtown,Full-Time,20,95,66269.13,12.2,5,3.47,82.3,0,17,24,10.8,0.2,-0.009,0,0,,,0,0
EMP-11865,2025-10-01,Programs,Finance,L4,Remote-US,Full-Time,39,73,117397.29,10.6,4,3.53,55.2,1,21,10,9.9,1.0,0.07,0,0,,,0,0
EMP-10031,2025-10-01,Operations,HR,L3,Chicago-South,Full-Time,24,32,80181.25,5.1,1,3.5,66.4,1,14,66,4.0,0.8,0.036,0,0,,,0,0
EMP-10219,2025-10-01,Programs,Program Delivery,L1,Remote-US,Full-Time,46,85,47541.22,8.0,2,3.88,68.7,0,92,32,26.0,1.0,0.058,0,0,,,0,0
EMP-10374,2025-10-01,Research,Finance,L1,Chicago-South,Full-Time,20,50,49455.04,2.3,3,2.83,59.8,1,24,46,4.7,1.0,0.02,0,0,,,0,0
EMP-12381,2025-10-01,Operations,Data,L2,Chicago-Downtown,Full-Time,48,75,66102.49,24.2,2,3.26,59.1,0,39,50,24.8,0.8,0.069,0,0,,,0,0
EMP-11717,2025-10-01,People,Finance,L2,Chicago-North,Full-Time,21,53,57213.63,16.5,0,3.13,58.6,0,36,40,8.4,0.4,0.075,0,0,,,0,0
EMP-12383,2025-10-01,Finance,Operations,L1,Remote-US,Full-Time,38,73,47806.84,15.4,2,3.17,76.5,0,71,20,14.3,0.6,0.071,0,0,,,0,0
EMP-12127,2025-10-01,Research,Fundraising,L2,Chicago-Downtown,Full-Time,37,22,63257.5,10.8,2,3.94,81.2,1,5,55,10.1,0.8,-0.005,0,0,,,0,0
EMP-11999,2025-10-01,Programs,Program Delivery,L3,Chicago-South,Full-Time,28,25,82724.57,18.9,2,4.25,58.4,0,20,12,9.6,0.8,-0.018,0,0,,,0,0
EMP-12548,2025-10-01,People,Data,L1,Remote-US,Full-Time,28,35,40102.25,7.5,3,2.67,90.5,0,49,32,26.1,0.2,0.058,1,0,,,0,0
EMP-12910,2025-10-01,Programs,Data,L2,Remote-US,Full-Time,44,38,50059.98,17.0,4,2.75,100.0,0,54,17,13.7,0.4,0.046,0,0,,,0,0
EMP-10350,2025-10-01,Research,Data,L4,Chicago-North,Full-Time,54,91,114042.21,5.9,0,4.36,77.7,0,37,9,37.4,0.4,0.005,1,0,,,0,0
EMP-12586,2025-10-01,Finance,Fundraising,L2,Remote-US,Full-Time,49,6,75821.34,3.3,1,4.06,77.9,1,16,19,6.8,0.8,0.057,0,0,,,0,0
EMP-11939,2025-10-01,Development,Finance,L2,Remote-US,Full-Time,32,50,50629.97,15.3,4,4.08,65.9,0,42,51,20.5,0.0,0.009,0,0,,,0,0
EMP-12262,2025-10-01,Programs,Program Delivery,L1,Chicago-South,Full-Time,48,100,36918.59,2.6,3,3.79,63.7,0,61,50,11.1,0.0,0.038,0,1,2025-11-19,Voluntary,0,1
EMP-10494,2025-10-01,Programs,Program Delivery,L3,Chicago-North,Full-Time,53,48,80939.66,1.1,2,3.35,86.9,0,87,0,3.9,0.6,0.007,0,0,,,0,0
EMP-10003,2025-10-01,Programs,Finance,L1,Chicago-South,Full-Time,20,31,53276.0,13.8,0,3.0,84.0,0,12,19,16.8,0.8,0.018,1,0,,,0,0
EMP-10488,2025-10-01,Research,Fundraising,L2,Chicago-Downtown,Full-Time,37,43,60653.76,9.3,4,4.58,57.9,0,43,17,5.9,0.6,0.088,0,0,,,0,0
EMP-10359,2025-10-01,Programs,Finance,L1,Remote-US,Full-Time,32,77,63469.6,5.4,2,3.47,77.0,1,27,54,3.7,0.0,0.069,0,0,,,0,0
EMP-12266,2025-10-01,Programs,Fundraising,L3,Chicago-South,Full-Time,39,52,99939.74,3.1,4,2.45,48.2,0,59,20,4.9,1.0,-0.048,0,0,,,0,0
EMP-10255,2025-10-01,Research,Operations,L2,Chicago-North,Full-Time,33,127,51366.29,5.9,1,4.76,78.7,0,12,39,9.2,0.0,0.041,2,0,,,0,0
EMP-11965,2025-10-01,Programs,Operations,L2,Chicago-North,Full-Time,40,19,53168.27,11.3,2,2.24,53.7,0,19,60,6.8,0.4,0.028,0,0,,,0,0
EMP-12983,2025-10-01,Development,Program Delivery,L2,Chicago-Downtown,Full-Time,20,68,60880.95,7.7,6,2.03,54.8,1,78,46,6.4,0.0,0.075,0,0,,,0,0
EMP-11962,2025-10-01,Operations,Finance,L2,Chicago-North,Full-Time,34,18,49750.58,10.9,0,2.98,82.3,1,105,28,31.8,0.6,-0.039,0,1,2025-10-30,Voluntary,1,1
EMP-12634,2025-10-01,Development,Fundraising,L3,Chicago-South,Full-Time,23,36,84570.25,6.3,4,3.67,73.8,0,37,40,5.1,0.0,0.009,0,0,,,0,0
EMP-11974,2025-10-01,Finance,Fundraising,L2,Chicago-North,Full-Time,40,13,75148.19,4.9,1,3.16,73.3,0,90,56,5.3,1.0,0.004,0,0,,,0,0
EMP-12607,2025-10-01,Finance,HR,L2,Remote-US,Full-Time,37,88,59124.26,12.1,2,2.8,42.8,1,27,49,29.1,0.0,-0.044,0,0,,,0,0
EMP-12964,2025-10-01,Operations,Data,L3,Chicago-North,Part-Time,27,98,88055.58,10.0,1,3.01,53.6,1,52,43,7.7,0.8,-0.002,0,0,,,0,0
EMP-10015,2025-10-01,Operations,Operations,L1,Remote-US,Part-Time,31,56,49244.17,14.3,0,2.84,69.5,1,26,32,10.6,0.6,-0.017,0,0,,,0,0
EMP-12183,2025-10-01,Operations,Data,L2,Chicago-North,Full-Time,47,11,54994.92,5.0,1,2.8,72.2,0,38,7,7.2,0.6,0.079,0,0,,,0,0
EMP-11665,2025-10-01,Programs,Data,L3,Chicago-South,Part-Time,35,47,74640.59,9.5,4,4.09,73.6,0,24,30,17.9,0.4,0.054,1,0,,,0,0
EMP-12601,2025-10-01,Programs,Operations,L1,Remote-US,Full-Time,37,38,45583.54,0.7,2,2.72,75.5,0,46,28,11.5,0.0,0.084,0,0,,,0,0
EMP-12652,2025-10-01,Finance,Data,L2,Chicago-Downtown,Full-Time,38,9,78057.45,4.9,3,3.18,70.1,0,17,66,18.0,0.4,0.081,1,0,,,0,0
EMP-10151,2025-10-01,Programs,HR,L1,Chicago-South,Full-Time,39,72,53298.62,7.7,0,2.88,63.2,0,45,36,10.8,0.0,0.029,0,0,,,0,0
EMP-10375,2025-10-01,Programs,Program Delivery,L3,Chicago-North,Full-Time,48,59,89151.63,2.9,3,3.46,85.1,0,39,40,7.1,0.6,0.042,0,0,,,0,0
EMP-12578,2025-10-01,Research,Fundraising,L1,Remote-US,Full-Time,40,36,59903.42,10.6,3,4.99,39.0,0,3,1,3.9,0.0,0.015,0,0,,,0,0
EMP-10301,2025-10-01,Research,Finance,L3,Chicago-Downtown,Full-Time,38,75,74844.05,20.6,4,3.16,53.9,0,52,17,18.9,0.8,0.058,0,0,,,0,0
EMP-12944,2025-10-01,Development,Finance,L2,Chicago-North,Full-Time,28,14,49355.81,15.6,0,2.76,77.4,0,21,42,11.5,0.8,0.047,1,0,,,0,0
EMP-10449,2025-10-01,Programs,HR,L2,Remote-US,Full-Time,24,46,67995.76,2.8,1,3.54,89.9,1,24,22,2.0,0.0,0.047,0,0,,,0,0
EMP-10114,2025-10-01,Programs,Program Delivery,L3,Remote-US,Full-Time,37,32,84308.43,11.5,0,3.86,74.9,1,73,37,2.0,0.0,0.016,0,1,2025-12-17,Voluntary,0,1
EMP-10048,2025-10-01,Programs,Program Delivery,L3,Chicago-North,Full-Time,31,39,74475.49,13.4,1,4.24,66.8,1,35,70,15.3,0.8,-0.052,0,0,,,0,0
EMP-10106,2025-10-01,Operations,Finance,L2,Chicago-Downtown,Full-Time,48,48,77178.39,7.9,1,2.35,80.9,0,120,12,16.9,1.0,0.058,0,0,,,0,0
EMP-10389,2025-10-01,Operations,HR,L2,Remote-US,Part-Time,40,21,44795.02,8.8,1,3.4,90.9,0,15,51,7.4,1.0,-0.005,1,0,,,0,0
EMP-12071,2025-10-01,People,Program Delivery,L3,Remote-US,Full-Time,41,44,81574.8,5.2,3,3.41,100.0,1,54,43,18.3,0.8,0.007,0,0,,,0,0
EMP-12773,2025-10-01,People,Fundraising,L1,Remote-US,Full-Time,31,56,39541.35,8.7,2,2.81,87.1,0,31,30,12.8,0.4,0.041,1,0,,,0,0
EMP-11834,2025-10-01,Operations,Operations,L4,Chicago-Downtown,Full-Time,44,17,99430.63,19.3,1,3.98,53.4,0,6,29,18.4,0.2,0.055,3,0,,,0,0
EMP-12425,2025-10-01,Finance,Program Delivery,L3,Chicago-North,Full-Time,36,65,100965.04,5.8,4,3.29,68.7,0,18,76,1.8,0.2,0.077,0,0,,,0,0
EMP-12769,2025-10-01,People,Finance,L2,Remote-US,Full-Time,39,58,74328.1,8.9,0,3.14,85.1,0,54,39,2.2,0.4,0.048,2,0,,,0,0
EMP-12065,2025-10-01,Programs,Data,L1,Chicago-Downtown,Full-Time,49,54,51150.04,6.3,2,4.33,63.0,1,34,50,28.6,0.8,0.056,0,0,,,0,0
EMP-11888,2025-10-01,Programs,Program Delivery,L1,Chicago-Downtown,Full-Time,43,38,41196.04,4.2,5,4.11,88.0,0,20,60,46.9,1.0,0.011,0,0,,,0,0
EMP-10197,2025-10-01,Programs,Fundraising,L3,Chicago-Downtown,Full-Time,44,120,73923.21,10.7,3,3.7,77.6,3,83,40,9.1,0.0,-0.004,0,0,,,0,0
EMP-12449,2025-10-01,Programs,HR,L2,Chicago-Downtown,Part-Time,44,92,58682.28,4.4,2,2.39,85.6,0,44,50,13.1,0.2,0.061,0,0,,,0,0
EMP-10067,2025-10-01,Finance,Operations,L2,Remote-US,Full-Time,38,79,62928.86,10.2,1,3.09,69.9,1,33,31,8.3,0.0,0.054,0,0,,,0,0
EMP-11840,2025-10-01,Development,Data,L1,Remote-US,Full-Time,36,42,52258.61,9.8,4,2.88,91.3,0,101,25,48.8,0.4,0.034,0,0,,,0,0
EMP-12748,2025-10-01,Finance,Data,L1,Chicago-Downtown,Part-Time,47,58,54703.54,4.3,1,2.61,79.9,0,17,29,16.8,1.0,-0.005,0,0,,,0,0
EMP-10393,2025-10-01,Operations,HR,L1,Chicago-Downtown,Full-Time,33,58,36792.16,3.7,2,4.01,85.1,0,89,34,3.9,1.0,0.077,1,0,,,0,0
EMP-10404,2025-10-01,Development,Fundraising,L1,Remote-US,Full-Time,32,53,53111.0,17.9,4,3.48,67.4,0,95,44,8.3,0.0,0.09,0,0,,,0,0
EMP-12499,2025-10-01,Development,HR,L1,Remote-US,Full-Time,29,38,58141.92,40.4,0,2.94,86.9,3,29,67,6.1,0.4,-0.014,2,0,,,0,0
EMP-12035,2025-10-01,Development,HR,L2,Chicago-Downtown,Full-Time,42,32,47977.36,1.8,0,2.22,49.6,0,86,1,15.6,0.6,0.026,0,0,,,0,0
EMP-10101,2025-10-01,Programs,Finance,L1,Chicago-Downtown,Full-Time,37,93,49616.82,5.1,3,2.54,53.8,1,34,19,9.7,0.6,0.001,0,0,,,0,0
EMP-10184,2025-10-01,Development,Data,L2,Chicago-South,Full-Time,27,53,60620.23,4.3,2,3.28,83.8,0,18,1,25.0,0.0,-0.05,1,0,,,0,0
EMP-10399,2025-10-01,Operations,Program Delivery,L2,Remote-US,Full-Time,37,75,50982.59,11.9,4,1.65,66.4,0,27,53,2.0,0.0,0.109,1,0,,,0,0
EMP-10331,2025-10-01,Operations,Program Delivery,L1,Chicago-North,Full-Time,48,14,47350.01,17.9,2,3.06,66.2,0,75,10,21.3,0.8,-0.048,0,0,,,0,0
EMP-10333,2025-10-01,Finance,Operations,L2,Chicago-Downtown,Full-Time,36,74,48582.09,21.5,1,3.37,56.0,3,2,69,4.6,1.0,0.094,1,0,,,0,0
EMP-12038,2025-10-01,Programs,HR,L3,Chicago-Downtown,Full-Time,37,21,69744.73,11.1,2,3.45,70.3,0,14,13,36.6,0.6,0.06,1,0,,,0,0
EMP-12456,2025-10-01,Operations,Data,L1,Chicago-North,Full-Time,26,59,57027.61,15.3,4,3.02,59.1,1,13,13,63.9,0.4,0.004,0,1,2025-12-12,Voluntary,1,1
EMP-11735,2025-10-01,Programs,HR,L1,Chicago-South,Part-Time,20,21,68107.12,9.7,2,2.66,100.0,0,75,46,2.9,0.6,0.007,1,0,,,0,0
EMP-12253,2025-10-01,Programs,Fundraising,L4,Chicago-Downtown,Part-Time,36,34,97083.44,6.7,3,2.53,72.0,0,56,31,13.0,0.0,0.041,0,0,,,0,0
EMP-12514,2025-10-01,Research,HR,L4,Chicago-South,Full-Time,25,81,124006.57,4.4,6,4.08,63.0,1,33,70,25.4,0.0,0.018,0,0,,,0,0
EMP-10215,2025-10-01,Programs,Program Delivery,L3,Chicago-North,Part-Time,37,88,81510.87,17.8,2,4.15,63.6,2,23,73,17.2,0.0,0.09,2,0,,,0,0
EMP-10308,2025-10-01,Programs,Operations,L2,Chicago-North,Part-Time,37,75,57535.5,11.6,3,3.21,46.0,1,49,42,6.0,0.8,0.125,0,0,,,0,0
EMP-10099,2025-10-01,Operations,Finance,L2,Chicago-North,Full-Time,23,29,59404.06,6.7,2,3.0,78.8,0,44,48,1.9,0.0,0.026,0,0,,,0,0
EMP-11744,2025-10-01,Operations,HR,L2,Remote-US,Full-Time,41,18,69311.16,4.5,2,1.78,69.6,0,51,47,18.3,0.4,0.042,0,0,,,0,0
EMP-10446,2025-10-01,Finance,Program Delivery,L3,Chicago-North,Full-Time,35,67,86130.91,15.2,1,2.51,64.6,0,55,51,1.2,0.4,0.085,0,0,,,0,0
EMP-10052,2025-10-01,Research,Data,L1,Remote-US,Full-Time,22,71,33552.56,8.2,5,3.09,69.7,0,36,16,15.0,1.0,0.094,0,0,,,0,0
EMP-10444,2025-10-01,Finance,Fundraising,L2,Chicago-Downtown,Full-Time,37,48,66823.97,17.6,2,2.14,47.1,0,84,40,8.4,0.0,-0.017,0,0,,,0,0
EMP-12000,2025-10-01,Programs,Fundraising,L2,Remote-US,Full-Time,51,63,62720.37,8.8,5,3.08,75.2,0,78,17,4.9,0.8,0.071,0,0,,,0,0
EMP-12837,2025-10-01,Programs,Program Delivery,L4,Remote-US,Full-Time,36,64,98846.12,5.7,4,3.03,74.7,0,8,51,13.4,0.0,0.044,0,1,2025-12-09,Involuntary,0,1
EMP-10435,2025-10-01,Research,Data,L3,Chicago-North,Part-Time,30,34,81265.9,14.1,1,4.32,83.1,0,43,43,2.5,0.6,-0.01,0,0,,,0,0
EMP-12824,2025-10-01,Operations,Data,L1,Chicago-Downtown,Full-Time,49,62,51958.52,16.2,1,2.9,69.7,1,18,45,19.1,0.6,0.098,0,0,,,0,0
EMP-12075,2025-10-01,Operations,Program Delivery,L3,Chicago-Downtown,Full-Time,39,92,76862.25,7.7,3,3.13,75.4,0,20,12,4.0,0.2,0.052,1,0,,,0,0
EMP-12014,2025-10-01,Programs,Operations,L2,Chicago-Downtown,Part-Time,31,142,70652.24,7.3,4,3.31,79.0,1,26,61,19.7,1.0,0.038,0,0,,,0,0
EMP-12817,2025-10-01,Finance,Operations,L4,Chicago-Downtown,Full-Time,38,30,100332.69,4.4,4,1.95,94.1,0,61,12,7.9,0.0,0.041,3,0,,,0,0
EMP-11917,2025-10-01,People,Fundraising,L2,Chicago-Downtown,Part-Time,33,19,81316.89,1.1,3,4.77,61.2,0,17,38,23.4,0.0,-0.034,1,0,,,0,0
EMP-11915,2025-10-01,Programs,Fundraising,L1,Chicago-South,Full-Time,36,49,55518.89,6.6,0,2.86,81.2,0,45,3,12.9,0.0,0.055,0,0,,,0,0
EMP-12806,2025-10-01,Programs,Operations,L4,Chicago-Downtown,Full-Time,37,30,105866.52,6.6,2,3.4,52.0,0,19,8,3.2,0.2,0.043,1,0,,,0,0
EMP-12016,2025-10-01,People,Operations,L2,Remote-US,Part-Time,27,127,60049.6,21.4,3,3.49,80.2,0,46,8,13.7,0.4,0.016,0,0,,,0,0
EMP-12522,2025-10-01,Operations,HR,L1,Chicago-Downtown,Full-Time,23,107,56216.88,2.4,2,2.4,57.5,2,68,12,7.4,0.2,0.016,0,0,,,0,0
EMP-12414,2025-10-01,People,HR,L4,Chicago-Downtown,Full-Time,25,53,101929.19,5.3,3,1.69,70.1,0,12,30,15.0,0.4,0.052,0,0,,,0,0
EMP-11804,2025-10-01,People,HR,L2,Chicago-North,Full-Time,36,26,68243.35,8.3,1,4.49,89.6,0,102,32,8.3,1.0,0.003,0,0,,,0,0
EMP-11807,2025-10-01,Operations,Finance,L4,Remote-US,Full-Time,32,55,106895.72,3.4,2,4.46,62.8,1,65,0,15.7,0.6,0.009,0,0,,,0,0
EMP-12804,2025-10-01,Programs,HR,L2,Remote-US,Full-Time,49,79,71042.06,17.5,2,3.99,86.5,2,58,36,8.6,0.0,0.083,0,0,,,0,0
EMP-12792,2025-10-01,Operations,Data,L3,Chicago-Downtown,Full-Time,47,99,101836.61,10.6,2,3.59,68.4,1,49,25,14.8,0.2,0.003,0,0,,,0,0
EMP-12822,2025-10-01,Finance,HR,L4,Remote-US,Full-Time,37,38,103046.07,15.0,5,2.78,91.5,1,87,40,0.8,0.6,0.071,0,0,,,0,0
EMP-12625,2025-10-01,Research,Fundraising,L1,Chicago-North,Full-Time,42,12,66201.5,12.5,2,4.74,63.5,1,62,0,4.8,1.0,0.014,0,0,,,0,0
EMP-13000,2025-10-01,Programs,Program Delivery,L2,Chicago-Downtown,Full-Time,44,90,83790.14,12.4,3,2.59,72.1,0,36,28,3.3,1.0,0.073,0,0,,,0,0
EMP-10713,2025-10-01,People,Program Delivery,L2,Chicago-South,Full-Time,23,26,61717.61,0.7,1,2.32,77.3,1,70,20,11.0,0.6,0.041,0,1,2025-10-31,Involuntary,1,1
EMP-10648,2025-10-01,Operations,Data,L1,Chicago-South,Full-Time,36,69,63699.39,8.6,2,3.13,42.4,0,89,57,18.9,1.0,0.034,0,0,,,0,0
EMP-11010,2025-10-01,Programs,Finance,L2,Chicago-Downtown,Full-Time,41,74,55177.31,15.8,2,2.86,76.2,1,36,27,7.6,0.0,0.062,1,0,,,0,0
EMP-10646,2025-10-01,Programs,Program Delivery,L2,Chicago-North,Full-Time,49,11,64987.16,20.9,0,2.21,73.4,1,39,74,17.9,0.8,0.029,2,0,,,0,0
EMP-11196,2025-10-01,Development,Operations,L3,Chicago-North,Full-Time,33,43,100808.86,0.4,0,2.06,100.0,0,3,48,35.0,1.0,0.028,0,0,,,0,0
EMP-10745,2025-10-01,Programs,Fundraising,L1,Chicago-South,Full-Time,28,65,42869.89,45.0,4,3.17,78.0,0,43,15,18.5,0.0,0.078,0,0,,,0,0
EMP-10964,2025-10-01,Programs,Data,L3,Chicago-Downtown,Full-Time,30,22,92141.37,18.7,4,2.14,56.8,0,8,50,3.5,1.0,0.09,0,0,,,0,0
EMP-10641,2025-10-01,Programs,Finance,L3,Chicago-South,Part-Time,28,26,92030.92,3.5,2,4.16,69.4,1,37,0,5.6,0.4,0.025,0,0,,,0,0
EMP-11210,2025-10-01,Finance,Operations,L1,Chicago-South,Full-Time,30,49,56456.86,8.9,1,2.82,64.1,1,21,23,7.3,0.0,0.09,2,1,2025-10-31,Voluntary,1,1
EMP-11212,2025-10-01,Programs,HR,L2,Remote-US,Full-Time,33,54,57577.47,4.0,2,2.95,94.4,0,40,27,14.8,0.6,0.019,0,1,2025-11-27,Involuntary,0,1
EMP-10638,2025-10-01,Research,Data,L1,Chicago-Downtown,Full-Time,45,58,63339.42,10.4,4,3.56,95.8,0,27,44,11.3,0.0,0.061,0,0,,,0,0
EMP-11359,2025-10-01,Research,Data,L1,Remote-US,Full-Time,40,31,40921.7,10.3,0,3.66,75.6,0,23,21,11.8,0.6,0.085,1,0,,,0,0
EMP-11223,2025-10-01,People,Operations,L3,Remote-US,Full-Time,38,2,74433.76,9.4,4,3.72,72.7,1,59,46,15.9,0.0,0.098,0,0,,,0,0
EMP-10633,2025-10-01,People,Finance,L1,Chicago-Downtown,Full-Time,26,54,47906.19,5.4,3,3.43,66.8,2,68,22,2.9,0.2,0.04,0,0,,,0,0
EMP-10653,2025-10-01,Research,Finance,L1,Remote-US,Full-Time,20,64,56475.32,11.9,1,2.38,67.0,1,52,18,13.4,1.0,-0.028,0,0,,,0,0
EMP-10496,2025-10-01,Programs,Data,L2,Chicago-Downtown,Full-Time,20,69,57071.7,39.4,1,2.83,88.3,1,83,21,10.3,0.0,0.022,0,0,,,0,0
EMP-10779,2025-10-01,Operations,Finance,L3,Chicago-Downtown,Part-Time,34,103,65137.31,12.5,5,3.24,45.6,0,21,37,28.6,0.8,0.045,0,1,2025-10-10,Voluntary,1,1
EMP-10930,2025-10-01,Programs,Operations,L2,Remote-US,Full-Time,46,20,62036.2,2.1,1,3.89,83.9,0,12,67,13.1,0.2,0.068,2,0,,,0,0
EMP-11284,2025-10-01,Operations,Program Delivery,L4,Chicago-South,Part-Time,29,34,106892.31,8.3,0,3.58,61.3,2,40,58,16.5,0.4,0.003,1,0,,,0,0
EMP-10989,2025-10-01,Finance,Finance,L1,Chicago-South,Full-Time,35,72,54299.78,7.2,3,3.41,58.4,0,78,68,11.0,0.8,0.022,0,0,,,0,0
EMP-10748,2025-10-01,Programs,Fundraising,L4,Chicago-Downtown,Full-Time,32,46,93523.12,5.8,3,3.96,86.3,0,12,11,10.4,1.0,0.054,0,0,,,0,0
EMP-10903,2025-10-01,Programs,HR,L1,Chicago-Downtown,Full-Time,28,155,49348.58,22.8,0,2.03,65.8,0,66,51,24.1,0.8,0.093,1,0,,,0,0
EMP-11329,2025-10-01,Finance,HR,L3,Chicago-North,Full-Time,37,12,94422.33,12.9,3,3.5,72.3,0,31,45,29.3,0.8,-0.003,1,0,,,0,0
EMP-10751,2025-10-01,Development,Program Delivery,L2,Chicago-Downtown,Part-Time,32,7,40964.15,6.4,1,4.49,86.5,0,102,19,12.0,1.0,0.041,1,0,,,0,0
EMP-10623,2025-10-01,Programs,Program Delivery,L3,Remote-US,Full-Time,39,19,89984.14,2.8,2,4.35,68.9,0,65,0,10.8,0.6,-0.0,1,0,,,0,0
EMP-10622,2025-10-01,Operations,Finance,L3,Chicago-Downtown,Full-Time,41,9,83877.0,5.7,1,3.35,73.9,0,41,27,18.6,0.0,0.043,2,0,,,0,0
EMP-11419,2025-10-01,Finance,Operations,L3,Chicago-North,Full-Time,35,8,76883.52,11.3,2,2.62,86.1,0,42,23,4.9,0.8,-0.034,0,0,,,0,0
EMP-10851,2025-10-01,People,Operations,L1,Remote-US,Full-Time,38,58,51533.33,1.9,1,3.24,88.2,1,43,52,11.1,0.4,0.062,0,1,2025-12-08,Voluntary,1,1
EMP-11259,2025-10-01,People,Program Delivery,L1,Chicago-Downtown,Full-Time,38,40,38198.53,8.0,3,3.7,62.0,0,29,26,2.3,1.0,0.083,2,0,,,0,0
EMP-11363,2025-10-01,People,Finance,L4,Remote-US,Full-Time,37,23,113114.91,16.6,1,3.27,59.0,1,46,13,3.7,1.0,-0.01,0,1,2025-10-25,Involuntary,1,1
EMP-11584,2025-10-01,Programs,Program Delivery,L1,Chicago-Downtown,Part-Time,33,27,50721.17,1.4,2,3.18,98.1,0,57,27,6.7,0.8,0.012,0,0,,,0,0
EMP-10586,2025-10-01,Operations,Finance,L4,Chicago-Downtown,Full-Time,30,6,121871.61,3.3,1,2.72,58.6,0,45,9,7.8,0.2,0.039,0,0,,,0,0
EMP-10971,2025-10-01,People,HR,L2,Chicago-South,Full-Time,37,32,66413.7,11.5,2,3.55,55.3,1,35,29,1.2,0.8,0.016,0,1,2025-10-25,Voluntary,1,1
EMP-10598,2025-10-01,Development,Program Delivery,L2,Chicago-North,Full-Time,30,73,74205.04,17.1,1,2.4,51.6,0,21,58,17.0,0.0,0.059,1,0,,,0,0
EMP-11075,2025-10-01,Operations,Operations,L3,Chicago-North,Full-Time,38,12,87026.61,1.7,1,3.43,79.5,1,23,31,13.3,0.0,0.021,0,0,,,0,0
EMP-10597,2025-10-01,People,Finance,L2,Chicago-Downtown,Full-Time,32,66,72564.02,9.6,2,3.22,100.0,0,57,52,20.0,0.2,0.029,0,0,,,0,0
EMP-10952,2025-10-01,Programs,Fundraising,L3,Chicago-Downtown,Full-Time,47,26,91447.26,20.1,1,3.48,71.3,0,74,55,13.6,0.0,-0.03,0,1,2025-10-25,Involuntary,1,1
EMP-11089,2025-10-01,Programs,Fundraising,L4,Chicago-South,Full-Time,41,30,112170.41,5.9,0,4.29,83.1,0,59,44,14.1,0.4,0.044,0,0,,,0,0
EMP-10953,2025-10-01,Development,Finance,L3,Chicago-North,Full-Time,55,82,81015.47,41.4,2,2.89,90.5,0,47,30,18.2,0.4,-0.006,0,0,,,0,0
EMP-10615,2025-10-01,Programs,HR,L2,Chicago-South,Full-Time,29,18,58015.78,11.2,3,3.84,71.7,0,94,19,17.7,0.8,0.011,0,0,,,0,0
EMP-11567,2025-10-01,Programs,Program Delivery,L2,Remote-US,Part-Time,27,84,65661.25,14.4,5,2.57,97.3,0,68,17,4.6,1.0,0.059,0,0,,,0,0
EMP-11521,2025-10-01,Research,Program Delivery,L4,Chicago-Downtown,Full-Time,40,16,98668.11,5.8,2,2.78,70.3,0,42,50,41.5,0.0,0.013,1,0,,,0,0
EMP-10594,2025-10-01,Finance,Fundraising,L1,Remote-US,Full-Time,44,50,34598.73,17.7,2,4.35,64.5,1,44,37,9.3,0.0,0.071,1,0,,,0,0
EMP-11058,2025-10-01,Programs,Finance,L3,Chicago-Downtown,Full-Time,42,84,83823.38,13.8,0,2.21,72.5,1,42,81,3.2,0.6,0.043,0,1,2025-11-15,Voluntary,1,1
EMP-11577,2025-10-01,Development,Finance,L2,Chicago-South,Full-Time,30,7,53660.83,5.3,4,3.66,66.2,0,68,27,22.2,0.2,0.015,0,0,,,0,0
EMP-11173,2025-10-01,Operations,HR,L3,Chicago-South,Full-Time,24,47,82057.85,2.8,1,3.55,65.3,0,57,25,3.6,1.0,0.061,0,0,,,0,0
EMP-10978,2025-10-01,People,Finance,L2,Chicago-Downtown,Full-Time,42,35,70445.2,18.0,1,3.63,87.3,0,8,63,6.7,1.0,0.045,2,0,,,0,0
EMP-11051,2025-10-01,Programs,Fundraising,L3,Remote-US,Full-Time,34,27,86438.49,12.1,3,2.87,73.8,0,35,93,10.6,0.4,0.114,0,0,,,0,0
EMP-10873,2025-10-01,Programs,Data,L1,Remote-US,Full-Time,37,58,50009.31,6.7,2,2.98,64.9,1,83,26,14.5,0.0,-0.005,0,1,2025-12-16,Involuntary,1,1
EMP-11302,2025-10-01,People,Data,L1,Remote-US,Full-Time,40,39,40691.76,12.1,1,3.08,75.7,2,44,41,30.9,0.8,-0.031,1,0,,,0,0
EMP-11379,2025-10-01,Programs,HR,L3,Chicago-North,Full-Time,33,58,77601.42,2.2,2,4.01,68.7,0,14,44,5.7,1.0,0.017,0,0,,,0,0
EMP-11043,2025-10-01,People,Finance,L2,Remote-US,Full-Time,25,42,61615.96,6.4,2,3.06,72.7,0,47,25,16.9,1.0,0.082,0,0,,,0,0
EMP-10703,2025-10-01,Finance,Operations,L1,Remote-US,Full-Time,35,94,44116.8,15.0,4,2.85,68.6,0,19,37,6.3,0.2,0.072,2,0,,,0,0
EMP-10884,2025-10-01,Development,HR,L1,Chicago-Downtown,Full-Time,64,32,62711.68,12.3,0,3.31,87.9,1,28,55,24.1,0.0,-0.028,1,0,,,0,0
EMP-10980,2025-10-01,Programs,Program Delivery,L3,Chicago-South,Full-Time,35,46,81773.93,17.8,2,3.6,84.0,1,55,22,9.9,0.2,0.055,0,0,,,0,0
EMP-11300,2025-10-01,Development,Fundraising,L1,Remote-US,Full-Time,46,46,42882.21,1.3,4,2.86,80.5,1,32,50,1.0,0.0,-0.006,1,0,,,0,0
EMP-11294,2025-10-01,Operations,Data,L1,Remote-US,Full-Time,52,24,42030.0,4.2,4,3.31,72.4,1,21,35,2.1,0.0,0.042,0,1,2025-12-29,Voluntary,0,1
EMP-11154,2025-10-01,Development,Finance,L4,Chicago-South,Full-Time,39,55,108567.87,16.3,1,3.23,81.5,0,55,40,10.1,0.0,0.001,0,0,,,0,0
EMP-11476,2025-10-01,Programs,Program Delivery,L1,Chicago-Downtown,Full-Time,53,47,43656.55,27.8,2,2.93,64.3,0,37,50,23.6,0.4,-0.027,2,0,,,0,0
EMP-11401,2025-10-01,Finance,Data,L1,Chicago-South,Full-Time,20,40,56499.83,3.1,1,2.82,69.6,0,59,52,23.8,0.0,0.021,0,0,,,0,0
EMP-11278,2025-10-01,Research,Program Delivery,L1,Chicago-South,Full-Time,31,56,38882.41,1.5,2,3.51,72.6,0,52,50,2.5,0.8,-0.013,0,0,,,0,0
EMP-11381,2025-11-01,People,Finance,L1,Chicago-South,Full-Time,32,56,49264.08,5.8,3,3.97,52.5,2,81,29,10.7,0.8,0.031,0,0,,,0,0
EMP-12776,2025-11-01,Finance,Finance,L1,Chicago-Downtown,Part-Time,21,38,63924.94,18.8,2,2.43,91.1,3,28,20,40.7,1.0,0.043,0,0,,,0,0
EMP-12310,2025-11-01,Development,Fundraising,L2,Remote-US,Full-Time,43,7,57251.43,4.2,2,3.66,53.6,0,46,47,11.8,0.8,0.003,0,0,,,0,0
EMP-10322,2025-11-01,People,Data,L1,Chicago-Downtown,Part-Time,31,70,58499.1,6.4,1,2.51,72.1,0,22,33,17.6,1.0,-0.019,0,0,,,0,0
EMP-10735,2025-11-01,Research,HR,L2,Remote-US,Full-Time,33,55,48390.59,7.1,2,3.72,77.9,1,8,37,29.3,0.6,0.052,0,1,2025-12-27,Voluntary,1,1
EMP-10080,2025-11-01,Operations,Data,L2,Chicago-Downtown,Part-Time,60,54,56751.63,3.6,0,3.38,71.1,1,15,50,14.9,0.8,0.005,0,0,,,0,0
EMP-12078,2025-11-01,Development,Data,L3,Chicago-Downtown,Full-Time,36,72,96099.63,3.1,2,2.4,50.2,0,40,58,22.4,0.2,0.043,0,0,,,0,0
EMP-11344,2025-11-01,Operations,HR,L1,Chicago-Downtown,Full-Time,29,45,55509.11,6.7,2,2.89,66.7,1,60,74,11.0,0.8,0.017,1,0,,,0,0
EMP-11343,2025-11-01,Research,Finance,L1,Chicago-Downtown,Full-Time,27,51,39410.96,9.3,6,3.47,100.0,0,108,12,41.3,0.6,0.021,1,0,,,0,0
EMP-12089,2025-11-01,Operations,Finance,L2,Chicago-North,Full-Time,26,87,63239.06,12.8,3,2.38,70.9,0,12,6,11.2,0.0,0.032,0,0,,,0,0
EMP-11341,2025-11-01,Programs,Data,L4,Chicago-North,Full-Time,48,93,105365.11,23.2,1,3.65,85.9,0,15,44,42.4,1.0,0.024,1,0,,,0,0
EMP-10731,2025-11-01,Programs,HR,L2,Chicago-South,Full-Time,33,30,52494.49,5.7,2,3.87,84.2,0,24,52,4.8,1.0,0.006,0,0,,,0,0
EMP-10927,2025-11-01,Programs,Operations,L3,Chicago-North,Full-Time,27,76,74780.95,3.0,4,3.18,74.9,0,47,25,25.8,1.0,0.048,1,0,,,0,0
EMP-12033,2025-11-01,Programs,HR,L1,Chicago-Downtown,Full-Time,33,24,55857.87,9.8,0,3.08,53.5,2,32,44,6.5,1.0,0.044,1,0,,,0,0
EMP-10752,2025-11-01,Operations,HR,L2,Chicago-South,Part-Time,25,14,64623.43,10.9,4,2.82,96.1,1,37,22,5.0,1.0,0.033,1,0,,,0,0
EMP-12023,2025-11-01,Programs,Operations,L2,Remote-US,Full-Time,33,83,54051.4,2.2,1,2.54,77.2,1,54,28,10.3,0.0,0.018,1,0,,,0,0
EMP-11810,2025-11-01,Operations,HR,L2,Chicago-North,Full-Time,52,58,72655.99,8.6,1,3.16,79.6,0,23,22,10.3,0.0,0.053,0,0,,,0,0
EMP-12881,2025-11-01,Programs,Program Delivery,L2,Chicago-Downtown,Part-Time,40,57,66228.98,9.8,4,4.3,60.5,0,88,13,56.4,0.0,0.002,0,0,,,0,0
EMP-10041,2025-11-01,People,Program Delivery,L4,Chicago-Downtown,Full-Time,47,101,106638.77,11.4,2,2.3,81.1,0,22,53,13.4,1.0,0.032,0,0,,,0,0
EMP-11815,2025-11-01,Operations,Data,L4,Remote-US,Part-Time,47,13,100982.29,13.4,2,3.59,63.3,0,19,64,15.7,1.0,0.012,0,0,,,0,0
EMP-11821,2025-11-01,Programs,Fundraising,L1,Chicago-Downtown,Full-Time,42,19,58598.13,10.4,2,2.86,79.8,0,37,76,5.7,0.0,-0.012,2,0,,,0,0
EMP-11528,2025-11-01,Programs,Program Delivery,L3,Chicago-Downtown,Full-Time,44,12,83994.37,8.0,4,2.96,58.6,0,37,47,24.4,0.2,0.084,0,0,,,0,0
EMP-12870,2025-11-01,Operations,Finance,L1,Chicago-Downtown,Part-Time,45,77,48848.04,21.0,3,2.89,72.7,1,25,2,4.7,1.0,0.077,0,0,,,0,0
EMP-10537,2025-11-01,Development,HR,L1,Chicago-North,Full-Time,27,71,55358.43,12.4,1,4.38,76.5,0,87,29,4.9,0.8,-0.002,0,0,,,0,0
EMP-11850,2025-11-01,Operations,Program Delivery,L2,Remote-US,Part-Time,35,30,59653.87,1.9,3,3.15,76.0,0,35,55,13.3,0.6,-0.047,0,0,,,0,0
EMP-10869,2025-11-01,Research,HR,L3,Chicago-Downtown,Full-Time,32,180,74606.23,5.8,2,4.5,76.7,0,17,42,6.3,0.2,0.057,0,0,,,0,0
EMP-11505,2025-11-01,Operations,Fundraising,L1,Remote-US,Full-Time,40,56,37837.63,5.4,2,3.65,79.6,0,27,34,10.8,1.0,0.041,1,0,,,0,0
EMP-11866,2025-11-01,People,HR,L1,Chicago-North,Full-Time,33,57,47183.62,3.9,0,3.45,69.7,0,53,26,22.4,0.0,-0.018,0,0,,,0,0
EMP-10543,2025-11-01,Finance,Fundraising,L1,Chicago-Downtown,Part-Time,32,68,52619.17,4.1,4,1.92,91.5,2,16,39,2.0,0.6,0.041,0,0,,,0,0
EMP-10397,2025-11-01,Development,Operations,L2,Chicago-South,Part-Time,40,56,66357.57,14.6,2,3.02,74.7,0,14,0,47.7,0.6,0.041,1,0,,,0,0
EMP-10742,2025-11-01,Operations,Fundraising,L1,Chicago-North,Full-Time,24,69,58562.59,9.3,1,2.78,87.8,1,29,65,3.4,1.0,0.032,0,0,,,0,0
EMP-11488,2025-11-01,Operations,HR,L2,Chicago-Downtown,Full-Time,37,10,75514.29,13.6,1,4.06,86.4,0,44,58,17.0,0.6,0.057,0,0,,,0,0
EMP-12827,2025-11-01,Research,Program Delivery,L1,Chicago-Downtown,Full-Time,23,78,37638.34,8.8,5,2.76,67.3,1,34,43,2.7,0.6,0.044,0,0,,,0,0
EMP-11470,2025-11-01,Research,Finance,L1,Remote-US,Full-Time,34,36,65948.64,13.0,5,3.18,49.7,2,18,41,33.0,0.0,0.035,0,0,,,0,0
EMP-11927,2025-11-01,Operations,Finance,L1,Chicago-North,Part-Time,24,18,48177.72,4.3,1,3.81,65.0,0,19,23,9.1,0.4,0.001,1,0,,,0,0
EMP-10558,2025-11-01,Programs,Finance,L2,Chicago-North,Part-Time,28,50,59039.89,13.4,2,2.71,73.4,1,56,59,9.4,0.2,0.028,0,0,,,0,0
EMP-10895,2025-11-01,Operations,Fundraising,L1,Chicago-Downtown,Full-Time,33,46,51156.1,9.7,1,2.33,86.3,1,41,43,5.9,1.0,0.053,1,0,,,0,0
EMP-11945,2025-11-01,Development,Fundraising,L2,Chicago-North,Full-Time,37,33,64497.38,7.6,0,4.04,83.7,1,24,59,5.3,0.6,-0.028,0,0,,,0,0
EMP-11950,2025-11-01,Programs,Finance,L1,Remote-US,Full-Time,25,149,33853.63,10.6,1,3.19,69.9,1,49,20,3.6,0.0,-0.004,0,0,,,0,0
EMP-11453,2025-11-01,Finance,Finance,L3,Chicago-Downtown,Part-Time,44,48,76610.27,6.2,3,3.02,88.4,0,22,39,6.3,0.6,-0.008,0,0,,,0,0
EMP-11451,2025-11-01,Finance,Fundraising,L2,Chicago-South,Full-Time,40,44,71682.82,4.9,3,2.29,66.9,1,48,48,10.7,0.6,0.106,0,0,,,0,0
EMP-12794,2025-11-01,Programs,Program Delivery,L2,Chicago-North,Full-Time,43,14,59996.42,8.7,1,1.62,80.4,3,24,32,16.9,0.2,0.034,1,0,,,0,0
EMP-12001,2025-11-01,Development,Operations,L2,Chicago-North,Full-Time,42,25,57713.68,14.8,0,3.92,74.0,2,32,14,10.8,0.0,0.021,0,0,,,0,0
EMP-12008,2025-11-01,Operations,HR,L1,Chicago-Downtown,Full-Time,36,42,47677.62,2.3,2,3.02,78.8,0,66,28,22.1,0.2,0.12,0,0,,,0,0
EMP-12015,2025-11-01,People,Data,L2,Chicago-Downtown,Full-Time,53,180,70673.96,4.1,1,3.45,76.1,0,44,24,2.1,0.0,0.043,1,0,,,0,0
EMP-12022,2025-11-01,Programs,Program Delivery,L2,Chicago-South,Full-Time,33,55,51327.04,13.7,4,3.03,51.2,1,25,31,14.8,1.0,0.079,0,0,,,0,0
EMP-11916,2025-11-01,Research,Data,L3,Remote-US,Full-Time,43,37,69055.95,5.8,1,3.86,91.8,0,42,59,5.6,1.0,0.052,0,0,,,0,0
EMP-12107,2025-11-01,Finance,Operations,L3,Chicago-South,Part-Time,36,86,82344.0,25.3,1,1.71,77.2,0,55,38,11.9,0.8,-0.0,1,0,,,0,0
EMP-12178,2025-11-01,Finance,Program Delivery,L2,Chicago-Downtown,Full-Time,51,21,63208.53,16.5,4,2.78,58.8,1,53,33,20.4,1.0,0.098,0,1,2025-12-07,Voluntary,1,1
EMP-10084,2025-11-01,Programs,Data,L3,Chicago-Downtown,Full-Time,46,17,88076.3,0.5,2,4.0,79.7,1,38,47,20.4,1.0,-0.039,1,1,2025-11-08,Voluntary,1,1
EMP-10116,2025-11-01,Programs,Data,L1,Chicago-South,Full-Time,39,46,52915.01,10.0,6,2.89,64.6,0,73,48,40.1,0.8,0.003,0,0,,,0,0
EMP-12668,2025-11-01,Operations,Operations,L1,Remote-US,Full-Time,38,13,47176.44,1.2,4,2.17,71.9,0,25,45,9.2,1.0,0.042,0,0,,,0,0
EMP-11236,2025-11-01,People,Program Delivery,L1,Chicago-Downtown,Part-Time,35,39,34658.5,8.6,1,3.14,50.1,0,30,45,2.5,0.2,0.041,0,0,,,0,0
EMP-10990,2025-11-01,Finance,Finance,L4,Remote-US,Full-Time,40,19,120658.54,2.1,8,3.05,76.5,0,13,31,9.5,0.0,0.097,0,0,,,0,0
EMP-10241,2025-11-01,Research,Program Delivery,L2,Remote-US,Full-Time,59,102,65242.53,9.4,1,3.27,42.5,0,29,24,8.8,0.8,0.013,0,0,,,0,0
EMP-12309,2025-11-01,Operations,Data,L2,Chicago-Downtown,Full-Time,43,47,50762.25,16.3,1,3.16,68.7,0,27,31,14.5,0.0,0.131,0,1,2025-12-01,Voluntary,1,1
EMP-10637,2025-11-01,Research,Finance,L2,Chicago-Downtown,Part-Time,33,19,46800.97,5.1,0,3.38,79.5,0,24,31,5.7,0.6,0.063,0,0,,,0,0
EMP-12350,2025-11-01,People,Finance,L1,Remote-US,Full-Time,22,47,47308.65,3.9,5,2.95,83.5,1,57,50,2.7,1.0,0.019,0,0,,,0,0
EMP-10655,2025-11-01,Development,Data,L1,Chicago-North,Full-Time,48,108,53826.84,18.9,0,3.73,73.1,0,11,1,13.0,0.6,0.039,0,0,,,0,0
EMP-10659,2025-11-01,Programs,Data,L3,Remote-US,Full-Time,40,43,72958.94,4.8,3,1.92,70.4,1,11,73,14.2,0.8,0.027,0,1,2025-12-17,Voluntary,1,1
EMP-11026,2025-11-01,Operations,HR,L1,Chicago-North,Full-Time,35,64,34811.81,25.7,2,2.45,67.4,0,35,60,11.7,0.6,0.035,0,0,,,0,0
EMP-12608,2025-11-01,Development,Fundraising,L2,Chicago-Downtown,Full-Time,39,92,44681.71,9.1,2,1.33,100.0,0,17,43,16.5,0.0,0.055,0,0,,,0,0
EMP-10667,2025-11-01,Operations,Finance,L2,Chicago-Downtown,Part-Time,48,48,49923.54,4.7,1,2.62,82.5,0,13,44,13.2,1.0,0.06,1,0,,,0,0
EMP-11149,2025-11-01,Programs,Data,L1,Chicago-South,Full-Time,42,38,46620.32,20.1,1,2.21,93.9,0,65,71,28.5,0.8,-0.001,0,0,,,0,0
EMP-12433,2025-11-01,Operations,Operations,L3,Chicago-South,Full-Time,37,14,90243.92,12.4,3,2.21,57.9,2,26,50,48.6,1.0,0.061,1,0,,,0,0
EMP-12451,2025-11-01,Operations,Finance,L4,Chicago-Downtown,Full-Time,27,75,101831.42,31.3,2,3.84,51.2,1,21,39,2.1,0.4,0.043,0,0,,,0,0
EMP-12594,2025-11-01,Development,Fundraising,L2,Chicago-South,Part-Time,49,29,48561.02,10.4,2,3.67,86.2,0,71,24,9.7,0.6,0.052,0,0,,,0,0
EMP-10697,2025-11-01,Finance,Data,L2,Chicago-South,Full-Time,47,23,69805.44,6.0,0,2.41,100.0,0,59,43,9.4,0.6,0.012,0,0,,,0,0
EMP-12557,2025-11-01,Programs,Program Delivery,L1,Chicago-Downtown,Full-Time,33,51,50996.51,4.1,1,3.37,71.0,0,37,0,11.6,0.0,0.013,0,0,,,0,0
EMP-10158,2025-11-01,Programs,Fundraising,L1,Chicago-South,Full-Time,26,22,47757.4,9.8,1,3.13,65.9,1,19,3,25.0,0.6,0.047,2,0,,,0,0
EMP-12563,2025-11-01,Research,Finance,L2,Chicago-Downtown,Full-Time,59,36,73550.27,12.9,2,2.55,68.4,0,34,48,2.7,0.4,0.034,0,0,,,0,0
EMP-12564,2025-11-01,Programs,Finance,L3,Chicago-North,Part-Time,40,71,88984.91,1.9,5,3.02,65.6,2,28,42,13.2,1.0,0.024,3,0,,,0,0
EMP-12569,2025-11-01,Operations,Finance,L2,Chicago-North,Full-Time,30,53,83541.67,4.4,2,3.15,73.2,1,71,38,7.8,0.6,0.011,0,0,,,0,0
EMP-10113,2025-11-01,Development,Data,L1,Remote-US,Full-Time,35,20,59337.35,7.6,2,3.62,79.3,0,80,19,5.3,0.8,-0.011,0,0,,,0,0
EMP-10155,2025-11-01,People,Fundraising,L1,Chicago-Downtown,Full-Time,48,81,36015.2,2.4,5,3.63,86.9,1,19,27,15.8,1.0,0.004,0,1,2026-01-28,Voluntary,1,1
EMP-12501,2025-11-01,People,HR,L2,Chicago-South,Full-Time,47,66,65738.03,24.0,9,3.52,82.7,0,29,45,6.8,0.6,0.033,1,1,2026-01-02,Involuntary,1,1
EMP-10678,2025-11-01,Finance,Program Delivery,L4,Chicago-North,Part-Time,32,95,97252.03,2.3,1,2.25,68.3,0,40,6,8.9,0.8,0.061,0,0,,,0,0
EMP-12582,2025-11-01,People,HR,L2,Chicago-North,Part-Time,35,21,77902.81,5.3,3,3.37,63.7,0,41,44,10.5,1.0,0.05,1,1,2025-11-29,Involuntary,1,1
EMP-12476,2025-11-01,Programs,Fundraising,L3,Chicago-North,Full-Time,48,30,80637.78,27.0,4,3.21,69.3,0,100,60,11.0,1.0,0.015,1,0,,,0,0
EMP-11120,2025-11-01,Research,Operations,L2,Chicago-Downtown,Part-Time,36,69,71071.09,13.0,3,3.34,94.0,0,81,42,5.8,0.4,0.087,0,0,,,0,0
EMP-12592,2025-11-01,People,Finance,L4,Chicago-South,Part-Time,30,15,103787.09,14.6,1,2.63,51.6,2,38,21,15.8,0.2,0.043,1,0,,,0,0
EMP-12505,2025-11-01,Operations,Program Delivery,L2,Chicago-North,Full-Time,23,39,47773.46,8.5,0,3.04,77.3,0,38,72,28.3,1.0,0.013,0,0,,,0,0
EMP-10730,2025-11-01,People,Finance,L2,Remote-US,Full-Time,29,76,73291.75,4.9,1,3.17,81.8,1,78,72,3.3,0.8,-0.044,0,0,,,0,0
EMP-11254,2025-11-01,Programs,Fundraising,L2,Chicago-Downtown,Full-Time,39,104,65500.29,1.8,1,2.47,83.4,1,25,24,5.0,0.0,0.023,1,0,,,0,0
EMP-11260,2025-11-01,Programs,Operations,L1,Chicago-Downtown,Full-Time,20,39,44599.03,6.6,5,4.69,63.3,3,24,40,4.9,1.0,0.032,0,0,,,0,0
EMP-11324,2025-11-01,Finance,Fundraising,L2,Chicago-Downtown,Full-Time,45,64,58373.57,16.6,2,2.54,83.3,0,44,41,23.7,0.2,0.003,0,0,,,0,0
EMP-11322,2025-11-01,Programs,Operations,L1,Chicago-South,Full-Time,48,39,38029.42,6.6,1,3.56,72.4,0,16,58,4.5,0.4,-0.011,0,0,,,0,0
EMP-10305,2025-11-01,Programs,Finance,L1,Remote-US,Full-Time,36,36,44163.62,9.9,2,3.56,92.6,0,25,15,27.9,1.0,0.028,0,0,,,0,0
EMP-12138,2025-11-01,Development,Program Delivery,L1,Remote-US,Full-Time,27,12,55066.66,12.1,2,3.91,65.8,0,54,0,29.9,1.0,0.028,0,0,,,0,0
EMP-10605,2025-11-01,Operations,Data,L4,Chicago-North,Full-Time,22,32,104160.8,3.2,2,2.64,57.3,0,97,30,10.0,0.4,0.084,0,0,,,0,0
EMP-11308,2025-11-01,Programs,Operations,L2,Chicago-South,Full-Time,27,34,69099.05,21.6,0,3.22,94.7,0,44,33,2.9,0.8,0.037,0,0,,,0,0
EMP-11303,2025-11-01,Development,Operations,L4,Chicago-Downtown,Full-Time,38,15,106888.81,11.6,5,4.24,85.8,0,38,45,5.8,0.2,0.068,2,0,,,0,0
EMP-10299,2025-11-01,Operations,Operations,L1,Remote-US,Full-Time,37,18,52895.16,10.6,4,3.76,52.7,0,113,36,29.7,0.8,0.006,0,0,,,0,0
EMP-12155,2025-11-01,Programs,Finance,L4,Chicago-South,Full-Time,28,76,115837.35,8.8,3,3.36,64.8,0,29,84,8.9,0.8,0.07,1,0,,,0,0
EMP-12162,2025-11-01,Programs,Fundraising,L3,Chicago-Downtown,Full-Time,39,58,80933.49,12.5,0,3.26,64.4,1,12,32,10.8,1.0,0.094,0,0,,,0,0
EMP-12165,2025-11-01,Finance,HR,L3,Chicago-South,Full-Time,41,98,104112.57,21.7,2,2.78,54.0,1,26,10,28.9,0.4,0.094,0,0,,,0,0
EMP-10962,2025-11-01,Programs,HR,L2,Chicago-North,Full-Time,48,33,67224.57,15.7,0,4.41,62.6,0,9,45,21.5,1.0,0.056,1,0,,,0,0
EMP-12885,2025-11-01,Research,HR,L3,Remote-US,Part-Time,40,51,83386.01,5.5,4,3.61,65.4,1,11,2,13.1,1.0,0.086,1,1,2026-01-03,Voluntary,1,1
EMP-12714,2025-11-01,Programs,Finance,L3,Chicago-South,Full-Time,42,28,72624.27,4.9,5,4.77,69.1,0,81,88,5.7,0.6,0.039,0,0,,,0,0
EMP-10965,2025-11-01,Development,Operations,L2,Chicago-South,Full-Time,29,107,74570.34,6.1,2,3.99,87.4,0,52,39,31.6,1.0,0.053,0,0,,,0,0
EMP-10966,2025-11-01,People,Finance,L2,Chicago-Downtown,Full-Time,48,61,60539.69,9.9,2,3.67,75.3,2,39,60,17.6,1.0,0.079,1,0,,,0,0
EMP-11286,2025-11-01,Operations,HR,L2,Chicago-Downtown,Full-Time,28,132,41916.67,14.8,2,4.08,53.5,0,41,42,11.8,1.0,0.142,0,0,,,0,0
EMP-10262,2025-11-01,Operations,Finance,L2,Chicago-South,Full-Time,28,83,64145.17,18.2,1,3.39,80.0,0,41,48,35.9,0.0,0.071,0,0,,,0,0
EMP-10263,2025-11-01,People,Fundraising,L2,Chicago-North,Full-Time,41,33,66948.01,16.0,3,3.06,72.7,1,50,19,15.0,0.0,0.03,1,1,2026-01-09,Involuntary,1,1
EMP-10619,2025-11-01,Programs,Fundraising,L4,Chicago-South,Full-Time,20,141,109954.22,2.1,4,3.34,42.3,0,25,29,25.3,1.0,0.025,1,1,2026-01-03,Involuntary,1,1
EMP-10979,2025-11-01,Finance,Data,L2,Remote-US,Full-Time,35,112,62385.84,2.3,3,2.9,96.3,0,52,59,4.2,1.0,0.01,1,0,,,0,0
EMP-12694,2025-11-01,Research,Fundraising,L2,Chicago-Downtown,Full-Time,38,52,45275.63,6.5,2,3.87,66.7,0,68,29,26.1,0.8,0.037,0,0,,,0,0
EMP-12231,2025-11-01,People,Fundraising,L1,Chicago-Downtown,Part-Time,35,157,52264.95,7.4,5,3.97,60.1,0,65,49,9.4,0.2,0.013,1,0,,,0,0
EMP-11255,2025-11-01,People,Data,L4,Chicago-Downtown,Full-Time,40,42,111865.2,20.6,3,3.0,91.9,1,25,37,21.9,0.0,0.018,1,0,,,0,0
EMP-12219,2025-11-01,Programs,Operations,L2,Remote-US,Full-Time,36,43,70568.94,6.3,2,3.0,38.7,0,27,25,18.7,0.4,-0.008,1,0,,,0,0
EMP-10272,2025-11-01,Finance,Data,L2,Chicago-South,Part-Time,49,71,75489.49,13.5,5,3.2,90.7,0,15,17,3.7,1.0,0.037,0,0,,,0,0
EMP-11274,2025-11-01,Programs,Fundraising,L2,Chicago-Downtown,Full-Time,20,48,69003.54,4.9,1,3.09,57.4,0,5,16,7.7,1.0,0.039,0,0,,,0,0
EMP-12210,2025-11-01,Programs,Data,L1,Chicago-South,Full-Time,25,19,56303.22,6.0,3,3.11,98.9,0,45,37,5.7,0.8,-0.043,0,0,,,0,0
EMP-12208,2025-11-01,Programs,Fundraising,L2,Chicago-Downtown,Full-Time,28,19,52471.27,7.3,2,3.25,100.0,0,30,21,7.1,0.4,-0.002,0,0,,,0,0
EMP-10278,2025-11-01,Research,Operations,L4,Remote-US,Full-Time,49,33,103378.53,1.3,2,2.9,75.2,0,6,23,6.0,0.6,0.047,0,0,,,0,0
EMP-10612,2025-11-01,Programs,Operations,L1,Chicago-North,Part-Time,50,13,64772.6,12.6,2,3.43,72.3,0,41,18,27.3,1.0,0.061,0,0,,,0,0
EMP-12218,2025-11-01,Finance,Program Delivery,L3,Chicago-North,Full-Time,24,18,84749.46,2.3,3,3.67,64.7,0,32,50,10.0,0.0,0.037,0,0,,,0,0
EMP-11805,2025-11-01,Programs,Data,L3,Chicago-South,Full-Time,38,13,83559.66,5.8,0,2.62,90.3,2,63,29,8.6,0.8,0.022,1,0,,,0,0
EMP-12084,2025-11-01,Development,Program Delivery,L2,Remote-US,Full-Time,30,15,79665.35,22.2,6,3.07,85.2,0,16,13,7.0,0.0,0.009,0,0,,,0,0
EMP-11582,2025-11-01,Programs,Program Delivery,L2,Remote-US,Full-Time,38,74,73687.7,6.1,2,3.26,73.1,0,30,34,7.9,1.0,0.043,0,0,,,0,0
EMP-11730,2025-11-01,Finance,Program Delivery,L2,Chicago-South,Full-Time,38,97,56134.43,4.1,1,3.76,52.0,1,35,23,17.5,0.4,0.078,0,0,,,0,0
EMP-10487,2025-11-01,People,Finance,L2,Chicago-Downtown,Full-Time,37,57,79117.16,13.8,2,4.0,56.6,1,93,69,6.2,0.4,0.061,0,0,,,0,0
EMP-10499,2025-11-01,Programs,Operations,L2,Chicago-North,Part-Time,41,43,76239.07,17.5,1,3.76,63.9,0,30,40,8.1,0.0,0.086,0,0,,,0,0
EMP-11792,2025-11-01,Development,HR,L1,Chicago-Downtown,Full-Time,47,58,41228.22,18.4,2,4.28,59.3,0,27,1,6.7,0.2,0.029,0,0,,,0,0
EMP-11729,2025-11-01,Programs,HR,L2,Chicago-Downtown,Full-Time,21,28,62956.93,11.5,4,3.32,62.2,2,46,20,8.0,0.4,0.016,0,1,2025-12-04,Involuntary,1,1
EMP-11680,2025-11-01,People,Fundraising,L2,Chicago-South,Full-Time,43,30,55761.37,5.2,2,3.72,94.9,0,15,37,20.8,0.0,0.078,0,0,,,0,0
EMP-10847,2025-11-01,Programs,Data,L4,Chicago-Downtown,Full-Time,23,22,112582.93,9.4,0,3.51,76.8,0,21,34,42.0,0.0,0.054,0,0,,,0,0
EMP-11585,2025-11-01,Research,HR,L4,Chicago-South,Full-Time,36,122,85288.62,1.3,1,3.85,36.1,0,25,48,11.7,0.0,-0.017,0,0,,,0,0
EMP-10479,2025-11-01,Development,Finance,L2,Chicago-South,Full-Time,32,87,55537.71,4.8,3,1.78,49.2,0,51,25,11.4,1.0,0.029,0,0,,,0,0
EMP-10524,2025-11-01,Operations,HR,L1,Chicago-North,Full-Time,31,106,48131.4,3.6,2,3.55,37.0,2,38,0,4.9,0.0,0.001,0,0,,,0,0
EMP-10809,2025-11-01,People,Finance,L3,Remote-US,Full-Time,39,105,87947.73,8.9,3,3.91,82.3,0,36,37,6.3,0.2,0.031,0,0,,,0,0
EMP-12950,2025-11-01,Finance,Fundraising,L2,Chicago-North,Full-Time,30,88,57686.07,15.7,2,2.83,69.0,1,84,53,12.9,1.0,0.015,0,0,,,0,0
EMP-11566,2025-11-01,People,Fundraising,L2,Chicago-Downtown,Full-Time,34,134,61112.32,0.4,5,3.74,59.0,0,49,69,17.0,1.0,0.009,1,0,,,0,0
EMP-11650,2025-11-01,Programs,Finance,L3,Chicago-North,Part-Time,36,89,82552.3,12.0,2,3.1,67.8,0,80,8,18.5,0.6,0.057,0,0,,,0,0
EMP-11708,2025-11-01,Programs,Fundraising,L2,Chicago-Downtown,Full-Time,39,22,64637.98,3.4,5,3.9,88.3,2,15,55,10.0,0.8,0.011,1,1,2026-01-02,Involuntary,1,1
EMP-11594,2025-11-01,Development,Finance,L3,Chicago-Downtown,Full-Time,21,27,75600.6,13.3,1,2.87,65.0,0,58,35,5.0,0.2,0.014,0,1,2025-11-08,Involuntary,0,1
EMP-10834,2025-11-01,Programs,Data,L3,Chicago-South,Full-Time,20,70,85218.77,14.1,2,2.72,92.1,0,120,59,8.7,0.4,-0.009,0,0,,,0,0
EMP-11673,2025-11-01,Research,Fundraising,L1,Chicago-Downtown,Full-Time,32,67,43686.61,7.6,2,2.86,78.5,1,55,63,20.2,0.4,0.075,0,0,,,0,0
EMP-11628,2025-11-01,Research,Program Delivery,L1,Chicago-South,Full-Time,21,53,50483.44,0.5,1,2.88,66.1,0,13,0,7.7,0.6,0.13,0,0,,,0,0
EMP-10791,2025-11-01,Programs,HR,L3,Remote-US,Full-Time,37,63,94825.05,0.5,1,1.83,71.1,0,91,22,1.2,0.0,0.026,0,0,,,0,0
EMP-12945,2025-11-01,Research,Finance,L1,Chicago-Downtown,Full-Time,35,19,69784.78,5.8,3,2.76,77.0,0,49,35,18.6,0.2,0.017,0,0,,,0,0
EMP-11542,2025-11-01,Development,HR,L1,Chicago-Downtown,Full-Time,20,30,36916.14,6.8,4,4.08,41.9,1,19,20,4.6,0.4,-0.042,0,0,,,0,0
EMP-10433,2025-11-01,Finance,Finance,L3,Chicago-North,Full-Time,34,39,83322.99,4.0,2,3.34,45.5,1,41,49,30.3,0.2,0.109,0,1,2026-01-28,Voluntary,1,1
EMP-10495,2025-11-01,Development,Data,L4,Chicago-South,Full-Time,35,21,116574.08,4.4,2,3.14,55.1,0,29,3,13.2,0.2,0.039,0,1,2025-12-24,Involuntary,1,1
EMP-10017,2025-11-01,Operations,HR,L2,Chicago-South,Full-Time,47,31,72605.0,6.4,1,3.53,99.3,0,36,59,5.6,0.8,0.048,0,0,,,0,0
EMP-11743,2025-11-01,Research,HR,L1,Remote-US,Full-Time,24,91,42338.92,5.6,2,4.24,60.1,0,14,77,20.0,0.0,0.016,0,0,,,0,0
EMP-10503,2025-11-01,Research,Operations,L3,Chicago-North,Full-Time,36,45,83554.07,5.4,3,3.53,64.0,0,51,15,14.0,0.0,0.011,0,0,,,0,0
EMP-12954,2025-11-01,Operations,HR,L3,Remote-US,Full-Time,35,37,81493.65,4.1,2,3.78,83.9,0,21,11,5.8,1.0,0.026,0,0,,,0,0
EMP-11541,2025-11-01,Development,Operations,L1,Chicago-North,Full-Time,40,29,48573.78,25.1,3,2.16,76.8,0,64,49,7.2,0.0,0.052,0,0,,,0,0
EMP-12978,2025-11-01,Development,Operations,L1,Chicago-Downtown,Full-Time,30,30,53956.73,15.0,1,3.13,73.8,0,31,16,4.1,1.0,0.004,0,1,2025-12-24,Voluntary,1,1
EMP-11796,2025-11-01,Operations,Fundraising,L2,Chicago-Downtown,Full-Time,28,15,71819.96,4.2,2,3.93,47.7,1,50,37,25.2,0.0,0.008,0,0,,,0,0
EMP-11610,2025-11-01,Programs,Operations,L3,Chicago-Downtown,Full-Time,49,46,95813.04,11.0,3,4.53,59.9,0,78,20,18.3,0.4,0.005,0,0,,,0,0
EMP-12982,2025-11-01,Finance,Finance,L2,Chicago-Downtown,Full-Time,24,68,56371.58,9.2,5,3.48,100.0,0,7,21,3.4,0.2,0.079,1,0,,,0,0
EMP-12926,2025-11-01,Operations,Program Delivery,L2,Chicago-Downtown,Full-Time,34,30,66010.9,11.8,1,2.23,74.8,1,32,22,15.5,0.0,0.049,1,0,,,0,0
EMP-12919,2025-11-01,Operations,HR,L2,Chicago-Downtown,Full-Time,25,72,56567.05,8.3,2,3.13,65.0,0,80,47,8.8,0.4,0.025,0,0,,,0,0
EMP-10512,2025-11-01,Finance,Data,L3,Chicago-Downtown,Full-Time,39,20,99324.43,4.9,3,3.93,58.5,1,29,35,43.0,0.0,-0.03,0,0,,,0,0
EMP-11433,2025-12-01,Development,Data,L3,Remote-US,Full-Time,44,68,87323.98,5.5,0,2.97,43.5,0,13,64,16.9,0.8,0.078,0,0,,,0,0
EMP-10434,2025-12-01,Finance,Operations,L1,Chicago-North,Full-Time,42,58,40522.98,4.7,3,3.35,79.0,0,21,0,14.4,0.0,0.009,0,0,,,0,0
EMP-10266,2025-12-01,Programs,HR,L3,Chicago-North,Full-Time,37,49,70738.85,7.8,3,3.73,74.3,0,96,36,8.8,1.0,0.09,0,0,,,0,0
EMP-11289,2025-12-01,Development,Finance,L2,Chicago-South,Full-Time,32,32,59971.03,13.7,5,3.03,72.8,1,2,52,24.5,1.0,0.035,0,0,,,0,0
EMP-10963,2025-12-01,Finance,Operations,L1,Chicago-Downtown,Full-Time,44,68,48684.95,7.6,3,3.86,79.2,0,44,25,12.1,1.0,-0.024,0,0,,,0,0
EMP-11429,2025-12-01,Finance,HR,L1,Chicago-North,Full-Time,35,29,44336.91,0.6,1,3.03,93.0,2,21,50,12.3,0.0,0.009,0,0,,,0,0
EMP-12495,2025-12-01,Development,Program Delivery,L1,Remote-US,Full-Time,24,50,33949.12,10.1,1,3.33,77.0,0,10,26,11.1,1.0,0.073,0,0,,,0,0
EMP-10274,2025-12-01,Research,Operations,L4,Chicago-Downtown,Full-Time,23,33,100862.52,8.9,3,2.39,70.7,2,44,38,17.6,0.6,0.036,0,0,,,0,0
EMP-10572,2025-12-01,Development,Fundraising,L2,Remote-US,Full-Time,27,22,57800.31,4.3,3,3.52,94.3,0,28,34,17.0,0.6,-0.021,0,0,,,0,0
EMP-12223,2025-12-01,Programs,Operations,L3,Chicago-Downtown,Full-Time,38,123,73695.0,7.4,1,4.11,82.5,0,31,85,10.0,0.0,0.056,0,0,,,0,0
EMP-11611,2025-12-01,Programs,HR,L3,Chicago-Downtown,Part-Time,40,34,93158.34,0.7,2,3.06,80.1,0,54,40,8.0,1.0,0.019,0,0,,,0,0
EMP-11421,2025-12-01,Operations,Operations,L2,Remote-US,Full-Time,51,96,56313.96,5.6,2,4.35,60.2,0,46,56,16.7,0.0,0.021,0,0,,,0,0
EMP-10349,2025-12-01,Programs,Finance,L3,Chicago-Downtown,Part-Time,42,15,75167.35,8.3,3,2.66,81.7,0,17,57,13.7,1.0,-0.011,3,0,,,0,0
EMP-12507,2025-12-01,Operations,Data,L1,Chicago-Downtown,Full-Time,44,16,47364.45,12.2,4,3.0,97.3,0,26,56,8.6,0.2,0.044,0,0,,,0,0
EMP-10201,2025-12-01,Finance,Finance,L1,Chicago-North,Full-Time,38,62,58581.17,1.3,4,4.05,49.8,0,14,53,27.6,0.2,0.089,0,0,,,0,0
EMP-11691,2025-12-01,Programs,Fundraising,L2,Remote-US,Full-Time,30,57,58036.89,0.6,2,3.72,84.0,0,12,23,11.2,1.0,0.086,0,0,,,0,0
EMP-11975,2025-12-01,Operations,Program Delivery,L4,Remote-US,Full-Time,39,61,103940.73,1.3,9,1.53,79.2,0,24,76,6.3,0.0,0.053,0,0,,,0,0
EMP-12807,2025-12-01,Programs,Fundraising,L1,Chicago-North,Full-Time,39,130,34309.72,14.9,2,3.42,82.3,1,23,7,4.4,0.4,0.025,0,0,,,0,0
EMP-11436,2025-12-01,Operations,Finance,L2,Chicago-South,Full-Time,41,16,64005.94,9.1,2,4.01,72.3,3,36,15,24.5,1.0,0.033,1,0,,,0,0
EMP-11992,2025-12-01,Programs,Fundraising,L2,Chicago-Downtown,Part-Time,38,8,71113.25,8.7,1,3.21,53.4,0,16,23,1.4,0.8,0.081,1,1,2025-12-20,Voluntary,1,1
EMP-11958,2025-12-01,People,HR,L2,Chicago-South,Full-Time,50,35,65280.43,8.9,1,3.59,57.0,1,45,44,9.8,1.0,-0.001,0,0,,,0,0
EMP-11949,2025-12-01,Programs,Fundraising,L4,Chicago-Downtown,Full-Time,36,111,112377.15,8.5,2,3.5,70.3,0,38,43,12.7,1.0,-0.028,1,0,,,0,0
EMP-12207,2025-12-01,Operations,HR,L4,Chicago-Downtown,Full-Time,45,39,106479.97,5.9,3,2.62,65.7,1,101,34,8.7,0.6,0.002,0,0,,,0,0
EMP-10901,2025-12-01,Operations,Data,L3,Chicago-North,Full-Time,51,33,84365.81,26.6,4,2.14,77.6,0,34,32,5.6,0.0,0.014,1,1,2026-01-07,Voluntary,1,1
EMP-12205,2025-12-01,Operations,HR,L2,Chicago-North,Full-Time,35,44,55310.37,12.1,1,3.07,79.4,1,37,45,6.4,0.6,0.085,0,0,,,0,0
EMP-12190,2025-12-01,Programs,HR,L3,Chicago-South,Full-Time,30,103,83125.06,2.4,3,2.98,79.0,0,78,18,51.2,0.0,0.059,0,0,,,0,0
EMP-10205,2025-12-01,Finance,Data,L1,Chicago-North,Full-Time,26,22,39491.56,5.4,3,2.3,63.3,0,26,66,20.7,0.2,0.061,2,0,,,0,0
EMP-11701,2025-12-01,Programs,Operations,L2,Chicago-Downtown,Full-Time,64,35,39732.46,6.7,0,2.88,71.6,0,113,27,9.7,0.0,0.029,0,1,2026-01-30,Voluntary,1,1
EMP-10797,2025-12-01,Operations,Data,L2,Chicago-Downtown,Full-Time,32,74,67152.31,35.2,4,3.86,69.5,0,84,49,7.1,0.2,0.016,0,0,,,0,0
EMP-11938,2025-12-01,Research,Finance,L2,Remote-US,Full-Time,52,43,46339.37,15.2,1,3.14,51.2,1,22,30,6.6,0.0,0.116,0,0,,,0,0
EMP-12194,2025-12-01,Research,HR,L2,Remote-US,Full-Time,40,52,61415.02,12.3,3,3.86,86.5,0,83,27,3.0,0.2,0.086,0,0,,,0,0
EMP-12426,2025-12-01,Development,HR,L2,Chicago-South,Full-Time,34,58,70441.96,6.3,2,4.07,61.2,1,24,2,19.5,0.0,0.012,0,0,,,0,0
EMP-10458,2025-12-01,Finance,Finance,L1,Chicago-Downtown,Full-Time,37,45,52495.34,6.3,1,3.72,74.1,0,12,16,19.8,0.2,0.056,0,0,,,0,0
EMP-10755,2025-12-01,Programs,HR,L2,Chicago-Downtown,Full-Time,37,55,67007.6,16.1,0,3.11,90.2,0,13,49,24.3,0.0,0.091,0,0,,,0,0
EMP-12901,2025-12-01,People,Fundraising,L2,Chicago-Downtown,Full-Time,27,27,66470.82,11.4,2,1.81,43.3,0,18,9,15.6,1.0,-0.026,1,0,,,0,0
EMP-11540,2025-12-01,Operations,Program Delivery,L2,Remote-US,Full-Time,35,38,84277.39,12.5,5,3.06,92.1,0,31,44,3.6,0.8,0.011,0,0,,,0,0
EMP-10915,2025-12-01,People,HR,L1,Chicago-Downtown,Full-Time,30,61,38328.68,13.5,5,4.67,74.1,1,39,21,4.9,0.8,0.012,1,1,2025-12-16,Voluntary,1,1
EMP-11323,2025-12-01,Programs,Operations,L2,Chicago-South,Part-Time,49,131,61518.96,20.2,4,3.07,50.8,0,20,52,4.8,0.2,0.019,0,0,,,0,0
EMP-12039,2025-12-01,People,Finance,L2,Chicago-Downtown,Full-Time,33,63,41973.14,4.7,1,2.44,84.4,0,10,9,2.5,0.8,0.029,0,0,,,0,0
EMP-12450,2025-12-01,Development,Program Delivery,L1,Remote-US,Full-Time,31,45,33859.47,6.0,2,2.4,70.9,1,48,32,11.8,0.0,0.046,0,0,,,0,0
EMP-12738,2025-12-01,People,Operations,L2,Remote-US,Full-Time,34,45,62908.95,12.3,4,2.43,69.6,0,30,56,11.2,0.2,0.026,0,0,,,0,0
EMP-10728,2025-12-01,Programs,Fundraising,L3,Chicago-North,Full-Time,38,74,106883.4,3.7,6,2.75,76.5,0,84,64,10.7,0.0,0.04,0,0,,,0,0
EMP-11139,2025-12-01,People,Finance,L1,Chicago-South,Part-Time,40,90,54511.87,4.4,2,3.1,73.9,0,13,69,10.1,1.0,0.084,0,0,,,0,0
EMP-10669,2025-12-01,Development,Data,L1,Chicago-Downtown,Part-Time,34,32,53774.74,23.7,4,2.04,60.4,1,48,65,20.1,1.0,-0.031,0,0,,,0,0
EMP-10192,2025-12-01,Operations,Operations,L3,Chicago-North,Full-Time,48,64,76174.5,12.0,2,4.35,74.5,0,20,16,23.5,0.8,0.031,0,0,,,0,0
EMP-11732,2025-12-01,Research,Fundraising,L1,Chicago-Downtown,Part-Time,33,83,48480.9,4.9,1,3.66,51.3,1,35,28,26.4,0.0,0.064,0,0,,,0,0
EMP-12055,2025-12-01,People,Program Delivery,L3,Chicago-Downtown,Part-Time,32,44,72740.14,19.7,9,2.29,55.4,1,45,39,12.4,0.0,0.029,0,0,,,0,0
EMP-12125,2025-12-01,Operations,Finance,L3,Chicago-Downtown,Part-Time,48,32,85980.75,3.3,2,4.03,77.1,0,23,55,22.1,0.2,0.06,1,0,,,0,0
EMP-10312,2025-12-01,People,Fundraising,L1,Chicago-Downtown,Part-Time,38,88,52780.57,8.6,0,4.08,73.1,0,20,44,21.2,0.2,0.074,0,0,,,0,0
EMP-11365,2025-12-01,Programs,Fundraising,L3,Chicago-South,Full-Time,40,38,90313.25,2.0,1,3.62,98.0,0,26,17,20.6,1.0,0.026,0,0,,,0,0
EMP-12767,2025-12-01,Programs,HR,L3,Chicago-Downtown,Part-Time,36,17,81646.53,17.6,2,2.31,50.3,0,33,1,5.4,1.0,0.067,1,0,,,0,0
EMP-12087,2025-12-01,Programs,HR,L2,Chicago-South,Full-Time,36,66,69733.29,9.2,0,3.37,35.3,0,71,22,28.7,1.0,0.052,0,0,,,0,0
EMP-12477,2025-12-01,Programs,Fundraising,L3,Chicago-Downtown,Full-Time,42,39,80537.39,19.7,4,2.37,93.5,1,25,22,3.9,1.0,0.007,0,0,,,0,0
EMP-11745,2025-12-01,Operations,Operations,L2,Chicago-Downtown,Full-Time,20,72,66770.1,7.9,3,3.43,95.5,1,52,45,4.6,0.6,0.021,0,1,2026-01-17,Voluntary,0,1
EMP-12916,2025-12-01,Programs,Finance,L1,Chicago-South,Full-Time,42,86,47954.53,2.2,3,4.45,100.0,1,20,71,10.5,0.2,0.021,1,0,,,0,0
EMP-10188,2025-12-01,Operations,Finance,L2,Chicago-South,Full-Time,26,16,72175.56,11.3,0,2.83,72.4,0,28,39,12.0,0.0,-0.004,0,0,,,0,0
EMP-12074,2025-12-01,People,Data,L1,Chicago-Downtown,Full-Time,29,44,45244.4,15.5,0,3.99,70.8,0,48,39,2.4,0.2,-0.007,0,0,,,0,0
EMP-10590,2025-12-01,Development,Data,L2,Chicago-North,Full-Time,31,103,72827.88,19.0,4,3.77,75.4,1,52,14,32.9,0.2,0.048,0,0,,,0,0
EMP-12921,2025-12-01,Programs,Program Delivery,L2,Chicago-Downtown,Full-Time,47,27,66204.39,6.6,2,3.77,74.9,0,16,33,2.1,0.4,0.033,0,0,,,0,0
EMP-11127,2025-12-01,Operations,HR,L1,Chicago-Downtown,Full-Time,27,124,42398.72,11.4,1,3.94,96.2,0,72,42,28.6,0.0,0.086,0,0,,,0,0
EMP-11763,2025-12-01,Development,Fundraising,L2,Remote-US,Full-Time,30,44,57307.15,34.1,0,2.26,72.1,0,27,47,8.7,0.0,0.019,0,0,,,0,0
EMP-12487,2025-12-01,Programs,Fundraising,L1,Remote-US,Part-Time,26,42,47866.44,1.7,1,3.44,84.6,0,29,22,4.1,0.4,0.053,0,0,,,0,0
EMP-12935,2025-12-01,Finance,HR,L1,Chicago-South,Part-Time,20,51,42447.76,8.0,1,3.24,77.9,2,23,31,8.8,0.6,0.056,0,0,,,0,0
EMP-10292,2025-12-01,Research,Fundraising,L1,Chicago-Downtown,Full-Time,35,66,52665.71,4.1,2,4.29,55.8,1,11,50,11.6,1.0,0.011,0,1,2025-12-18,Voluntary,1,1
EMP-12903,2025-12-01,Programs,Operations,L2,Chicago-Downtown,Full-Time,49,21,44459.26,19.4,3,3.6,62.8,1,83,23,21.4,0.8,-0.01,0,0,,,0,0
EMP-11572,2025-12-01,People,Operations,L2,Chicago-South,Part-Time,44,8,59034.45,5.4,1,3.84,77.3,1,103,72,19.8,0.0,0.058,1,0,,,0,0
EMP-12004,2025-12-01,Finance,Operations,L4,Chicago-Downtown,Full-Time,30,42,118140.02,0.8,4,3.5,68.2,1,27,47,33.4,1.0,0.04,0,0,,,0,0
EMP-11926,2025-12-01,Programs,HR,L2,Chicago-South,Part-Time,37,51,69896.15,10.1,0,2.38,75.0,1,49,53,10.5,0.0,-0.021,0,0,,,0,0
EMP-11569,2025-12-01,People,Fundraising,L1,Remote-US,Full-Time,30,37,46200.77,4.6,2,5.0,44.7,2,27,58,9.4,1.0,0.011,0,0,,,0,0
EMP-11040,2025-12-01,Operations,Finance,L2,Chicago-North,Full-Time,51,103,54912.32,9.4,2,2.39,83.6,0,32,50,11.7,0.0,0.069,0,0,,,0,0
EMP-12444,2025-12-01,Development,Fundraising,L2,Chicago-Downtown,Full-Time,48,30,76149.1,4.4,3,2.9,65.5,1,23,35,25.5,0.0,0.015,0,0,,,0,0
EMP-11306,2025-12-01,People,HR,L1,Chicago-North,Full-Time,43,76,62439.12,12.6,2,2.43,74.2,2,34,24,1.2,0.4,0.072,0,0,,,0,0
EMP-12729,2025-12-01,Programs,Data,L2,Remote-US,Full-Time,39,90,58533.31,3.1,0,2.75,62.0,0,65,46,10.6,1.0,0.066,0,0,,,0,0
EMP-10926,2025-12-01,People,Program Delivery,L1,Chicago-Downtown,Full-Time,37,51,42312.42,7.0,2,3.96,73.1,0,34,65,11.3,0.0,0.106,0,0,,,0,0
EMP-11113,2025-12-01,People,HR,L2,Chicago-North,Full-Time,31,41,69579.53,7.3,1,4.17,78.1,0,59,48,17.9,0.4,0.003,0,0,,,0,0
EMP-11141,2025-12-01,People,Fundraising,L2,Chicago-South,Part-Time,32,29,53681.99,14.1,2,4.5,68.6,1,6,34,10.4,1.0,0.064,0,0,,,0,0
EMP-12783,2025-12-01,Research,Program Delivery,L1,Chicago-North,Full-Time,36,42,44092.29,6.0,4,3.55,53.3,1,53,47,46.3,1.0,0.098,0,0,,,0,0
EMP-10481,2025-12-01,Programs,Operations,L2,Remote-US,Full-Time,21,38,62668.22,0.5,8,4.31,69.4,0,11,41,8.6,1.0,0.096,1,0,,,0,0
EMP-10441,2025-12-01,Development,Data,L2,Remote-US,Full-Time,31,84,55368.88,6.8,2,4.01,73.4,0,42,49,8.9,0.8,0.025,0,0,,,0,0
EMP-11311,2025-12-01,Programs,Finance,L3,Remote-US,Part-Time,22,14,82221.12,1.1,0,2.9,67.2,1,16,32,35.2,0.2,0.045,1,0,,,0,0
EMP-11396,2025-12-01,Programs,HR,L1,Chicago-Downtown,Full-Time,40,38,65177.7,5.8,6,2.87,92.3,0,87,51,5.3,1.0,0.026,2,0,,,0,0
EMP-12026,2025-12-01,Operations,Data,L3,Chicago-Downtown,Full-Time,32,19,85778.24,5.3,0,3.13,67.7,1,6,42,7.4,1.0,-0.025,0,0,,,0,0
EMP-10193,2025-12-01,Programs,Data,L1,Chicago-South,Full-Time,30,24,47457.17,45.0,2,3.79,73.5,0,37,44,17.6,0.0,0.038,1,1,2026-01-20,Voluntary,1,1
EMP-11726,2025-12-01,Finance,Finance,L3,Chicago-North,Full-Time,51,25,85533.95,7.0,2,3.12,68.5,0,66,47,13.9,0.0,0.048,0,0,,,0,0
EMP-12129,2025-12-01,Programs,HR,L3,Remote-US,Full-Time,58,69,79898.17,12.7,3,2.85,53.8,1,37,48,25.3,0.8,-0.007,0,0,,,0,0
EMP-10180,2025-12-01,Finance,Operations,L3,Chicago-South,Full-Time,33,93,70159.03,4.1,2,4.08,77.7,0,16,15,11.3,0.2,0.06,0,0,,,0,0
EMP-12005,2025-12-01,Programs,Operations,L1,Remote-US,Full-Time,23,48,43966.17,13.4,0,2.74,86.7,1,75,29,7.7,1.0,-0.012,0,0,,,0,0
EMP-10207,2025-12-01,Operations,Data,L3,Chicago-North,Full-Time,30,12,85706.71,2.4,1,2.51,70.3,0,59,6,18.2,1.0,0.051,1,0,,,0,0
EMP-12588,2025-12-01,Development,HR,L1,Chicago-South,Part-Time,47,25,36398.06,9.0,1,3.43,64.7,0,41,42,7.5,1.0,0.102,1,0,,,0,0
EMP-11493,2025-12-01,Research,Program Delivery,L2,Chicago-Downtown,Full-Time,36,26,55004.82,19.8,0,4.14,77.7,1,30,45,11.7,1.0,0.03,0,0,,,0,0
EMP-12288,2025-12-01,Programs,Finance,L3,Chicago-North,Full-Time,38,33,78872.29,7.3,0,4.0,82.3,1,87,53,13.5,0.8,0.041,0,0,,,0,0
EMP-10147,2025-12-01,Operations,Data,L2,Remote-US,Full-Time,35,39,84454.75,7.9,1,2.0,61.4,1,18,64,17.0,0.4,0.003,1,0,,,0,0
EMP-11675,2025-12-01,Finance,Operations,L2,Remote-US,Full-Time,37,73,66219.62,14.4,1,2.96,70.2,1,17,16,11.5,0.4,-0.002,0,0,,,0,0
EMP-10863,2025-12-01,Programs,HR,L4,Chicago-South,Full-Time,42,125,102809.88,11.7,0,3.91,49.7,0,28,37,12.7,0.6,0.028,0,0,,,0,0
EMP-10392,2025-12-01,Programs,Data,L2,Chicago-South,Full-Time,26,32,47083.57,12.0,2,3.49,69.9,0,50,15,13.8,0.8,0.07,0,0,,,0,0
EMP-12284,2025-12-01,Research,Data,L3,Chicago-Downtown,Full-Time,22,52,75221.62,1.2,3,3.99,73.9,0,55,25,15.3,0.8,0.092,1,0,,,0,0
EMP-12868,2025-12-01,Development,Finance,L3,Remote-US,Full-Time,43,91,71606.96,12.1,3,3.24,89.8,0,88,48,17.7,0.2,0.029,0,0,,,0,0
EMP-11022,2025-12-01,People,Data,L1,Chicago-North,Part-Time,44,33,49149.38,7.4,2,2.05,69.5,0,33,28,8.3,0.0,0.037,1,0,,,0,0
EMP-12616,2025-12-01,Operations,Program Delivery,L1,Chicago-Downtown,Full-Time,33,18,58108.82,7.9,4,3.14,66.8,1,71,21,9.2,0.6,0.063,2,1,2025-12-26,Involuntary,1,1
EMP-10534,2025-12-01,Research,Operations,L3,Chicago-Downtown,Part-Time,40,65,81453.88,30.0,1,3.6,57.9,0,38,33,4.9,0.0,0.042,0,0,,,0,0
EMP-12559,2025-12-01,Programs,Operations,L4,Remote-US,Full-Time,27,30,93166.22,17.0,3,2.64,54.4,1,62,17,0.1,0.8,0.039,0,0,,,0,0
EMP-10391,2025-12-01,People,Operations,L2,Chicago-Downtown,Full-Time,29,70,57965.48,7.3,1,3.99,61.9,0,38,28,27.4,1.0,0.04,0,0,,,0,0
EMP-10527,2025-12-01,Finance,Data,L4,Remote-US,Full-Time,22,34,106890.44,10.1,2,4.21,43.4,0,26,59,8.1,0.2,0.066,0,0,,,0,0
EMP-12675,2025-12-01,Research,HR,L2,Remote-US,Part-Time,46,8,45078.96,4.8,4,2.93,66.6,2,23,20,16.2,0.6,0.033,0,0,,,0,0
EMP-12871,2025-12-01,Research,HR,L3,Chicago-South,Full-Time,36,22,100173.51,17.2,4,3.38,72.7,0,15,34,15.8,0.6,0.042,0,0,,,0,0
EMP-10810,2025-12-01,Development,HR,L2,Chicago-Downtown,Full-Time,23,10,59481.7,7.8,3,3.46,55.6,0,16,10,10.3,0.6,0.017,0,0,,,0,0
EMP-11828,2025-12-01,Programs,Finance,L2,Chicago-Downtown,Full-Time,43,73,60751.89,5.4,1,2.53,79.8,0,15,87,20.9,1.0,0.063,0,0,,,0,0
EMP-11881,2025-12-01,Operations,Data,L2,Remote-US,Full-Time,26,33,54141.25,3.3,2,4.43,50.6,0,9,35,33.1,0.6,-0.041,0,0,,,0,0
EMP-11529,2025-12-01,Development,HR,L2,Chicago-North,Part-Time,45,28,62550.81,17.4,3,3.0,64.6,1,22,49,17.8,0.6,0.003,0,0,,,0,0
EMP-12337,2025-12-01,Research,Program Delivery,L1,Remote-US,Full-Time,39,39,46931.98,4.4,1,3.97,63.8,1,17,46,7.0,0.0,0.066,0,0,,,0,0
EMP-10143,2025-12-01,Development,Finance,L2,Chicago-Downtown,Full-Time,36,3,87655.54,15.3,1,2.42,67.1,1,14,29,15.6,1.0,-0.012,0,0,,,0,0
EMP-10401,2025-12-01,People,Fundraising,L4,Chicago-South,Full-Time,26,19,86117.86,6.9,0,3.81,77.9,1,29,21,6.3,1.0,0.047,1,0,,,0,0
EMP-12893,2025-12-01,Research,Fundraising,L1,Chicago-South,Part-Time,26,88,55977.1,16.4,1,3.52,72.7,1,62,41,10.1,1.0,-0.011,0,0,,,0,0
EMP-10216,2025-12-01,People,Data,L1,Chicago-Downtown,Full-Time,29,54,35452.96,13.7,2,3.2,64.1,1,46,55,20.1,0.4,0.024,0,1,2026-01-10,Involuntary,1,1
EMP-10538,2025-12-01,Operations,Data,L1,Chicago-Downtown,Full-Time,36,29,41143.7,5.1,6,2.63,69.7,0,32,61,16.3,0.6,0.071,1,0,,,0,0
EMP-11856,2025-12-01,Research,Operations,L2,Chicago-South,Full-Time,47,30,64553.35,4.8,3,2.23,77.3,0,39,27,9.3,0.6,0.042,1,0,,,0,0
EMP-11596,2025-12-01,Programs,Data,L1,Remote-US,Full-Time,39,27,32000.0,18.2,2,3.23,74.0,1,23,33,18.7,0.8,0.022,1,0,,,0,0
EMP-11668,2025-12-01,Finance,Program Delivery,L2,Chicago-South,Full-Time,44,30,81659.03,17.6,2,2.87,80.8,0,29,34,7.4,1.0,-0.03,0,0,,,0,0
EMP-11598,2025-12-01,People,Operations,L2,Chicago-Downtown,Part-Time,35,73,56327.68,31.9,1,3.36,81.7,0,51,2,18.3,0.0,0.073,2,0,,,0,0
EMP-11544,2025-12-01,Programs,Program Delivery,L4,Chicago-North,Part-Time,52,116,117326.94,11.6,4,3.67,61.2,0,7,32,18.7,0.4,0.021,0,0,,,0,0
EMP-11663,2025-12-01,Finance,Operations,L2,Chicago-Downtown,Full-Time,44,19,73968.14,3.3,3,3.54,33.9,0,79,32,14.5,0.2,0.057,3,1,2026-01-05,Involuntary,1,1
EMP-10856,2025-12-01,Programs,Operations,L1,Remote-US,Full-Time,42,74,50184.2,8.0,1,4.31,61.1,0,38,30,5.4,0.4,-0.038,0,0,,,0,0
EMP-10475,2025-12-01,People,Program Delivery,L1,Chicago-Downtown,Full-Time,43,18,54742.11,5.2,1,3.47,62.8,1,9,54,3.1,1.0,-0.038,0,1,2026-01-25,Involuntary,1,1
EMP-12305,2025-12-01,Research,Finance,L2,Chicago-North,Full-Time,31,88,77891.7,11.0,2,3.71,90.8,1,58,65,21.3,0.8,-0.001,1,0,,,0,0
EMP-12865,2025-12-01,Research,Fundraising,L3,Chicago-Downtown,Full-Time,29,77,84711.55,2.7,1,3.6,82.6,0,47,23,5.5,0.0,0.076,0,0,,,0,0
EMP-10232,2025-12-01,Research,Data,L1,Chicago-Downtown,Part-Time,30,37,55781.27,7.7,2,2.44,57.5,0,68,28,26.6,1.0,0.001,0,0,,,0,0
EMP-10708,2025-12-01,Finance,Program Delivery,L1,Chicago-South,Part-Time,38,22,65746.54,5.5,2,3.75,72.4,0,29,29,19.3,0.2,-0.026,0,0,,,0,0
EMP-11007,2025-12-01,Operations,HR,L2,Chicago-South,Full-Time,41,4,58498.93,7.8,2,3.69,43.4,2,42,52,3.8,0.6,0.029,1,1,2026-02-18,Involuntary,1,1
EMP-12336,2025-12-01,Programs,HR,L1,Chicago-South,Full-Time,26,65,46621.02,20.6,3,2.9,88.2,0,32,27,2.3,1.0,0.034,0,0,,,0,0
EMP-12306,2025-12-01,Finance,Operations,L1,Chicago-North,Full-Time,26,56,51660.6,9.5,2,3.53,61.2,0,53,66,9.8,1.0,0.057,1,0,,,0,0
EMP-10626,2025-12-01,People,Fundraising,L2,Chicago-South,Full-Time,39,38,68041.36,11.6,0,3.1,75.5,0,67,45,3.0,1.0,-0.007,1,0,,,0,0
EMP-12341,2025-12-01,Operations,Operations,L2,Remote-US,Full-Time,45,83,69831.73,11.1,1,2.93,57.5,1,88,17,23.2,0.2,0.008,0,0,,,0,0
EMP-11601,2025-12-01,Operations,Fundraising,L2,Remote-US,Full-Time,26,43,68399.93,2.7,6,3.05,98.2,0,19,69,9.6,0.8,0.063,0,0,,,0,0
EMP-10377,2025-12-01,Finance,Data,L1,Chicago-South,Full-Time,25,28,37193.03,7.8,2,3.59,61.3,1,22,20,4.1,0.0,-0.062,0,1,2026-02-22,Voluntary,1,1
EMP-11605,2025-12-01,Operations,Data,L3,Chicago-South,Full-Time,50,67,92263.41,5.3,3,2.99,88.2,0,39,49,1.1,0.8,0.054,0,0,,,0,0
EMP-10860,2025-12-01,Programs,Data,L1,Chicago-South,Part-Time,23,55,57491.4,0.8,0,3.08,75.7,0,52,34,43.0,0.4,0.03,0,0,,,0,0
EMP-10418,2025-12-01,Finance,Program Delivery,L3,Chicago-North,Full-Time,38,95,78481.53,7.5,1,3.97,79.6,0,8,6,3.8,0.4,0.044,0,0,,,0,0
EMP-12845,2025-12-01,Development,Operations,L3,Remote-US,Part-Time,55,70,74505.82,19.3,2,3.25,51.4,0,88,77,13.7,1.0,0.043,0,0,,,0,0
EMP-10548,2025-12-01,Programs,Operations,L2,Chicago-North,Full-Time,27,24,71829.18,16.3,2,3.15,78.6,0,33,25,0.7,0.0,-0.008,0,0,,,0,0
EMP-12363,2025-12-01,Development,Program Delivery,L2,Chicago-North,Full-Time,37,95,51708.9,26.7,2,2.77,76.7,1,24,14,5.9,0.2,0.041,0,0,,,0,0
EMP-12640,2025-12-01,Development,Fundraising,L2,Remote-US,Full-Time,51,67,70290.65,11.7,2,2.92,65.4,0,49,0,4.7,0.8,0.001,0,0,,,0,0
EMP-12960,2025-12-01,Programs,Operations,L2,Remote-US,Full-Time,36,31,59331.97,8.6,2,2.71,48.0,0,21,21,1.2,0.2,0.054,0,0,,,0,0
EMP-11779,2025-12-01,Programs,Fundraising,L2,Chicago-South,Full-Time,37,30,78773.78,8.4,3,2.12,71.5,1,16,42,27.0,0.6,0.074,0,0,,,0,0
EMP-12632,2025-12-01,Programs,Data,L2,Chicago-South,Full-Time,56,11,77742.51,7.4,2,4.27,69.8,0,95,26,8.6,0.4,0.088,0,0,,,0,0
EMP-12839,2025-12-01,Research,Program Delivery,L2,Remote-US,Full-Time,35,33,58458.45,1.8,4,2.4,82.4,0,26,26,2.5,1.0,0.03,1,0,,,0,0
EMP-10424,2025-12-01,Programs,Fundraising,L2,Chicago-Downtown,Full-Time,34,69,67247.19,0.6,0,2.48,84.4,1,5,79,5.5,0.6,0.084,0,0,,,0,0
EMP-11531,2025-12-01,People,Finance,L4,Chicago-North,Full-Time,44,29,105859.4,1.2,2,3.29,72.7,2,13,51,2.4,1.0,0.053,0,0,,,0,0
EMP-12257,2025-12-01,People,Fundraising,L3,Chicago-Downtown,Full-Time,34,22,83668.05,3.6,2,2.9,52.8,2,8,52,9.6,1.0,0.056,0,0,,,0,0
EMP-12520,2025-12-01,Programs,Finance,L3,Chicago-North,Full-Time,24,33,60470.11,6.6,2,3.64,73.2,0,115,46,5.9,0.8,0.027,0,0,,,0,0
EMP-11480,2025-12-01,Programs,Fundraising,L3,Chicago-North,Full-Time,35,120,90391.15,3.5,3,2.72,54.4,0,38,11,14.1,0.0,0.059,0,0,,,0,0
EMP-10386,2025-12-01,Programs,Program Delivery,L3,Chicago-Downtown,Full-Time,41,88,82006.96,16.8,5,3.7,96.0,0,12,42,5.9,1.0,0.006,0,0,,,0,0
EMP-11583,2025-12-01,Development,Operations,L2,Remote-US,Full-Time,39,57,61265.67,15.6,0,4.33,62.6,0,78,21,26.2,0.0,-0.044,0,0,,,0,0
EMP-12828,2025-12-01,Operations,Operations,L3,Chicago-Downtown,Full-Time,25,141,81665.26,22.5,4,3.17,70.0,0,51,41,17.1,1.0,0.015,1,0,,,0,0
EMP-12248,2025-12-01,Operations,HR,L3,Chicago-South,Full-Time,37,45,80176.56,8.1,2,3.19,79.5,0,12,77,25.7,1.0,0.044,0,0,,,0,0
EMP-11825,2025-12-01,Research,Finance,L1,Chicago-North,Full-Time,47,24,44512.09,5.0,3,3.19,77.9,1,44,59,8.4,0.0,0.085,1,0,,,0,0
EMP-10818,2025-12-01,Programs,Data,L4,Chicago-South,Full-Time,38,40,108416.55,8.1,2,1.96,69.0,0,16,42,26.6,0.4,0.027,0,0,,,0,0
EMP-10161,2025-12-01,Development,Data,L1,Chicago-South,Full-Time,22,44,44017.74,17.1,3,4.29,86.3,0,18,28,11.9,0.0,0.08,0,0,,,0,0
EMP-10529,2025-12-01,Programs,HR,L3,Chicago-Downtown,Full-Time,22,61,91554.97,6.7,3,3.48,52.0,0,94,22,3.7,0.8,0.117,0,0,,,0,0
EMP-12539,2025-12-01,Operations,Operations,L2,Chicago-South,Full-Time,37,18,61773.68,6.1,3,2.77,72.8,1,50,44,7.2,0.2,0.028,2,0,,,0,0
EMP-11067,2025-12-01,Research,Finance,L1,Chicago-Downtown,Full-Time,21,64,45692.92,5.1,4,2.42,52.4,0,3,56,23.1,0.0,0.106,1,0,,,0,0
EMP-10717,2026-01-01,Research,HR,L2,Chicago-Downtown,Full-Time,20,33,65963.37,2.1,1,3.91,66.5,0,85,41,30.6,0.2,-0.005,2,0,,,0,0
EMP-12467,2026-01-01,Operations,Fundraising,L2,Chicago-Downtown,Full-Time,28,79,57120.16,7.3,1,4.43,56.5,1,5,25,11.8,0.2,0.004,0,0,,,0,0
EMP-11213,2026-01-01,Programs,Data,L1,Chicago-Downtown,Full-Time,45,30,53639.75,4.1,2,3.65,72.4,0,29,44,23.6,1.0,0.059,0,0,,,0,0
EMP-12365,2026-01-01,Development,Data,L2,Chicago-South,Full-Time,20,47,67568.38,23.4,3,1.95,72.9,0,65,27,1.5,0.6,0.032,0,1,2026-03-02,Involuntary,1,1
EMP-10733,2026-01-01,People,Operations,L1,Chicago-Downtown,Full-Time,36,76,55517.41,3.4,4,3.09,56.1,0,34,38,4.8,0.0,-0.001,0,0,,,0,0
EMP-12646,2026-01-01,Programs,Operations,L3,Chicago-Downtown,Full-Time,33,22,98283.55,1.2,4,3.33,71.3,0,22,28,17.7,0.0,0.019,1,0,,,0,0
EMP-12086,2026-01-01,Development,Operations,L4,Chicago-Downtown,Full-Time,20,94,114996.15,7.9,2,2.48,72.4,1,40,79,19.0,0.2,0.045,1,0,,,0,0
EMP-12976,2026-01-01,Operations,Program Delivery,L2,Chicago-Downtown,Part-Time,20,81,52870.83,12.6,2,2.66,85.8,0,47,23,27.2,0.6,0.043,0,0,,,0,0
EMP-12985,2026-01-01,Operations,Finance,L2,Remote-US,Full-Time,45,105,50133.96,1.1,3,4.24,81.4,0,61,47,5.6,1.0,-0.001,0,0,,,0,0
EMP-12109,2026-01-01,Development,Fundraising,L1,Remote-US,Full-Time,45,34,42792.82,10.5,4,3.36,61.5,0,17,55,35.5,1.0,0.045,1,1,2026-02-04,Involuntary,1,1
EMP-10839,2026-01-01,People,Data,L2,Chicago-Downtown,Full-Time,48,17,64973.79,6.9,0,4.52,66.2,1,57,16,7.6,0.0,0.054,0,0,,,0,0
EMP-12340,2026-01-01,People,Fundraising,L2,Chicago-North,Full-Time,23,13,52971.66,6.3,0,2.66,38.4,1,52,2,5.2,0.4,0.039,0,0,,,0,0
EMP-11641,2026-01-01,People,HR,L2,Chicago-Downtown,Full-Time,36,34,77059.11,4.8,3,4.01,72.0,0,25,46,10.9,0.4,0.023,1,0,,,0,0
EMP-12648,2026-01-01,Programs,HR,L3,Chicago-North,Full-Time,33,52,83126.16,9.8,1,3.44,58.6,1,120,0,13.6,0.4,0.054,1,0,,,0,0
EMP-11013,2026-01-01,Development,Finance,L3,Chicago-North,Part-Time,42,75,78844.92,6.9,4,3.94,58.6,1,23,35,24.0,0.8,0.042,2,0,,,0,0
EMP-11202,2026-01-01,People,Data,L3,Chicago-Downtown,Full-Time,50,50,78250.84,4.2,2,2.78,87.8,0,30,29,17.4,0.0,0.073,1,0,,,0,0
EMP-12374,2026-01-01,Operations,HR,L2,Chicago-North,Part-Time,37,30,68170.31,1.9,0,3.57,77.4,0,9,47,20.4,0.6,0.058,0,0,,,0,0
EMP-11561,2026-01-01,Operations,Program Delivery,L3,Chicago-Downtown,Full-Time,46,46,70794.86,2.9,1,3.44,70.8,0,18,57,12.2,0.6,0.037,1,0,,,0,0
EMP-12122,2026-01-01,Operations,Data,L1,Chicago-North,Full-Time,32,49,67373.46,15.8,2,2.98,58.1,1,32,23,17.1,0.0,0.033,0,0,,,0,0
EMP-12977,2026-01-01,People,Operations,L1,Chicago-Downtown,Full-Time,35,114,38569.29,6.9,8,2.5,51.6,0,18,15,17.6,1.0,0.062,1,0,,,0,0
EMP-10218,2026-01-01,Programs,HR,L2,Remote-US,Full-Time,41,11,60526.31,14.4,5,3.0,78.8,0,8,64,16.3,1.0,0.133,0,0,,,0,0
EMP-12735,2026-01-01,Programs,Operations,L3,Remote-US,Full-Time,47,49,75681.32,23.3,3,3.24,91.3,0,3,34,7.7,0.8,0.043,1,0,,,0,0
EMP-11639,2026-01-01,Programs,Finance,L1,Remote-US,Full-Time,50,63,36628.61,19.5,1,2.8,86.1,1,57,32,15.6,0.0,0.001,0,0,,,0,0
EMP-10304,2026-01-01,Research,Fundraising,L3,Chicago-North,Full-Time,20,57,93517.19,6.3,5,2.65,54.0,2,58,12,6.9,0.2,0.071,1,0,,,0,0
EMP-12246,2026-01-01,Programs,Program Delivery,L2,Chicago-Downtown,Part-Time,24,14,66584.11,21.9,2,3.74,53.3,0,30,75,5.3,0.2,-0.052,1,0,,,0,0
EMP-12140,2026-01-01,Programs,HR,L4,Remote-US,Part-Time,43,32,92481.48,2.6,2,3.34,72.3,1,34,37,5.9,0.0,0.029,0,0,,,0,0
EMP-12269,2026-01-01,Development,Data,L2,Chicago-Downtown,Full-Time,25,163,56248.29,8.6,2,5.0,63.9,0,8,51,52.6,0.8,-0.051,0,0,,,0,0
EMP-11700,2026-01-01,Development,Operations,L1,Chicago-Downtown,Full-Time,41,19,52511.23,16.3,3,3.66,100.0,0,44,21,9.0,1.0,0.061,2,0,,,0,0
EMP-11699,2026-01-01,Operations,Operations,L1,Chicago-North,Part-Time,33,57,50096.89,3.4,2,3.92,71.8,0,10,5,6.9,1.0,0.042,0,0,,,0,0
EMP-12613,2026-01-01,People,Operations,L2,Chicago-Downtown,Full-Time,42,14,71544.34,4.6,1,3.84,59.2,0,68,8,10.1,0.8,0.019,2,0,,,0,0
EMP-12405,2026-01-01,Development,Fundraising,L1,Chicago-North,Full-Time,38,66,51961.36,4.9,2,3.87,66.2,0,9,53,11.4,0.0,0.031,0,0,,,0,0
EMP-11697,2026-01-01,Development,HR,L3,Remote-US,Full-Time,28,15,73009.18,2.6,0,3.74,82.5,0,48,47,16.1,1.0,0.089,1,0,,,0,0
EMP-10826,2026-01-01,Finance,Fundraising,L1,Chicago-South,Full-Time,33,81,44730.66,14.0,0,3.55,51.6,0,45,45,12.3,0.0,0.034,0,0,,,0,0
EMP-12215,2026-01-01,Research,HR,L2,Chicago-Downtown,Full-Time,52,17,66209.43,4.9,1,3.67,71.6,0,30,37,17.7,0.0,0.017,0,0,,,0,0
EMP-12953,2026-01-01,People,Data,L1,Chicago-Downtown,Full-Time,33,71,53703.83,3.0,5,3.31,77.7,0,25,35,10.4,0.4,0.068,0,0,,,0,0
EMP-10614,2026-01-01,Operations,HR,L1,Remote-US,Full-Time,27,44,32000.0,9.9,0,3.17,73.3,2,107,49,6.6,0.0,0.052,0,0,,,0,0
EMP-10723,2026-01-01,Operations,HR,L1,Chicago-South,Full-Time,28,48,46223.94,9.3,4,3.75,61.9,0,11,32,3.6,0.0,-0.038,1,0,,,0,0
EMP-10982,2026-01-01,People,Fundraising,L1,Remote-US,Full-Time,52,17,60288.93,4.5,2,4.31,73.2,1,25,28,8.8,0.6,0.019,0,0,,,0,0
EMP-10665,2026-01-01,Research,HR,L3,Chicago-Downtown,Full-Time,40,16,79942.06,4.3,2,3.49,85.8,0,51,16,10.3,0.8,0.009,0,1,2026-03-18,Voluntary,1,1
EMP-10111,2026-01-01,Programs,Operations,L3,Chicago-Downtown,Full-Time,38,12,94800.63,9.8,2,4.36,71.2,0,24,13,48.0,0.0,0.085,1,0,,,0,0
EMP-12224,2026-01-01,Finance,Finance,L2,Chicago-North,Full-Time,52,40,80891.17,19.3,4,3.06,76.9,0,10,51,21.5,0.8,0.027,0,0,,,0,0
EMP-10822,2026-01-01,Research,Fundraising,L2,Chicago-Downtown,Full-Time,37,106,70529.9,2.7,2,3.24,87.3,0,12,47,32.6,0.0,0.035,0,0,,,0,0
EMP-11153,2026-01-01,Research,Finance,L1,Chicago-North,Full-Time,29,21,32000.0,1.3,3,2.92,61.0,1,39,0,7.1,0.4,0.123,0,0,,,0,0
EMP-12229,2026-01-01,Research,Finance,L3,Remote-US,Full-Time,29,64,94754.4,2.7,2,2.79,69.7,0,10,40,32.1,1.0,-0.009,0,0,,,0,0
EMP-12410,2026-01-01,Finance,Program Delivery,L3,Chicago-North,Full-Time,48,26,94289.85,12.8,6,4.57,72.4,1,23,40,17.3,0.4,0.082,1,0,,,0,0
EMP-10620,2026-01-01,Programs,HR,L2,Remote-US,Full-Time,42,102,63902.84,11.4,2,3.59,59.2,1,63,0,15.6,0.8,0.073,1,0,,,0,0
EMP-10104,2026-01-01,People,Finance,L1,Chicago-North,Full-Time,43,18,48978.32,25.2,0,2.41,63.1,0,25,38,7.5,0.6,0.065,0,0,,,0,0
EMP-11269,2026-01-01,Programs,Operations,L3,Chicago-Downtown,Full-Time,33,13,94429.46,9.0,5,4.71,54.3,3,114,45,12.2,1.0,0.062,0,0,,,0,0
EMP-12412,2026-01-01,Operations,HR,L1,Remote-US,Full-Time,37,21,34267.56,3.1,5,2.15,78.6,3,23,27,31.2,1.0,0.048,0,1,2026-01-24,Voluntary,1,1
EMP-10107,2026-01-01,Programs,Program Delivery,L1,Remote-US,Full-Time,31,20,50750.22,15.5,3,3.39,66.4,0,18,36,6.6,0.0,0.074,0,0,,,0,0
EMP-10621,2026-01-01,Research,Program Delivery,L1,Chicago-South,Full-Time,58,42,43047.53,16.2,3,2.59,81.2,0,120,28,3.5,0.2,0.034,0,0,,,0,0
EMP-11279,2026-01-01,Programs,HR,L2,Chicago-North,Full-Time,35,11,53034.94,8.0,1,4.08,54.6,0,58,25,7.8,1.0,0.056,1,0,,,0,0
EMP-10459,2026-01-01,Programs,HR,L3,Chicago-North,Part-Time,34,24,77248.92,5.8,0,3.56,97.1,0,6,22,9.4,0.4,-0.025,0,0,,,0,0
EMP-10725,2026-01-01,Programs,Data,L2,Remote-US,Full-Time,20,10,55413.64,6.9,1,2.78,95.9,0,50,44,15.5,0.2,0.02,1,0,,,0,0
EMP-12660,2026-01-01,Programs,Fundraising,L1,Chicago-Downtown,Full-Time,35,137,44660.62,23.2,1,3.45,64.4,0,66,36,12.0,0.0,-0.044,1,0,,,0,0
EMP-11643,2026-01-01,Programs,Finance,L2,Chicago-North,Part-Time,42,31,62851.32,1.5,2,1.57,85.8,0,24,16,5.6,0.6,0.01,0,0,,,0,0
EMP-12151,2026-01-01,Programs,Finance,L1,Chicago-North,Part-Time,48,27,34059.28,2.6,3,3.94,79.0,0,25,36,9.0,0.6,-0.014,0,0,,,0,0
EMP-10629,2026-01-01,Finance,Data,L2,Chicago-South,Full-Time,27,67,68546.79,26.9,4,3.51,52.3,1,74,76,18.8,0.6,0.045,0,0,,,0,0
EMP-10297,2026-01-01,People,Finance,L2,Chicago-North,Full-Time,37,14,73392.59,12.7,1,4.27,51.5,0,24,50,22.5,0.2,0.04,0,0,,,0,0
EMP-12939,2026-01-01,Programs,Operations,L2,Chicago-Downtown,Full-Time,53,53,54151.19,10.0,2,1.86,64.7,0,17,47,45.8,0.0,0.025,1,0,,,0,0
EMP-12664,2026-01-01,Programs,Finance,L1,Chicago-Downtown,Full-Time,35,100,50753.44,12.3,4,4.45,80.1,0,12,45,12.6,0.0,-0.003,0,0,,,0,0
EMP-12724,2026-01-01,Programs,Program Delivery,L3,Chicago-Downtown,Full-Time,25,36,76601.53,6.8,2,3.68,70.9,0,57,24,16.6,0.2,0.064,0,0,,,0,0
EMP-12604,2026-01-01,Programs,Fundraising,L3,Chicago-Downtown,Full-Time,32,10,73316.76,38.8,2,3.45,65.1,0,65,55,16.8,0.6,0.023,0,1,2026-02-25,Voluntary,1,1
EMP-12392,2026-01-01,Programs,Data,L3,Chicago-North,Full-Time,39,56,59791.31,11.9,0,3.47,84.9,0,79,45,3.7,0.2,0.041,0,0,,,0,0
EMP-10095,2026-01-01,Programs,Fundraising,L1,Chicago-South,Full-Time,40,8,44097.35,0.8,2,4.23,92.9,3,68,42,16.1,0.2,0.126,0,0,,,0,0
EMP-10097,2026-01-01,People,HR,L1,Chicago-North,Full-Time,34,71,32987.69,14.9,2,3.3,85.0,1,20,68,13.7,0.2,0.089,0,0,,,0,0
EMP-12296,2026-01-01,Operations,Program Delivery,L2,Chicago-Downtown,Full-Time,33,57,69385.98,13.8,4,3.8,86.2,0,33,62,9.0,0.6,0.013,0,0,,,0,0
EMP-12667,2026-01-01,Operations,Finance,L1,Remote-US,Full-Time,42,80,48798.69,3.7,2,3.4,90.3,1,61,65,16.5,1.0,-0.068,0,0,,,0,0
EMP-11023,2026-01-01,Research,Operations,L3,Chicago-Downtown,Full-Time,44,102,78873.76,20.2,1,3.88,77.7,1,48,58,6.4,0.8,-0.006,2,1,2026-02-01,Voluntary,1,1
EMP-10722,2026-01-01,People,Program Delivery,L3,Remote-US,Full-Time,32,11,90130.73,3.9,0,3.82,61.0,0,70,29,11.2,0.0,0.004,2,0,,,0,0
EMP-10287,2026-01-01,Operations,HR,L2,Remote-US,Full-Time,45,29,68056.6,5.0,0,3.59,37.4,0,58,12,4.0,0.2,0.087,0,0,,,0,0
EMP-10285,2026-01-01,Programs,Fundraising,L1,Chicago-Downtown,Full-Time,29,10,52529.86,10.1,1,2.56,82.4,0,62,61,7.8,0.6,0.026,0,0,,,0,0
EMP-12282,2026-01-01,Development,HR,L4,Chicago-Downtown,Full-Time,30,57,113238.31,10.3,4,2.97,73.7,1,117,28,11.8,1.0,0.095,1,0,,,0,0
EMP-10283,2026-01-01,Programs,Fundraising,L2,Chicago-Downtown,Full-Time,33,80,59566.45,5.6,2,3.03,75.4,1,11,47,26.6,0.2,0.029,1,0,,,0,0
EMP-12188,2026-01-01,Programs,HR,L3,Chicago-North,Full-Time,35,8,65343.23,13.6,0,3.79,74.1,0,41,69,26.9,0.4,0.065,0,0,,,0,0
EMP-12677,2026-01-01,Programs,Fundraising,L1,Remote-US,Full-Time,24,75,38716.58,5.7,3,4.76,88.6,1,21,50,4.6,0.2,0.051,0,0,,,0,0
EMP-11245,2026-01-01,Programs,Fundraising,L2,Chicago-South,Full-Time,25,73,69841.32,16.9,2,2.7,56.7,0,15,5,12.2,1.0,0.077,0,0,,,0,0
EMP-12679,2026-01-01,Development,Program Delivery,L2,Chicago-Downtown,Full-Time,43,112,60398.15,5.7,3,1.99,70.4,0,37,46,17.7,0.4,-0.028,0,0,,,0,0
EMP-12681,2026-01-01,Research,Finance,L1,Remote-US,Full-Time,38,75,35888.94,17.3,4,3.27,71.5,0,73,44,16.3,0.6,0.056,2,0,,,0,0
EMP-12136,2026-01-01,Research,Finance,L3,Chicago-South,Full-Time,36,41,88119.93,0.9,2,3.09,58.2,0,53,28,21.1,1.0,-0.033,1,0,,,0,0
EMP-12971,2026-01-01,Development,Program Delivery,L1,Remote-US,Full-Time,50,15,69821.08,2.2,3,2.77,76.8,0,62,43,12.6,0.4,0.036,1,0,,,0,0
EMP-10081,2026-01-01,Finance,Operations,L3,Chicago-North,Part-Time,47,22,74342.62,3.1,2,3.61,79.1,0,26,42,1.9,0.0,0.016,0,0,,,0,0
EMP-11184,2026-01-01,Programs,Fundraising,L1,Remote-US,Full-Time,29,30,46608.58,15.9,2,2.3,74.4,1,94,45,8.0,1.0,0.129,0,1,2026-03-17,Voluntary,1,1
EMP-11886,2026-01-01,Finance,Finance,L3,Chicago-Downtown,Part-Time,34,42,85974.52,14.1,2,2.38,61.4,0,26,23,16.3,0.8,0.052,0,0,,,0,0
EMP-10545,2026-01-01,Programs,Finance,L2,Chicago-South,Full-Time,42,47,60067.44,9.4,4,3.31,56.6,0,64,42,21.3,0.0,0.025,0,0,,,0,0
EMP-11432,2026-01-01,Programs,Fundraising,L3,Chicago-Downtown,Full-Time,43,52,77513.24,10.6,3,2.93,67.0,3,35,43,8.7,0.0,0.105,1,1,2026-02-13,Involuntary,1,1
EMP-10050,2026-01-01,Research,Data,L1,Chicago-North,Full-Time,46,22,47799.77,1.8,2,3.22,82.4,0,15,43,15.8,0.0,0.061,1,0,,,0,0
EMP-11980,2026-01-01,Development,HR,L2,Chicago-South,Full-Time,34,46,57991.67,4.7,1,3.04,88.2,0,23,61,11.5,0.4,0.084,0,0,,,0,0
EMP-10492,2026-01-01,Research,Finance,L2,Remote-US,Full-Time,36,49,64655.93,37.8,3,3.81,64.4,0,13,36,19.1,0.2,0.05,0,0,,,0,0
EMP-10680,2026-01-01,Research,Finance,L1,Remote-US,Full-Time,27,13,58713.67,4.0,2,3.55,73.9,1,32,46,24.7,1.0,-0.052,0,0,,,0,0
EMP-10913,2026-01-01,Programs,Fundraising,L1,Chicago-Downtown,Full-Time,38,112,48751.3,5.0,1,2.74,65.7,0,98,27,1.1,0.0,0.056,0,0,,,0,0
EMP-11996,2026-01-01,Programs,HR,L1,Chicago-Downtown,Full-Time,40,63,58880.62,8.7,3,4.48,100.0,1,53,62,3.6,1.0,-0.005,0,0,,,0,0
EMP-12895,2026-01-01,Finance,Finance,L3,Chicago-Downtown,Full-Time,36,36,86132.89,3.8,1,4.12,99.9,1,38,33,17.3,0.0,0.016,0,0,,,0,0
EMP-10918,2026-01-01,Programs,Data,L1,Chicago-North,Full-Time,31,61,55726.32,1.5,4,2.13,72.6,0,56,54,5.7,0.8,0.007,1,0,,,0,0
EMP-10540,2026-01-01,Programs,Fundraising,L3,Chicago-North,Full-Time,32,38,87664.61,12.7,3,2.48,86.8,0,42,34,8.3,0.0,0.046,1,0,,,0,0
EMP-11444,2026-01-01,Programs,HR,L1,Chicago-Downtown,Full-Time,34,19,69993.35,0.7,1,3.23,67.2,2,74,25,12.1,0.2,0.089,0,0,,,0,0
EMP-10344,2026-01-01,Operations,Data,L1,Chicago-South,Full-Time,35,81,53172.01,7.6,1,2.89,72.6,0,31,11,12.4,1.0,0.025,0,0,,,0,0
EMP-11503,2026-01-01,Finance,Program Delivery,L1,Chicago-South,Full-Time,25,98,56126.37,10.1,0,1.91,64.0,1,34,31,11.1,1.0,-0.016,0,0,,,0,0
EMP-10167,2026-01-01,Operations,Fundraising,L3,Remote-US,Full-Time,37,39,84064.49,8.7,2,3.09,96.6,0,20,44,3.1,1.0,0.045,0,0,,,0,0
EMP-10870,2026-01-01,Operations,Data,L4,Chicago-Downtown,Part-Time,28,53,102055.33,26.4,2,3.2,53.4,0,44,71,18.1,0.6,0.064,1,0,,,0,0
EMP-12894,2026-01-01,People,HR,L3,Remote-US,Part-Time,39,81,81435.86,4.7,2,3.2,79.6,0,37,18,14.0,0.2,0.014,1,0,,,0,0
EMP-11506,2026-01-01,People,Operations,L2,Chicago-Downtown,Part-Time,31,40,73743.83,27.4,1,3.37,59.7,0,45,2,8.1,1.0,0.007,1,1,2026-03-11,Involuntary,1,1
EMP-10439,2026-01-01,Programs,Fundraising,L2,Chicago-Downtown,Full-Time,21,47,60427.44,9.4,4,2.36,75.8,0,71,19,13.9,1.0,0.074,1,0,,,0,0
EMP-12009,2026-01-01,Operations,Operations,L2,Chicago-North,Full-Time,39,3,63938.3,8.3,1,2.6,50.7,1,49,68,4.9,1.0,0.047,0,1,2026-01-22,Involuntary,1,1
EMP-12010,2026-01-01,People,Finance,L2,Chicago-Downtown,Part-Time,31,18,55566.97,5.4,1,2.7,72.5,1,33,87,17.1,0.6,0.039,1,0,,,0,0
EMP-11404,2026-01-01,Operations,Operations,L1,Chicago-South,Full-Time,56,87,58138.36,10.4,1,4.71,88.2,0,9,32,19.2,1.0,0.07,2,0,,,0,0
EMP-11087,2026-01-01,Research,HR,L1,Chicago-Downtown,Full-Time,40,17,57751.59,24.9,1,4.5,48.3,0,40,40,16.1,0.0,-0.025,0,0,,,0,0
EMP-10428,2026-01-01,Operations,Data,L4,Chicago-North,Part-Time,47,89,110961.38,12.3,3,3.1,78.7,0,11,28,11.8,0.6,0.069,0,0,,,0,0
EMP-10069,2026-01-01,People,Fundraising,L2,Chicago-Downtown,Full-Time,22,12,63294.26,3.0,1,3.45,67.8,0,47,34,23.9,0.6,0.061,0,0,,,0,0
EMP-11863,2026-01-01,Development,Operations,L1,Remote-US,Part-Time,27,45,57817.37,14.9,2,3.07,87.9,1,22,43,13.2,0.8,0.063,0,0,,,0,0
EMP-11849,2026-01-01,Programs,Data,L3,Chicago-Downtown,Full-Time,22,92,85601.71,6.2,1,3.58,78.3,1,28,6,9.7,0.0,0.091,0,0,,,0,0
EMP-10681,2026-01-01,Programs,Fundraising,L2,Remote-US,Full-Time,53,66,59769.88,3.1,4,2.3,56.3,0,16,50,17.7,0.0,0.012,0,0,,,0,0
EMP-12562,2026-01-01,Operations,Fundraising,L2,Remote-US,Full-Time,25,35,55387.5,4.2,0,3.11,73.2,0,28,56,8.6,0.8,0.056,0,0,,,0,0
EMP-11773,2026-01-01,Research,Fundraising,L1,Chicago-South,Full-Time,32,57,46504.32,2.3,0,2.8,46.0,0,33,66,18.4,1.0,0.047,1,1,2026-03-26,Involuntary,1,1
EMP-12825,2026-01-01,People,Operations,L2,Chicago-Downtown,Full-Time,28,27,79638.27,12.1,2,2.81,75.1,0,13,51,15.3,1.0,-0.011,1,0,,,0,0
EMP-10551,2026-01-01,Operations,Data,L1,Remote-US,Full-Time,35,41,42970.43,14.3,3,3.84,51.6,3,54,36,8.6,0.0,0.068,0,0,,,0,0
EMP-10062,2026-01-01,Development,Finance,L2,Remote-US,Part-Time,47,59,60871.98,1.8,6,4.07,62.3,0,34,24,10.9,1.0,0.053,1,0,,,0,0
EMP-11463,2026-01-01,Programs,HR,L1,Chicago-North,Full-Time,34,16,60668.4,3.7,1,3.22,53.1,1,9,42,2.4,1.0,0.032,0,0,,,0,0
EMP-11940,2026-01-01,Programs,Data,L4,Remote-US,Part-Time,39,16,104744.76,16.7,1,2.91,78.5,1,50,36,9.9,0.8,0.026,1,0,,,0,0
EMP-12830,2026-01-01,Development,Fundraising,L1,Chicago-North,Full-Time,31,10,54749.56,16.7,0,3.25,77.0,0,93,41,14.6,1.0,-0.061,1,0,,,0,0
EMP-11459,2026-01-01,Operations,Program Delivery,L1,Chicago-Downtown,Full-Time,42,136,57685.23,22.8,1,3.08,68.4,1,120,38,3.0,0.8,0.065,1,0,,,0,0
EMP-12513,2026-01-01,Operations,Operations,L3,Remote-US,Full-Time,22,33,84153.85,4.7,3,2.29,68.2,1,39,61,69.3,0.0,0.008,0,0,,,0,0
EMP-10521,2026-01-01,Programs,Program Delivery,L3,Chicago-Downtown,Full-Time,36,112,81034.45,14.1,2,3.32,88.7,1,8,79,14.7,1.0,-0.003,0,0,,,0,0
EMP-10766,2026-01-01,Operations,HR,L1,Remote-US,Full-Time,41,35,45601.52,14.8,0,3.26,61.3,0,9,10,24.3,1.0,0.081,0,0,,,0,0
EMP-10365,2026-01-01,Finance,Program Delivery,L2,Chicago-Downtown,Full-Time,37,6,67630.79,13.2,5,3.74,65.2,2,5,68,41.9,0.4,0.026,0,0,,,0,0
EMP-11490,2026-01-01,Programs,Operations,L2,Chicago-Downtown,Full-Time,44,19,62554.41,22.8,2,4.12,81.8,0,22,33,17.5,0.0,0.033,0,0,,,0,0
EMP-11095,2026-01-01,Finance,Finance,L2,Chicago-North,Full-Time,39,16,64913.55,16.6,4,3.46,69.8,2,77,37,20.5,0.4,0.031,0,1,2026-02-14,Involuntary,0,1
EMP-11908,2026-01-01,Operations,HR,L2,Chicago-Downtown,Full-Time,39,25,62611.47,11.1,1,3.85,73.7,1,7,12,7.3,0.2,0.009,0,0,,,0,0
EMP-10754,2026-01-01,Finance,Operations,L1,Chicago-Downtown,Full-Time,32,72,61027.25,12.2,4,3.31,78.5,0,42,60,17.1,0.0,0.08,0,1,2026-01-15,Voluntary,0,1
EMP-10691,2026-01-01,Programs,Finance,L3,Chicago-Downtown,Full-Time,49,8,84875.81,7.1,2,4.02,61.0,0,12,0,42.7,0.4,0.006,0,0,,,0,0
EMP-11905,2026-01-01,Research,Operations,L4,Chicago-Downtown,Full-Time,32,32,117009.88,14.1,1,3.76,38.2,0,78,96,19.5,1.0,-0.007,0,0,,,0,0
EMP-11485,2026-01-01,Programs,Fundraising,L2,Chicago-Downtown,Full-Time,39,43,69311.22,4.5,2,3.69,63.2,1,61,0,46.4,0.0,-0.04,0,0,,,0,0
EMP-10385,2026-01-01,Operations,Fundraising,L3,Remote-US,Full-Time,43,9,79569.46,2.1,2,3.97,76.2,1,54,35,9.0,0.8,0.059,0,0,,,0,0
EMP-11959,2026-01-01,People,Finance,L1,Remote-US,Full-Time,37,33,47664.01,1.8,2,3.28,85.7,0,27,4,59.6,0.8,0.137,0,0,,,0,0
EMP-11895,2026-01-01,Development,HR,L3,Chicago-North,Full-Time,39,51,76283.34,8.1,2,3.5,73.0,0,101,37,20.7,1.0,-0.039,0,0,,,0,0
EMP-11961,2026-01-01,Programs,Fundraising,L4,Remote-US,Full-Time,39,37,109760.96,3.9,2,2.43,43.1,0,86,49,15.8,0.0,-0.0,0,0,,,0,0
EMP-11768,2026-01-01,Programs,Program Delivery,L2,Remote-US,Part-Time,20,39,75046.39,6.2,2,2.44,52.7,1,29,43,2.4,0.2,0.043,1,0,,,0,0
EMP-11447,2026-01-01,Operations,Data,L1,Chicago-Downtown,Full-Time,38,9,41361.25,12.5,5,1.95,42.3,0,12,11,10.6,0.0,0.042,0,0,,,0,0
EMP-11487,2026-01-01,People,Operations,L2,Chicago-Downtown,Full-Time,25,36,63217.93,14.0,3,3.55,81.9,0,51,48,24.7,0.6,-0.036,0,0,,,0,0
EMP-10378,2026-01-01,Operations,Operations,L1,Chicago-North,Full-Time,39,50,48182.32,1.2,0,4.58,72.1,1,27,38,3.6,1.0,0.09,0,0,,,0,0
EMP-11054,2026-01-01,Programs,Operations,L1,Chicago-Downtown,Full-Time,44,13,55202.43,13.0,1,4.14,66.5,1,44,93,25.9,1.0,0.046,2,1,2026-02-28,Involuntary,0,1
EMP-11468,2026-01-01,Development,Fundraising,L1,Remote-US,Full-Time,36,61,34503.7,21.1,2,4.83,98.1,1,82,48,13.8,0.8,0.029,0,1,2026-01-22,Voluntary,1,1
EMP-11399,2026-01-01,Programs,Fundraising,L2,Chicago-Downtown,Full-Time,38,33,56994.8,8.7,1,2.87,82.4,1,36,0,5.9,1.0,0.023,0,0,,,0,0
EMP-10676,2026-01-01,Programs,Data,L3,Chicago-North,Full-Time,31,14,71883.07,14.2,2,3.0,61.3,2,73,25,23.8,1.0,0.109,0,1,2026-03-17,Involuntary,1,1
EMP-11380,2026-01-01,Operations,Operations,L2,Chicago-South,Full-Time,25,79,49553.16,17.0,2,3.03,81.2,0,35,69,10.2,1.0,0.071,0,0,,,0,0
EMP-12554,2026-01-01,Finance,Finance,L2,Chicago-Downtown,Full-Time,58,30,78830.55,7.8,0,2.94,95.3,1,23,44,6.8,0.4,0.082,0,0,,,0,0
EMP-11115,2026-01-01,Operations,Finance,L2,Remote-US,Full-Time,29,22,74935.4,11.5,0,3.25,67.1,2,27,47,27.5,0.4,0.047,0,0,,,0,0
EMP-11116,2026-01-01,Development,Operations,L3,Chicago-South,Full-Time,58,7,81834.63,5.8,5,3.32,42.7,1,44,38,20.8,1.0,0.053,0,1,2026-01-28,Involuntary,0,1
EMP-10580,2026-01-01,Programs,Data,L3,Chicago-South,Part-Time,25,104,78703.93,5.7,4,3.87,70.7,1,58,16,5.4,0.0,0.02,1,0,,,0,0
EMP-12536,2026-01-01,Programs,Program Delivery,L1,Chicago-North,Full-Time,31,69,44134.76,8.2,3,4.27,100.0,1,28,44,35.1,0.6,0.068,0,0,,,0,0
EMP-12583,2026-01-01,Finance,Operations,L3,Chicago-South,Part-Time,41,22,82391.58,11.1,0,3.31,64.1,0,21,0,6.4,0.0,0.013,0,0,,,0,0
EMP-11400,2026-01-01,Programs,HR,L4,Chicago-Downtown,Full-Time,29,31,104987.59,2.5,2,3.65,74.5,0,13,50,14.1,0.8,0.044,3,0,,,0,0
EMP-10740,2026-01-01,Programs,HR,L3,Remote-US,Full-Time,30,10,70456.67,2.2,0,4.59,85.7,0,52,88,3.3,1.0,0.071,2,0,,,0,0
EMP-10414,2026-01-01,People,Finance,L1,Remote-US,Full-Time,48,34,40146.64,10.7,3,2.8,78.0,0,22,33,26.3,1.0,0.033,0,0,,,0,0
EMP-11370,2026-01-01,Development,Finance,L2,Remote-US,Full-Time,36,44,64035.5,9.8,5,2.71,37.9,0,6,64,6.9,0.0,0.037,0,0,,,0,0
EMP-10425,2026-01-01,Operations,HR,L3,Chicago-Downtown,Full-Time,36,9,71955.65,2.6,4,3.19,79.1,0,44,40,58.8,0.8,0.05,0,0,,,0,0
EMP-12914,2026-01-01,Programs,Fundraising,L2,Chicago-North,Full-Time,32,26,56292.24,22.3,2,2.84,67.9,0,19,28,10.4,1.0,-0.024,0,0,,,0,0
EMP-11799,2026-01-01,Finance,Operations,L2,Chicago-Downtown,Full-Time,30,78,61644.94,8.1,2,2.25,79.0,2,9,17,8.2,1.0,0.045,0,0,,,0,0
EMP-12765,2026-01-01,Finance,Program Delivery,L4,Chicago-South,Full-Time,23,21,87009.75,21.9,2,2.67,90.5,0,20,62,15.7,0.4,0.031,1,0,,,0,0
EMP-11746,2026-01-01,Finance,Data,L1,Remote-US,Full-Time,31,36,56678.73,2.1,5,2.37,89.6,0,74,48,2.9,0.0,0.107,0,0,,,0,0
EMP-12472,2026-01-01,Programs,Operations,L2,Chicago-North,Full-Time,30,19,62096.82,4.5,2,2.68,77.1,1,30,51,27.3,0.2,0.013,0,1,2026-02-22,Voluntary,1,1
EMP-12076,2026-01-01,Finance,HR,L3,Remote-US,Full-Time,37,49,86604.01,22.1,3,3.9,80.2,0,85,35,10.4,0.8,0.025,0,0,,,0,0
EMP-11382,2026-01-01,People,Operations,L1,Chicago-North,Full-Time,30,94,57877.81,1.5,2,3.2,82.4,2,28,39,34.0,1.0,0.018,1,0,,,0,0
EMP-11517,2026-01-01,Research,Data,L1,Chicago-South,Full-Time,45,106,38513.38,10.3,3,3.77,81.9,0,22,72,4.9,0.6,-0.009,1,0,,,0,0
EMP-10857,2026-01-01,Operations,Fundraising,L2,Chicago-Downtown,Full-Time,40,26,60009.97,19.8,5,2.89,90.0,1,22,45,9.1,0.2,0.063,0,0,,,0,0
EMP-11084,2026-01-01,Finance,Finance,L1,Chicago-South,Full-Time,26,66,43697.65,8.0,2,2.9,87.8,0,14,69,10.5,0.0,0.069,1,0,,,0,0
EMP-10498,2026-01-01,Development,Finance,L2,Remote-US,Full-Time,41,25,66673.71,1.4,1,3.67,92.9,1,69,56,13.6,0.6,0.036,0,0,,,0,0
EMP-10071,2026-01-01,Programs,Data,L1,Chicago-North,Full-Time,31,16,57641.74,12.9,2,3.4,65.4,2,49,61,23.6,0.8,-0.009,1,0,,,0,0
EMP-11552,2026-01-01,Programs,HR,L1,Remote-US,Part-Time,29,12,60496.97,4.5,4,2.18,87.4,0,24,22,2.0,1.0,0.067,1,0,,,0,0
EMP-10478,2026-02-01,People,Data,L2,Chicago-North,Part-Time,53,44,57601.43,8.3,1,3.04,69.3,1,25,2,32.5,1.0,0.064,1,0,,,0,0
EMP-11068,2026-02-01,Finance,Fundraising,L4,Chicago-North,Full-Time,48,59,86730.17,3.3,1,3.44,81.5,1,68,48,12.9,0.2,0.021,0,0,,,0,0
EMP-12882,2026-02-01,Development,HR,L2,Chicago-South,Full-Time,46,24,58102.53,4.9,1,4.15,75.0,1,29,16,21.2,1.0,0.056,0,0,,,0,0
EMP-12890,2026-02-01,Programs,Program Delivery,L2,Chicago-Downtown,Part-Time,45,54,55448.68,8.5,4,2.57,91.7,2,18,66,10.6,0.0,0.0,1,0,,,0,0
EMP-11657,2026-02-01,Programs,Operations,L2,Chicago-Downtown,Full-Time,33,14,76394.29,8.1,2,3.16,64.3,0,48,37,3.8,0.2,0.005,0,0,,,0,0
EMP-11002,2026-02-01,Research,Finance,L2,Chicago-Downtown,Full-Time,23,126,66786.5,9.0,2,3.58,72.2,1,50,49,1.8,0.4,0.04,1,0,,,0,0
EMP-10043,2026-02-01,Programs,Fundraising,L1,Remote-US,Full-Time,33,23,46515.56,19.7,4,2.0,64.4,1,47,58,23.7,1.0,0.046,0,0,,,0,0
EMP-10133,2026-02-01,Programs,Data,L1,Chicago-North,Part-Time,30,46,35962.11,13.2,1,3.5,100.0,0,39,27,11.2,0.6,0.053,0,0,,,0,0
EMP-10172,2026-02-01,People,Program Delivery,L3,Chicago-Downtown,Full-Time,32,24,96930.07,41.3,0,3.27,72.9,0,98,27,20.3,0.4,-0.035,1,0,,,0,0
EMP-10718,2026-02-01,Programs,Data,L4,Remote-US,Full-Time,24,135,107139.47,25.1,4,4.15,90.7,2,16,37,34.6,0.4,-0.051,0,0,,,0,0
EMP-11079,2026-02-01,Operations,Program Delivery,L3,Remote-US,Full-Time,25,31,89295.95,18.1,4,4.03,84.4,0,25,51,14.3,0.2,0.09,1,0,,,0,0
EMP-12540,2026-02-01,Finance,Fundraising,L3,Chicago-North,Full-Time,32,24,84095.22,4.8,1,3.18,80.1,0,51,66,12.1,0.2,-0.001,1,0,,,0,0
EMP-11898,2026-02-01,Development,Fundraising,L1,Remote-US,Part-Time,39,4,51919.47,19.1,3,1.99,64.5,0,29,32,5.1,0.4,0.056,0,0,,,0,0
EMP-12377,2026-02-01,Operations,Operations,L2,Chicago-Downtown,Full-Time,27,43,62631.2,3.1,2,4.13,72.0,0,40,54,8.7,1.0,-0.015,1,0,,,0,0
EMP-11181,2026-02-01,People,Operations,L1,Chicago-North,Full-Time,30,15,63717.16,12.5,2,3.83,74.6,0,35,41,4.6,0.0,0.029,0,0,,,0,0
EMP-10055,2026-02-01,Finance,Fundraising,L2,Remote-US,Full-Time,52,52,56478.5,3.9,4,2.15,73.5,0,34,34,10.3,1.0,0.019,0,0,,,0,0
EMP-10864,2026-02-01,Programs,Data,L2,Chicago-Downtown,Full-Time,20,58,62223.86,11.0,3,3.46,55.2,0,50,18,6.8,0.6,0.022,2,0,,,0,0
EMP-10636,2026-02-01,Operations,Program Delivery,L2,Chicago-Downtown,Full-Time,32,155,71173.64,7.2,1,3.71,77.7,0,21,59,7.8,0.0,0.083,0,0,,,0,0
EMP-10981,2026-02-01,People,Program Delivery,L2,Remote-US,Full-Time,33,9,47140.23,4.5,5,2.91,73.0,2,16,39,18.3,1.0,0.031,0,0,,,0,0
EMP-11189,2026-02-01,Development,Operations,L3,Chicago-North,Full-Time,31,41,85230.71,31.6,1,3.39,76.5,1,20,0,13.1,0.2,0.019,1,0,,,0,0
EMP-12366,2026-02-01,Research,Finance,L3,Chicago-North,Full-Time,51,76,86868.6,1.7,1,3.3,60.7,1,29,63,23.9,0.6,0.055,0,0,,,0,0
EMP-11188,2026-02-01,Operations,Data,L2,Chicago-North,Full-Time,28,16,62395.84,27.8,4,3.78,73.0,1,60,46,9.4,1.0,0.032,0,0,,,0,0
EMP-11923,2026-02-01,Programs,Program Delivery,L2,Remote-US,Part-Time,35,39,56979.71,9.4,1,3.88,88.2,0,65,21,16.4,0.8,0.083,0,0,,,0,0
EMP-12386,2026-02-01,People,Fundraising,L3,Chicago-South,Full-Time,44,23,94626.84,7.9,1,3.11,34.9,0,23,42,13.5,0.4,0.033,0,0,,,0,0
EMP-10035,2026-02-01,Programs,Program Delivery,L3,Chicago-Downtown,Full-Time,41,25,92417.57,21.5,1,3.09,59.9,2,100,46,9.7,0.0,0.053,0,0,,,0,0
EMP-11224,2026-02-01,Development,Operations,L3,Chicago-Downtown,Full-Time,54,33,91270.17,18.8,2,4.54,72.2,0,64,24,42.1,0.2,0.011,0,0,,,0,0
EMP-11538,2026-02-01,People,Finance,L1,Chicago-South,Full-Time,29,45,51355.25,1.3,2,2.73,82.9,0,2,63,15.5,0.0,-0.003,1,0,,,0,0
EMP-12635,2026-02-01,Finance,Finance,L3,Chicago-Downtown,Full-Time,31,39,84227.98,11.4,2,3.8,82.4,0,31,42,5.8,0.2,0.035,1,0,,,0,0
EMP-12689,2026-02-01,Programs,Fundraising,L1,Remote-US,Part-Time,47,30,48764.19,10.4,3,1.71,50.5,0,52,39,19.3,1.0,-0.024,0,1,2026-04-30,Voluntary,1,1
EMP-11219,2026-02-01,Finance,Operations,L1,Remote-US,Full-Time,37,26,54349.32,8.3,1,3.58,67.7,1,63,17,10.5,0.8,0.04,1,1,2026-04-05,Voluntary,1,1
EMP-10419,2026-02-01,Operations,HR,L2,Chicago-South,Full-Time,20,13,59672.55,5.2,2,2.89,74.5,0,31,6,9.0,0.0,-0.015,0,0,,,0,0
EMP-12832,2026-02-01,Finance,Finance,L2,Remote-US,Full-Time,43,48,58415.33,12.9,0,3.62,82.5,0,51,35,15.3,0.6,0.025,0,0,,,0,0
EMP-12409,2026-02-01,Operations,Fundraising,L2,Chicago-Downtown,Full-Time,34,66,54166.23,16.7,5,2.85,68.2,1,64,38,6.9,0.2,-0.025,0,0,,,0,0
EMP-10777,2026-02-01,Operations,Program Delivery,L2,Remote-US,Full-Time,23,57,50838.96,15.5,3,3.12,50.7,0,50,40,12.0,0.8,0.064,0,0,,,0,0
EMP-10174,2026-02-01,Development,Data,L1,Remote-US,Part-Time,47,69,40916.98,12.5,2,3.82,58.8,0,88,25,6.9,0.4,-0.016,1,0,,,0,0
EMP-12662,2026-02-01,Research,Program Delivery,L2,Chicago-South,Full-Time,22,19,64015.03,22.5,3,3.82,62.1,2,71,25,18.9,1.0,0.044,0,0,,,0,0
EMP-12996,2026-02-01,Programs,Data,L1,Remote-US,Full-Time,34,143,47476.11,2.4,1,2.84,46.3,0,60,55,12.6,0.6,0.018,0,0,,,0,0
EMP-12534,2026-02-01,Development,HR,L1,Chicago-South,Full-Time,34,58,32390.26,4.9,5,4.03,88.4,2,15,18,2.8,0.0,0.022,1,0,,,0,0
EMP-10394,2026-02-01,People,Operations,L1,Chicago-Downtown,Full-Time,43,99,59286.17,4.0,0,4.2,76.5,0,36,0,20.9,0.0,0.068,1,0,,,0,0
EMP-12866,2026-02-01,Research,HR,L1,Chicago-Downtown,Full-Time,34,21,46922.54,19.8,0,3.2,79.2,0,31,44,15.0,0.0,-0.006,0,0,,,0,0
EMP-12396,2026-02-01,Programs,HR,L1,Chicago-North,Full-Time,37,46,41373.81,8.2,1,3.88,66.9,0,57,29,11.1,0.2,-0.051,0,0,,,0,0
EMP-12291,2026-02-01,Operations,Fundraising,L2,Chicago-Downtown,Full-Time,27,93,61194.89,5.6,1,3.19,78.5,0,75,61,16.4,0.6,0.043,0,0,,,0,0
EMP-10038,2026-02-01,Research,Fundraising,L2,Chicago-South,Full-Time,49,122,62012.39,10.8,4,3.03,80.9,0,43,30,19.9,0.2,0.093,1,0,,,0,0
EMP-10877,2026-02-01,Programs,HR,L1,Remote-US,Full-Time,38,145,37331.01,8.3,2,3.26,61.1,0,37,25,21.5,0.8,0.103,0,0,,,0,0
EMP-10657,2026-02-01,Operations,Data,L3,Remote-US,Full-Time,30,85,83705.84,5.1,8,3.48,80.7,0,66,29,15.0,1.0,0.041,0,0,,,0,0
EMP-11495,2026-02-01,Operations,Data,L1,Chicago-South,Full-Time,31,45,37258.84,4.5,2,3.38,50.9,1,11,30,8.9,0.6,-0.002,1,0,,,0,0
EMP-11203,2026-02-01,Development,Fundraising,L1,Chicago-Downtown,Full-Time,31,26,45560.18,17.3,2,2.11,87.6,0,13,11,18.4,0.6,0.045,0,0,,,0,0
EMP-11867,2026-02-01,People,HR,L1,Chicago-North,Full-Time,45,26,45222.13,7.6,1,3.93,61.4,1,17,60,15.2,1.0,0.067,0,0,,,0,0
EMP-11784,2026-02-01,Development,Data,L1,Chicago-Downtown,Full-Time,45,33,47555.48,13.9,1,3.73,77.2,2,62,53,10.4,0.0,0.021,0,0,,,0,0
EMP-11179,2026-02-01,Programs,Operations,L3,Chicago-Downtown,Full-Time,46,44,71098.1,1.6,7,4.2,65.2,1,70,30,8.2,0.6,0.118,2,0,,,0,0
EMP-10142,2026-02-01,Operations,Fundraising,L2,Chicago-North,Full-Time,29,39,77043.16,6.5,3,3.13,84.0,1,14,80,10.1,0.6,0.046,1,0,,,0,0
EMP-11547,2026-02-01,Operations,Finance,L1,Chicago-Downtown,Full-Time,31,43,49662.11,3.0,0,3.69,89.0,0,51,58,5.8,0.8,0.051,0,0,,,0,0
EMP-12390,2026-02-01,Programs,Operations,L4,Chicago-South,Part-Time,20,78,109988.63,12.2,3,4.84,64.5,0,79,15,11.7,0.8,0.112,1,0,,,0,0
EMP-11837,2026-02-01,Programs,Program Delivery,L2,Chicago-South,Full-Time,38,68,63609.5,27.4,5,3.5,58.3,0,59,13,17.0,0.2,0.034,1,0,,,0,0
EMP-11593,2026-02-01,Operations,HR,L3,Chicago-North,Full-Time,48,86,73057.44,14.6,5,3.49,38.1,1,28,32,15.9,0.0,0.026,1,0,,,0,0
EMP-10002,2026-02-01,Operations,Fundraising,L4,Chicago-Downtown,Full-Time,41,85,100438.59,4.1,3,2.87,75.3,0,40,42,18.9,1.0,0.06,1,0,,,0,0
EMP-10123,2026-02-01,Programs,HR,L4,Chicago-North,Part-Time,44,57,98919.31,5.8,2,4.01,84.1,0,21,53,2.3,0.8,0.066,1,0,,,0,0
EMP-11167,2026-02-01,Research,Fundraising,L1,Chicago-Downtown,Part-Time,33,34,40582.59,2.0,2,3.17,75.9,2,74,83,19.7,0.4,-0.059,1,1,2026-04-30,Involuntary,1,1
EMP-11078,2026-02-01,Operations,Program Delivery,L4,Chicago-Downtown,Full-Time,43,14,121470.97,13.9,1,3.79,77.2,0,51,66,8.0,0.4,0.03,1,0,,,0,0
EMP-11008,2026-02-01,Programs,HR,L3,Remote-US,Full-Time,47,43,78122.18,23.1,2,2.83,68.5,0,48,14,11.6,0.0,0.071,0,0,,,0,0
EMP-12275,2026-02-01,Research,Finance,L4,Chicago-Downtown,Full-Time,37,71,120648.44,6.7,4,2.77,53.3,1,15,15,6.3,1.0,0.058,0,0,,,0,0
EMP-11780,2026-02-01,Operations,Program Delivery,L3,Remote-US,Full-Time,53,14,78697.86,8.5,6,2.81,79.0,0,72,49,5.3,0.4,0.04,0,0,,,0,0
EMP-12344,2026-02-01,People,HR,L2,Chicago-South,Full-Time,44,19,77656.4,9.9,5,2.48,84.9,0,89,68,34.2,0.2,0.074,0,0,,,0,0
EMP-12343,2026-02-01,Research,Program Delivery,L4,Chicago-South,Full-Time,31,51,114435.51,1.4,0,4.39,78.2,1,13,33,8.2,1.0,0.064,1,0,,,0,0
EMP-11613,2026-02-01,Programs,Fundraising,L1,Chicago-South,Full-Time,47,65,50838.88,6.8,1,4.11,87.0,3,16,26,23.4,0.0,0.031,0,0,,,0,0
EMP-11847,2026-02-01,Programs,Fundraising,L1,Chicago-South,Full-Time,42,19,57073.14,6.6,1,4.16,64.5,1,55,40,6.8,0.0,-0.057,1,1,2026-04-18,Voluntary,0,1
EMP-12342,2026-02-01,Operations,Fundraising,L1,Chicago-Downtown,Full-Time,44,68,47058.4,1.5,0,4.45,60.2,0,51,44,9.3,1.0,0.03,0,0,,,0,0
EMP-10012,2026-02-01,People,Data,L2,Chicago-Downtown,Part-Time,41,118,66951.78,25.4,3,3.94,55.5,1,36,53,37.1,1.0,0.032,2,0,,,0,0
EMP-11855,2026-02-01,Programs,Operations,L2,Chicago-Downtown,Full-Time,37,61,62412.71,8.1,5,3.56,80.2,1,22,28,33.9,0.0,0.071,0,0,,,0,0
EMP-12653,2026-02-01,Finance,Fundraising,L3,Chicago-Downtown,Part-Time,30,27,86624.11,22.3,4,2.57,56.8,0,39,43,13.8,0.8,0.005,1,0,,,0,0
EMP-11880,2026-02-01,Operations,Fundraising,L3,Remote-US,Full-Time,24,68,79803.01,4.5,2,4.23,85.6,0,35,54,11.6,0.8,0.022,0,0,,,0,0
EMP-11879,2026-02-01,Programs,Program Delivery,L3,Chicago-Downtown,Full-Time,44,98,84244.88,1.7,1,3.22,81.4,0,22,51,8.6,0.8,-0.002,0,0,,,0,0
EMP-11876,2026-02-01,Operations,Data,L4,Remote-US,Full-Time,38,22,126505.28,4.1,1,3.69,93.9,1,52,83,9.0,1.0,0.063,0,0,,,0,0
EMP-11785,2026-02-01,Finance,Data,L1,Chicago-Downtown,Part-Time,30,67,44471.36,14.1,3,2.0,64.0,0,47,43,13.0,1.0,0.044,0,1,2026-02-11,Involuntary,1,1
EMP-10206,2026-02-01,Programs,HR,L2,Chicago-Downtown,Full-Time,41,39,66214.28,2.9,3,3.54,80.4,0,33,72,23.1,0.6,0.064,0,0,,,0,0
EMP-11931,2026-02-01,Programs,Data,L1,Chicago-Downtown,Full-Time,30,33,44312.85,6.8,1,2.29,62.4,2,53,33,21.4,0.0,0.011,0,0,,,0,0
EMP-11390,2026-02-01,Programs,Operations,L2,Chicago-Downtown,Full-Time,36,2,67046.8,10.3,1,3.49,85.9,1,12,12,5.8,0.4,0.025,0,0,,,0,0
EMP-10923,2026-02-01,Finance,Program Delivery,L2,Chicago-Downtown,Full-Time,31,32,45030.55,7.7,4,3.3,78.0,0,25,51,1.5,0.4,0.035,0,0,,,0,0
EMP-11317,2026-02-01,People,Program Delivery,L3,Chicago-Downtown,Full-Time,43,49,81849.21,11.4,3,4.38,67.7,0,33,81,11.3,0.8,0.036,0,0,,,0,0
EMP-10337,2026-02-01,Development,Data,L1,Chicago-South,Full-Time,29,46,51784.34,12.1,1,3.65,83.6,0,28,20,3.3,0.0,0.032,0,0,,,0,0
EMP-10848,2026-02-01,People,Fundraising,L2,Remote-US,Full-Time,34,95,62463.37,13.9,2,2.51,74.4,1,12,48,5.9,1.0,0.0,1,0,,,0,0
EMP-11757,2026-02-01,Research,Data,L1,Chicago-Downtown,Full-Time,33,30,47112.23,11.9,3,3.45,76.9,0,21,46,4.5,0.4,0.008,0,1,2026-03-29,Involuntary,1,1
EMP-12021,2026-02-01,Programs,Operations,L3,Chicago-Downtown,Full-Time,58,47,85942.62,22.3,1,2.93,75.7,0,10,30,21.6,0.8,0.005,0,0,,,0,0
EMP-12137,2026-02-01,Programs,Operations,L2,Chicago-North,Part-Time,29,28,58369.75,8.2,0,3.87,98.7,0,37,44,7.3,0.6,0.031,0,0,,,0,0
EMP-11402,2026-02-01,Operations,Fundraising,L4,Remote-US,Full-Time,28,9,120104.95,7.6,2,2.17,50.6,2,25,33,11.5,0.0,0.027,0,0,,,0,0
EMP-12142,2026-02-01,Research,Data,L1,Chicago-South,Part-Time,48,26,47863.94,10.2,5,3.12,77.2,1,20,21,15.7,0.2,0.133,1,0,,,0,0
EMP-11720,2026-02-01,Operations,HR,L1,Remote-US,Full-Time,42,11,58353.32,1.9,2,3.36,67.9,0,30,67,3.8,1.0,0.113,0,0,,,0,0
EMP-10088,2026-02-01,People,Data,L4,Chicago-South,Part-Time,32,57,121320.89,17.8,0,3.81,56.6,0,32,30,0.6,0.8,0.037,1,0,,,0,0
EMP-11403,2026-02-01,Finance,Program Delivery,L3,Chicago-Downtown,Part-Time,53,63,95004.17,9.3,1,3.25,51.3,0,11,30,11.2,1.0,0.053,1,0,,,0,0
EMP-12149,2026-02-01,Development,Fundraising,L1,Remote-US,Full-Time,38,83,51673.5,1.5,3,3.71,68.7,2,102,43,3.4,0.0,0.083,0,0,,,0,0
EMP-11719,2026-02-01,Finance,Operations,L2,Chicago-South,Full-Time,20,121,66182.78,2.6,3,3.68,64.7,0,62,70,25.7,0.4,0.067,0,0,,,0,0
EMP-10516,2026-02-01,Operations,Program Delivery,L2,Remote-US,Full-Time,35,58,57383.0,7.4,3,3.22,93.7,0,78,35,15.5,0.0,-0.01,0,0,,,0,0
EMP-12007,2026-02-01,Programs,Finance,L4,Chicago-North,Full-Time,22,29,103731.11,6.4,4,4.16,66.2,1,13,0,3.8,1.0,-0.0,2,1,2026-02-19,Involuntary,1,1
EMP-12003,2026-02-01,Finance,Data,L2,Remote-US,Full-Time,40,12,70349.47,7.3,4,3.14,55.0,0,13,44,17.4,0.2,0.048,1,0,,,0,0
EMP-10960,2026-02-01,Development,Fundraising,L2,Chicago-Downtown,Full-Time,34,28,46700.69,2.7,2,3.22,67.6,1,10,12,27.8,1.0,0.013,0,0,,,0,0
EMP-10198,2026-02-01,Programs,Program Delivery,L3,Remote-US,Full-Time,20,49,68260.73,4.8,0,4.36,100.0,0,48,45,15.7,0.0,0.079,0,0,,,0,0
EMP-12163,2026-02-01,Finance,Program Delivery,L1,Chicago-South,Full-Time,22,25,51435.11,16.2,1,3.83,90.0,0,46,32,32.9,0.4,-0.012,0,1,2026-03-24,Involuntary,0,1
EMP-10199,2026-02-01,Programs,Fundraising,L3,Remote-US,Full-Time,37,5,75985.74,2.8,1,2.93,76.1,0,18,55,8.2,0.0,0.041,1,0,,,0,0
EMP-12905,2026-02-01,Operations,HR,L4,Remote-US,Full-Time,32,32,107223.27,10.0,3,3.85,57.7,0,40,47,3.4,0.6,-0.01,0,0,,,0,0
EMP-10086,2026-02-01,Operations,HR,L2,Chicago-North,Part-Time,38,71,75319.06,8.7,2,4.75,68.2,0,73,38,0.7,1.0,0.094,0,0,,,0,0
EMP-11634,2026-02-01,Operations,Finance,L2,Chicago-North,Full-Time,32,91,55867.87,7.7,2,2.71,67.2,1,23,49,11.7,0.0,0.058,0,0,,,0,0
EMP-11389,2026-02-01,Operations,Finance,L2,Remote-US,Full-Time,42,12,71401.96,12.6,3,4.69,76.3,1,45,15,14.0,0.4,0.031,0,1,2026-02-16,Involuntary,0,1
EMP-12737,2026-02-01,Development,Program Delivery,L1,Chicago-Downtown,Full-Time,23,35,45029.36,8.2,1,3.74,66.4,0,8,52,3.3,0.4,0.055,0,0,,,0,0
EMP-11119,2026-02-01,Operations,Program Delivery,L1,Chicago-Downtown,Full-Time,48,23,64053.82,6.3,1,3.51,71.4,0,104,25,20.9,1.0,0.112,0,0,,,0,0
EMP-12088,2026-02-01,Programs,Data,L4,Chicago-Downtown,Full-Time,44,18,101471.76,3.9,2,3.57,85.7,2,14,27,33.4,0.4,0.063,1,0,,,0,0
EMP-12590,2026-02-01,Research,Finance,L3,Chicago-Downtown,Full-Time,43,94,85156.06,0.9,2,3.27,67.8,1,24,21,8.1,1.0,0.038,0,0,,,0,0
EMP-11052,2026-02-01,Programs,Data,L2,Remote-US,Full-Time,21,45,76345.51,13.5,3,3.55,78.7,1,29,52,9.8,0.0,0.078,0,0,,,0,0
EMP-10931,2026-02-01,Programs,Fundraising,L3,Chicago-Downtown,Full-Time,48,34,74529.56,13.4,1,2.51,74.1,0,11,34,11.1,1.0,0.018,0,0,,,0,0
EMP-10701,2026-02-01,Development,Operations,L1,Chicago-Downtown,Part-Time,45,48,47488.26,7.6,2,3.48,75.4,1,73,12,10.7,0.8,0.055,0,0,,,0,0
EMP-11130,2026-02-01,Research,Fundraising,L3,Chicago-South,Full-Time,30,132,94748.72,11.2,4,3.16,81.8,1,25,9,12.6,0.0,0.128,0,0,,,0,0
EMP-11367,2026-02-01,Operations,Finance,L1,Remote-US,Full-Time,20,43,32000.0,3.2,6,2.84,63.8,0,70,29,7.0,1.0,0.076,0,0,,,0,0
EMP-11368,2026-02-01,Operations,Data,L1,Chicago-North,Full-Time,28,12,32000.0,6.7,3,2.06,69.9,1,99,29,4.4,0.6,-0.028,0,0,,,0,0
EMP-12097,2026-02-01,Programs,Fundraising,L1,Chicago-South,Part-Time,31,48,56403.81,9.2,2,2.87,47.8,1,21,62,7.3,1.0,0.08,1,0,,,0,0
EMP-11131,2026-02-01,Operations,Finance,L2,Chicago-South,Part-Time,35,88,53977.32,23.0,2,3.63,73.5,0,22,37,4.6,1.0,0.097,0,0,,,0,0
EMP-10309,2026-02-01,Programs,Program Delivery,L1,Chicago-Downtown,Full-Time,49,85,36973.34,5.1,6,3.84,54.3,0,3,73,42.4,0.2,0.023,0,0,,,0,0
EMP-11334,2026-02-01,Research,Data,L4,Chicago-Downtown,Full-Time,36,61,106359.2,8.5,4,2.93,63.4,2,51,51,7.9,0.0,0.029,0,1,2026-02-17,Involuntary,1,1
EMP-11733,2026-02-01,People,Fundraising,L1,Chicago-Downtown,Full-Time,51,20,52516.26,2.4,3,2.3,61.3,0,18,53,20.6,1.0,0.065,1,0,,,0,0
EMP-10074,2026-02-01,Programs,Program Delivery,L1,Chicago-North,Full-Time,30,42,40926.21,6.6,2,3.55,79.6,0,62,45,14.6,1.0,0.124,0,0,,,0,0
EMP-12931,2026-02-01,Operations,Fundraising,L1,Chicago-South,Full-Time,45,122,42182.28,12.3,2,1.99,79.1,0,25,53,5.4,0.8,-0.022,0,0,,,0,0
EMP-11134,2026-02-01,People,HR,L2,Chicago-Downtown,Full-Time,20,88,68414.41,0.2,4,4.08,74.3,0,60,16,11.7,0.2,0.072,0,0,,,0,0
EMP-10072,2026-02-01,People,Finance,L4,Chicago-South,Full-Time,42,8,100231.33,19.8,3,2.78,54.2,0,13,30,1.8,0.2,0.0,0,0,,,0,0
EMP-10030,2026-02-01,Operations,Program Delivery,L1,Chicago-North,Part-Time,35,38,56047.92,8.4,3,2.82,54.5,0,44,35,23.2,1.0,0.037,0,0,,,0,0
EMP-10729,2026-02-01,Programs,HR,L1,Chicago-South,Full-Time,29,121,40461.99,5.7,4,4.16,90.3,1,96,49,15.2,0.6,0.044,0,0,,,0,0
EMP-12117,2026-02-01,Programs,Program Delivery,L3,Chicago-Downtown,Full-Time,33,40,102571.93,8.9,2,4.05,73.8,0,58,48,10.2,0.8,0.041,0,0,,,0,0
EMP-10845,2026-02-01,Research,HR,L1,Chicago-Downtown,Part-Time,36,26,44443.41,10.4,1,3.23,79.4,1,62,40,9.6,1.0,0.052,0,0,,,0,0
EMP-12775,2026-02-01,Programs,Fundraising,L1,Chicago-South,Full-Time,34,107,46041.1,18.9,2,3.85,85.1,0,56,19,31.5,0.2,0.041,0,0,,,0,0
EMP-12777,2026-02-01,Programs,Operations,L2,Remote-US,Full-Time,33,23,74450.22,3.0,0,2.27,91.4,0,25,60,3.2,1.0,-0.052,0,0,,,0,0
EMP-11108,2026-02-01,Programs,HR,L3,Remote-US,Full-Time,22,20,78854.76,14.5,2,3.54,60.9,0,66,44,17.2,0.0,0.055,1,0,,,0,0
EMP-10668,2026-02-01,Programs,Finance,L2,Chicago-Downtown,Full-Time,39,22,78372.12,2.2,4,4.16,76.6,0,54,36,4.4,0.8,0.02,0,0,,,0,0
EMP-12605,2026-02-01,Research,HR,L3,Chicago-North,Full-Time,23,143,106024.59,1.5,5,2.39,68.1,0,14,36,16.2,1.0,0.042,1,0,,,0,0
EMP-12816,2026-02-01,Development,Operations,L2,Chicago-South,Full-Time,50,29,80640.81,13.0,3,2.85,91.1,1,8,36,2.3,0.0,0.046,1,0,,,0,0
EMP-11578,2026-02-01,Programs,Finance,L2,Chicago-Downtown,Full-Time,30,65,53483.32,3.7,4,3.66,42.6,2,40,65,15.0,0.8,0.045,0,0,,,0,0
EMP-12809,2026-02-01,People,Program Delivery,L3,Remote-US,Full-Time,34,28,70369.67,2.0,3,2.61,64.3,0,24,23,19.6,1.0,0.019,2,0,,,0,0
EMP-10460,2026-02-01,People,Finance,L2,Remote-US,Full-Time,37,38,64840.97,4.6,4,2.18,67.2,0,33,0,16.1,0.0,0.042,0,0,,,0,0
EMP-11151,2026-02-01,Programs,Operations,L1,Chicago-South,Full-Time,25,69,41914.36,9.0,0,2.48,72.0,1,24,62,6.5,0.0,0.094,0,0,,,0,0
EMP-10788,2026-02-01,Research,Data,L2,Remote-US,Full-Time,32,76,76297.63,8.3,3,3.18,76.1,2,23,46,7.7,1.0,-0.008,0,0,,,0,0
EMP-11946,2026-02-01,Development,Data,L2,Chicago-South,Full-Time,35,23,72866.74,8.3,2,3.96,77.2,0,22,56,7.0,1.0,-0.041,1,0,,,0,0
EMP-11450,2026-02-01,Programs,Operations,L2,Chicago-South,Full-Time,42,35,66770.28,14.6,3,3.6,95.8,0,104,62,16.0,0.8,0.01,0,0,,,0,0
EMP-11275,2026-02-01,Finance,HR,L4,Remote-US,Full-Time,40,67,95660.68,16.7,2,3.76,66.2,0,33,25,14.6,0.2,0.07,0,0,,,0,0
EMP-11960,2026-02-01,People,Fundraising,L1,Chicago-Downtown,Full-Time,42,77,48697.97,11.1,1,4.04,69.1,1,24,37,8.2,0.2,0.058,0,0,,,0,0
EMP-12432,2026-02-01,Programs,Finance,L1,Chicago-Downtown,Full-Time,36,31,40678.87,3.2,1,2.9,73.2,2,13,35,21.3,1.0,0.055,0,0,,,0,0
EMP-12703,2026-02-01,Operations,Finance,L4,Chicago-South,Full-Time,37,43,108324.82,7.0,2,2.61,64.3,0,9,38,13.1,0.2,-0.009,1,0,,,0,0
EMP-12813,2026-02-01,People,Finance,L1,Chicago-North,Full-Time,25,29,32000.0,10.8,2,3.72,93.1,0,39,41,12.5,0.8,0.155,1,0,,,0,0
EMP-12211,2026-02-01,Research,Program Delivery,L4,Remote-US,Full-Time,20,51,106921.99,3.8,2,2.59,52.4,0,38,14,3.6,0.0,0.088,0,0,,,0,0
EMP-10275,2026-02-01,Finance,Finance,L2,Remote-US,Full-Time,30,70,58763.48,2.4,4,3.66,74.8,1,47,34,23.9,0.8,0.093,1,0,,,0,0
EMP-10900,2026-02-01,Operations,Program Delivery,L2,Chicago-Downtown,Full-Time,33,52,63585.61,24.9,0,3.1,60.6,1,24,31,24.3,0.4,0.082,0,0,,,0,0
EMP-10273,2026-02-01,People,Program Delivery,L1,Chicago-Downtown,Part-Time,35,4,49806.36,3.3,3,3.04,65.5,0,33,29,16.4,0.8,0.062,0,0,,,0,0
EMP-10463,2026-02-01,People,Program Delivery,L1,Chicago-North,Full-Time,44,13,47374.53,31.1,4,3.07,48.7,0,60,59,17.7,1.0,0.016,0,1,2026-03-23,Involuntary,1,1
EMP-12421,2026-02-01,People,HR,L1,Chicago-North,Full-Time,45,63,60537.24,4.8,4,3.83,89.4,0,80,26,10.9,0.0,-0.027,1,0,,,0,0
EMP-12418,2026-02-01,Operations,Fundraising,L1,Chicago-South,Full-Time,35,55,41615.27,3.4,4,3.81,57.8,0,26,65,15.0,1.0,0.042,0,1,2026-03-08,Voluntary,1,1
EMP-10684,2026-02-01,Programs,Data,L3,Chicago-North,Full-Time,28,77,80013.59,17.2,3,2.29,86.2,0,44,12,14.6,0.0,0.064,1,0,,,0,0
EMP-11061,2026-02-01,Programs,HR,L3,Chicago-Downtown,Part-Time,40,72,87496.74,5.1,0,2.95,71.1,0,20,41,4.3,1.0,0.043,0,0,,,0,0
EMP-12801,2026-02-01,People,HR,L1,Chicago-Downtown,Full-Time,29,81,45411.17,9.9,3,3.04,86.8,0,22,16,17.4,0.8,0.03,0,0,,,0,0
EMP-12430,2026-02-01,Programs,Program Delivery,L3,Chicago-North,Part-Time,33,46,94646.46,13.1,1,3.19,71.8,0,64,14,2.7,1.0,0.085,0,0,,,0,0
EMP-10609,2026-02-01,Research,Finance,L1,Remote-US,Full-Time,29,29,40604.61,10.3,3,3.33,87.4,1,32,22,25.3,0.4,0.012,0,0,,,0,0
EMP-11268,2026-02-01,Development,Data,L2,Remote-US,Part-Time,53,33,72740.13,8.8,3,4.1,53.6,1,14,49,12.5,0.2,0.043,0,0,,,0,0
EMP-12606,2026-02-01,Programs,Program Delivery,L3,Chicago-Downtown,Full-Time,43,91,87484.55,13.4,2,4.06,65.7,1,73,43,9.4,0.0,0.077,1,0,,,0,0
EMP-11292,2026-02-01,Programs,Operations,L3,Remote-US,Full-Time,29,47,82114.69,5.3,3,4.06,55.3,2,49,59,16.8,0.0,0.053,1,0,,,0,0
EMP-11551,2026-02-01,Finance,Program Delivery,L1,Chicago-North,Part-Time,44,13,35647.73,2.1,2,2.82,100.0,0,46,4,6.2,0.2,-0.029,0,0,,,0,0
EMP-10896,2026-02-01,Finance,Fundraising,L2,Chicago-Downtown,Full-Time,39,91,63421.25,22.3,5,2.74,80.6,0,11,35,13.3,0.0,0.004,0,0,,,0,0
EMP-11982,2026-02-01,Programs,HR,L1,Chicago-South,Full-Time,25,99,47052.91,5.6,3,4.14,70.7,3,34,22,0.9,1.0,0.021,0,0,,,0,0
EMP-10270,2026-02-01,Programs,Program Delivery,L2,Chicago-South,Full-Time,30,62,67245.31,12.5,4,3.14,61.6,0,16,62,12.1,0.0,0.019,0,0,,,0,0
EMP-10853,2026-02-01,Development,HR,L4,Chicago-South,Full-Time,26,78,112343.41,8.5,1,3.29,100.0,0,61,45,12.8,0.0,-0.047,0,0,,,0,0
EMP-10354,2026-02-01,Finance,Data,L2,Chicago-Downtown,Full-Time,24,33,52101.74,13.1,2,2.99,85.4,0,52,30,28.4,1.0,0.065,0,0,,,0,0
EMP-12947,2026-02-01,Operations,Fundraising,L2,Chicago-South,Full-Time,33,13,60945.36,19.9,1,1.79,75.9,1,19,43,10.0,0.0,0.065,0,0,,,0,0
EMP-10617,2026-02-01,Finance,Fundraising,L3,Chicago-Downtown,Full-Time,33,23,77187.24,7.0,2,2.89,49.9,0,44,43,24.2,0.0,0.077,0,0,,,0,0
EMP-10912,2026-02-01,Development,Fundraising,L2,Chicago-Downtown,Full-Time,37,71,56792.59,11.7,2,3.69,79.2,2,28,44,12.2,0.0,0.067,1,0,,,0,0
EMP-12189,2026-02-01,People,Finance,L2,Chicago-Downtown,Full-Time,49,77,66487.76,13.7,3,2.97,74.3,1,19,39,3.1,0.0,0.101,1,0,,,0,0
EMP-11157,2026-03-01,Programs,HR,L2,Chicago-South,Full-Time,20,28,82424.35,5.8,1,2.25,55.8,1,18,39,28.2,0.4,0.026,0,0,,,0,0
EMP-12458,2026-03-01,Programs,Fundraising,L2,Chicago-North,Part-Time,33,50,70534.23,4.2,2,3.09,86.8,2,30,22,19.8,0.0,0.035,1,0,,,0,0
EMP-11121,2026-03-01,Development,Program Delivery,L1,Remote-US,Full-Time,37,110,43766.34,3.0,3,3.46,70.1,0,25,30,22.0,0.4,0.03,0,0,,,0,0
EMP-12373,2026-03-01,Research,HR,L2,Chicago-North,Full-Time,30,26,77693.19,15.6,0,3.22,80.1,0,45,49,5.9,0.6,0.066,0,0,,,0,0
EMP-12593,2026-03-01,Operations,HR,L3,Chicago-North,Full-Time,64,35,97636.38,12.4,2,3.04,61.9,1,54,64,33.0,0.0,-0.065,1,0,,,0,0
EMP-11182,2026-03-01,Research,Finance,L3,Chicago-Downtown,Full-Time,49,15,79206.77,11.7,5,3.63,78.1,0,14,20,5.1,0.6,0.06,0,0,,,0,0
EMP-11637,2026-03-01,Programs,Fundraising,L2,Remote-US,Full-Time,36,24,59593.64,15.0,2,3.22,56.2,1,86,58,16.9,1.0,0.021,0,0,,,0,0
EMP-10164,2026-03-01,Programs,HR,L2,Chicago-North,Full-Time,35,92,65202.99,8.0,1,3.79,61.5,1,72,45,28.7,0.6,-0.022,0,0,,,0,0
EMP-10177,2026-03-01,Research,Finance,L1,Remote-US,Full-Time,24,16,55797.58,10.1,2,3.41,84.0,0,23,95,14.6,0.6,0.05,2,0,,,0,0
EMP-11630,2026-03-01,Programs,HR,L4,Remote-US,Full-Time,41,11,103715.2,10.6,3,3.42,72.6,1,39,64,20.5,1.0,0.056,0,0,,,0,0
EMP-10156,2026-03-01,Research,Program Delivery,L1,Remote-US,Full-Time,55,79,53186.6,3.4,3,3.51,60.7,0,49,65,9.5,0.6,0.08,1,0,,,0,0
EMP-12542,2026-03-01,Programs,Operations,L4,Chicago-Downtown,Full-Time,37,41,112719.66,4.5,3,3.82,64.3,0,23,22,17.5,0.0,0.034,0,0,,,0,0
EMP-12512,2026-03-01,Finance,Fundraising,L4,Chicago-North,Full-Time,26,35,115671.61,14.7,2,2.81,74.1,0,26,42,30.6,1.0,-0.031,2,0,,,0,0
EMP-10181,2026-03-01,People,Program Delivery,L3,Chicago-South,Full-Time,46,10,77238.65,7.0,1,3.63,59.8,0,17,81,12.6,0.8,-0.019,0,0,,,0,0
EMP-12537,2026-03-01,Finance,Data,L2,Chicago-South,Full-Time,26,154,53914.44,26.8,3,3.62,66.1,0,33,64,18.3,1.0,-0.044,1,0,,,0,0
EMP-10808,2026-03-01,Development,Program Delivery,L4,Remote-US,Part-Time,26,22,98737.72,3.6,2,2.47,51.6,0,8,18,3.0,1.0,0.068,2,0,,,0,0
EMP-10159,2026-03-01,Programs,Finance,L2,Chicago-Downtown,Full-Time,34,13,66551.39,26.8,1,3.14,66.7,0,79,53,8.0,0.8,0.006,0,0,,,0,0
EMP-12435,2026-03-01,People,Data,L4,Chicago-North,Part-Time,41,28,119089.68,21.7,3,2.96,82.5,0,22,30,23.2,0.4,0.006,1,0,,,0,0
EMP-11155,2026-03-01,Programs,Program Delivery,L1,Chicago-Downtown,Full-Time,20,13,33919.41,6.2,1,2.62,74.5,0,40,55,12.9,0.0,0.08,2,0,,,0,0
EMP-12577,2026-03-01,Development,Operations,L1,Chicago-Downtown,Full-Time,41,30,32000.0,17.4,2,4.79,47.9,1,25,13,11.6,0.0,0.091,0,0,,,0,0
EMP-10705,2026-03-01,Operations,HR,L1,Remote-US,Full-Time,27,97,42479.64,7.5,2,3.5,60.1,0,28,55,12.2,0.0,0.067,2,0,,,0,0
EMP-12600,2026-03-01,Programs,Fundraising,L1,Remote-US,Full-Time,39,14,32000.0,5.2,3,2.42,55.2,0,57,53,12.5,0.0,0.06,1,0,,,0,0
EMP-12497,2026-03-01,Programs,Fundraising,L1,Chicago-South,Full-Time,41,12,39549.52,16.0,2,3.25,79.4,1,28,25,4.5,0.6,0.028,0,0,,,0,0
EMP-11645,2026-03-01,Programs,Data,L2,Chicago-Downtown,Part-Time,22,9,59986.3,6.5,1,3.69,56.0,0,60,7,9.2,0.0,0.027,0,1,2026-04-08,Involuntary,1,1
EMP-10195,2026-03-01,Research,Operations,L2,Chicago-North,Full-Time,30,34,66022.61,4.4,4,3.39,100.0,0,42,36,29.9,1.0,0.066,0,0,,,0,0
EMP-11069,2026-03-01,Programs,HR,L3,Chicago-Downtown,Full-Time,44,46,75439.3,5.4,3,2.22,81.0,1,65,54,18.1,0.0,-0.009,0,0,,,0,0
EMP-11646,2026-03-01,Programs,HR,L2,Chicago-Downtown,Full-Time,33,49,56522.2,20.3,3,3.03,76.4,0,38,71,8.1,0.6,0.032,0,0,,,0,0
EMP-10656,2026-03-01,Finance,Operations,L2,Chicago-Downtown,Full-Time,44,93,66202.07,14.2,2,3.56,86.7,1,21,79,4.8,0.0,0.046,0,0,,,0,0
EMP-11063,2026-03-01,People,Operations,L1,Chicago-South,Full-Time,30,32,36887.13,26.3,3,3.0,88.0,2,67,13,23.5,0.6,-0.066,0,1,2026-05-24,Involuntary,1,1
EMP-11016,2026-03-01,People,Operations,L3,Chicago-South,Part-Time,26,12,82747.91,6.5,1,2.56,54.6,0,33,50,22.5,0.2,0.1,0,0,,,0,0
EMP-11024,2026-03-01,People,Data,L2,Chicago-North,Full-Time,26,23,66041.34,14.5,2,3.42,53.7,0,18,48,4.5,1.0,0.042,0,0,,,0,0
EMP-10137,2026-03-01,Operations,Program Delivery,L2,Chicago-Downtown,Full-Time,37,29,65409.97,2.7,2,3.24,44.9,0,74,24,10.2,1.0,0.033,0,0,,,0,0
EMP-11100,2026-03-01,Operations,Fundraising,L2,Chicago-South,Full-Time,36,43,46486.7,9.7,1,3.56,69.5,0,16,68,12.7,1.0,-0.006,1,0,,,0,0
EMP-12504,2026-03-01,Programs,Data,L2,Chicago-North,Full-Time,34,27,58376.79,4.3,2,2.5,48.4,1,65,27,12.9,0.8,0.081,0,1,2026-05-02,Voluntary,1,1
EMP-11132,2026-03-01,Development,Data,L2,Remote-US,Full-Time,42,13,47528.05,2.7,2,3.24,82.8,0,53,59,4.5,0.4,-0.037,0,0,,,0,0
EMP-11124,2026-03-01,Research,Operations,L2,Chicago-Downtown,Full-Time,48,59,76236.85,1.7,0,3.02,65.2,0,8,36,9.2,0.0,0.024,0,0,,,0,0
EMP-10291,2026-03-01,Programs,Data,L3,Chicago-North,Full-Time,44,78,85559.13,1.9,4,2.82,74.4,2,14,17,8.7,1.0,0.028,0,0,,,0,0
EMP-11191,2026-03-01,Operations,HR,L3,Chicago-South,Full-Time,31,54,73095.41,21.7,3,2.56,64.8,2,29,62,22.9,0.2,0.016,1,1,2026-04-16,Voluntary,1,1
EMP-10523,2026-03-01,Research,Fundraising,L1,Chicago-South,Full-Time,48,54,43307.74,21.8,2,3.56,64.3,0,22,11,17.6,0.0,0.053,0,0,,,0,0
EMP-12774,2026-03-01,Programs,Operations,L3,Chicago-Downtown,Full-Time,46,91,72273.07,4.6,1,2.52,70.5,0,52,24,8.4,0.8,0.035,0,0,,,0,0
EMP-11376,2026-03-01,People,Program Delivery,L4,Chicago-North,Full-Time,20,107,112629.64,2.1,1,2.64,95.7,2,35,46,13.9,1.0,0.118,0,0,,,0,0
EMP-10330,2026-03-01,Development,Operations,L4,Remote-US,Full-Time,40,81,113131.55,12.3,0,3.67,80.6,0,42,51,11.7,0.0,0.007,1,0,,,0,0
EMP-12045,2026-03-01,People,Fundraising,L3,Chicago-Downtown,Full-Time,45,60,82524.5,5.9,1,3.21,53.6,1,71,43,11.4,0.4,0.063,0,1,2026-05-29,Voluntary,1,1
EMP-11752,2026-03-01,Finance,Finance,L2,Chicago-North,Full-Time,24,146,47657.13,25.6,1,3.11,53.7,1,69,36,18.7,1.0,0.031,0,0,,,0,0
EMP-10934,2026-03-01,Operations,Operations,L1,Chicago-Downtown,Part-Time,50,41,51254.24,7.8,3,2.99,69.2,0,42,34,17.3,1.0,0.036,0,0,,,0,0
EMP-12037,2026-03-01,Operations,Fundraising,L1,Remote-US,Part-Time,31,60,39395.82,4.2,3,3.27,64.0,1,38,21,8.4,1.0,-0.0,0,0,,,0,0
EMP-12017,2026-03-01,Finance,Data,L4,Remote-US,Full-Time,29,45,98681.2,12.5,4,3.88,81.0,1,26,38,37.7,1.0,0.045,1,1,2026-03-10,Voluntary,1,1
EMP-12907,2026-03-01,Programs,HR,L3,Chicago-North,Part-Time,27,42,83894.0,4.8,1,3.21,58.8,2,37,7,8.9,0.0,-0.006,0,0,,,0,0
EMP-12906,2026-03-01,Programs,Finance,L3,Chicago-South,Full-Time,35,33,79780.83,3.5,3,3.62,71.8,0,47,65,16.7,1.0,0.058,0,0,,,0,0
EMP-10919,2026-03-01,Programs,Fundraising,L1,Chicago-Downtown,Full-Time,47,17,50362.58,19.1,1,4.36,63.1,0,6,49,45.3,0.8,0.039,0,0,,,0,0
EMP-12789,2026-03-01,People,Program Delivery,L2,Chicago-Downtown,Full-Time,40,111,65480.63,7.6,1,3.18,100.0,0,120,32,13.1,0.8,0.078,0,0,,,0,0
EMP-10571,2026-03-01,Finance,Program Delivery,L3,Chicago-Downtown,Part-Time,31,36,78687.4,1.0,1,2.38,80.7,1,39,26,13.3,0.0,-0.005,0,0,,,0,0
EMP-12034,2026-03-01,Programs,Fundraising,L1,Chicago-Downtown,Full-Time,50,102,45553.52,11.5,2,3.33,77.4,0,28,34,0.7,0.2,0.095,1,0,,,0,0
EMP-10909,2026-03-01,Development,Program Delivery,L3,Chicago-South,Full-Time,39,115,81384.55,9.7,1,4.29,71.0,0,48,49,12.7,0.0,-0.037,0,0,,,0,0
EMP-11357,2026-03-01,Research,HR,L1,Chicago-North,Full-Time,48,44,46693.63,14.5,2,3.58,45.9,0,33,44,4.3,0.4,-0.024,0,1,2026-03-27,Voluntary,1,1
EMP-12920,2026-03-01,Development,Fundraising,L1,Chicago-South,Full-Time,29,116,57547.33,10.6,6,3.78,97.5,1,21,84,10.7,0.4,0.13,0,0,,,0,0
EMP-12937,2026-03-01,Programs,HR,L3,Remote-US,Part-Time,32,16,69376.91,13.7,3,4.69,72.9,0,33,30,4.6,0.2,0.029,1,0,,,0,0
EMP-11326,2026-03-01,Operations,HR,L3,Chicago-North,Full-Time,40,128,72694.74,27.3,1,3.39,64.1,0,70,22,1.7,0.0,0.022,0,0,,,0,0
EMP-12116,2026-03-01,Finance,Fundraising,L1,Chicago-South,Full-Time,38,53,37215.09,6.0,2,3.35,67.0,0,42,15,6.8,0.2,0.006,0,0,,,0,0
EMP-10599,2026-03-01,Finance,Operations,L2,Remote-US,Part-Time,23,16,71031.03,18.9,4,4.14,77.8,0,40,15,16.9,1.0,0.058,0,0,,,0,0
EMP-10307,2026-03-01,Operations,Finance,L3,Remote-US,Full-Time,43,17,76143.51,11.7,2,3.69,59.8,0,28,29,24.9,0.2,0.048,0,0,,,0,0
EMP-12108,2026-03-01,Research,Finance,L1,Chicago-Downtown,Full-Time,37,27,43122.19,3.8,1,4.56,51.3,0,10,28,10.5,0.6,-0.046,1,0,,,0,0
EMP-11350,2026-03-01,Research,Data,L1,Chicago-Downtown,Full-Time,40,92,45317.93,41.5,2,3.55,76.3,1,36,13,5.3,0.6,-0.0,0,0,,,0,0
EMP-11331,2026-03-01,Operations,Data,L2,Chicago-South,Full-Time,41,53,50279.98,13.9,4,1.77,68.4,0,69,0,20.8,0.0,0.03,1,1,2026-03-30,Involuntary,1,1
EMP-10732,2026-03-01,Research,HR,L3,Remote-US,Full-Time,31,24,96968.89,13.8,2,4.14,100.0,1,74,30,11.1,0.0,-0.003,0,1,2026-04-27,Voluntary,1,1
EMP-12094,2026-03-01,Programs,Program Delivery,L2,Chicago-Downtown,Full-Time,37,45,47555.41,15.8,1,3.3,56.4,0,17,32,9.7,1.0,-0.006,0,0,,,0,0
EMP-11336,2026-03-01,Operations,Finance,L3,Chicago-Downtown,Full-Time,54,55,81668.26,16.7,1,3.26,75.4,0,38,27,24.1,0.6,0.046,0,1,2026-04-25,Voluntary,0,1
EMP-12092,2026-03-01,Research,Program Delivery,L1,Chicago-Downtown,Full-Time,23,31,57275.13,8.6,4,2.47,50.4,0,61,63,6.4,1.0,-0.027,0,1,2026-04-11,Voluntary,1,1
EMP-11081,2026-03-01,Programs,Program Delivery,L2,Remote-US,Part-Time,32,81,72194.1,7.6,1,2.89,51.1,0,58,22,2.0,0.0,-0.019,0,0,,,0,0
EMP-12082,2026-03-01,Operations,Program Delivery,L1,Chicago-South,Full-Time,24,32,42713.93,5.9,5,3.06,82.1,0,86,23,15.0,0.4,0.05,0,1,2026-04-11,Involuntary,1,1
EMP-11012,2026-03-01,People,Data,L1,Remote-US,Full-Time,42,36,33762.57,0.8,2,2.83,54.6,0,85,73,5.3,0.8,0.07,0,0,,,0,0
EMP-11970,2026-03-01,Operations,Finance,L1,Remote-US,Full-Time,25,36,32000.0,26.1,1,2.4,58.9,0,23,40,10.2,0.0,0.005,1,0,,,0,0
EMP-11445,2026-03-01,Research,Data,L3,Chicago-South,Full-Time,40,63,83326.13,6.1,2,3.6,72.5,2,14,25,20.6,1.0,0.017,1,0,,,0,0
EMP-11767,2026-03-01,Finance,Finance,L2,Remote-US,Full-Time,33,45,53797.49,3.0,3,3.39,68.8,1,24,79,4.0,1.0,0.036,1,0,,,0,0
EMP-12854,2026-03-01,Finance,Data,L1,Chicago-Downtown,Full-Time,29,58,32000.0,12.7,3,3.38,65.5,2,71,26,6.2,0.0,-0.007,1,0,,,0,0
EMP-12999,2026-03-01,Development,Fundraising,L1,Chicago-North,Full-Time,23,49,40535.86,7.9,3,3.26,71.9,0,8,65,29.4,0.6,0.056,0,0,,,0,0
EMP-11504,2026-03-01,Operations,Program Delivery,L3,Chicago-Downtown,Full-Time,33,74,91937.16,9.5,1,2.24,59.7,0,11,62,3.5,1.0,0.069,2,0,,,0,0
EMP-10763,2026-03-01,Research,Data,L2,Remote-US,Part-Time,36,106,72501.65,2.3,2,2.85,91.5,0,66,27,22.5,0.2,0.011,0,0,,,0,0
EMP-11511,2026-03-01,Operations,Data,L2,Remote-US,Full-Time,32,13,68115.45,13.8,6,3.62,92.4,1,32,75,18.4,1.0,0.058,0,0,,,0,0
EMP-10405,2026-03-01,Development,Finance,L2,Chicago-South,Full-Time,31,57,45498.68,33.3,1,3.95,72.6,1,36,33,25.8,0.0,0.099,1,0,,,0,0
EMP-12850,2026-03-01,Development,Finance,L1,Chicago-North,Part-Time,55,39,50922.06,5.6,3,3.07,75.5,0,68,57,11.5,0.6,0.054,0,0,,,0,0
EMP-11515,2026-03-01,Programs,Operations,L1,Remote-US,Full-Time,42,79,67362.49,10.8,3,4.49,66.5,1,115,79,10.5,0.0,0.038,0,0,,,0,0
EMP-12869,2026-03-01,Research,Fundraising,L1,Chicago-South,Part-Time,41,32,34994.32,4.8,1,4.15,75.0,0,41,43,9.9,0.8,0.055,0,0,,,0,0
EMP-10411,2026-03-01,Programs,Program Delivery,L2,Chicago-Downtown,Full-Time,38,86,76612.35,15.7,3,3.71,70.3,1,59,21,5.5,1.0,0.056,0,0,,,0,0
EMP-11826,2026-03-01,Development,Finance,L1,Chicago-North,Full-Time,44,7,48783.58,13.1,5,4.01,67.2,0,15,19,17.4,0.8,0.041,0,0,,,0,0
EMP-10862,2026-03-01,Development,Finance,L1,Chicago-Downtown,Full-Time,38,82,56796.85,12.4,1,2.35,72.5,1,67,27,2.2,0.6,0.065,0,0,,,0,0
EMP-10861,2026-03-01,Programs,Data,L2,Chicago-Downtown,Full-Time,34,38,53979.86,8.5,0,3.94,89.7,0,20,76,14.7,1.0,0.031,0,1,2026-03-23,Voluntary,1,1
EMP-11803,2026-03-01,Programs,Finance,L2,Remote-US,Full-Time,33,22,50428.32,9.4,3,3.78,100.0,0,29,44,30.5,1.0,0.053,0,0,,,0,0
EMP-10406,2026-03-01,People,Fundraising,L2,Chicago-Downtown,Full-Time,50,72,53927.87,4.8,0,1.77,86.4,1,65,39,1.2,1.0,0.03,0,0,,,0,0
EMP-11887,2026-03-01,Programs,Fundraising,L1,Remote-US,Full-Time,34,33,46751.27,9.2,2,3.27,65.1,2,14,38,10.1,1.0,0.02,2,0,,,0,0
EMP-12847,2026-03-01,Programs,Program Delivery,L2,Chicago-North,Full-Time,34,17,69250.61,10.5,3,2.86,57.7,0,25,41,6.5,0.4,0.019,1,0,,,0,0
EMP-10390,2026-03-01,Programs,Finance,L1,Remote-US,Part-Time,27,36,41846.09,10.0,2,2.65,86.4,0,15,18,17.3,0.6,0.022,0,0,,,0,0
EMP-11770,2026-03-01,Operations,Fundraising,L1,Chicago-Downtown,Full-Time,40,22,55857.89,17.0,2,3.68,86.1,0,59,0,11.6,0.0,0.015,0,0,,,0,0
EMP-11954,2026-03-01,People,Finance,L1,Chicago-Downtown,Full-Time,47,43,48585.96,12.4,0,3.62,74.7,1,58,37,15.5,1.0,0.033,0,1,2026-05-18,Voluntary,1,1
EMP-10368,2026-03-01,Programs,Operations,L1,Chicago-South,Full-Time,26,50,32000.0,6.1,0,3.19,86.6,0,64,72,18.4,0.2,-0.036,0,0,,,0,0
EMP-11942,2026-03-01,Operations,Data,L4,Remote-US,Part-Time,26,63,109390.88,11.3,1,4.37,72.0,0,43,32,53.8,0.4,0.084,0,0,,,0,0
EMP-11941,2026-03-01,Development,Data,L3,Chicago-South,Part-Time,36,25,76167.72,0.6,3,2.58,69.1,0,61,80,25.6,0.6,0.064,1,0,,,0,0
EMP-10899,2026-03-01,Programs,Data,L3,Chicago-Downtown,Part-Time,38,53,98806.11,23.1,4,2.88,64.4,0,46,19,6.1,1.0,0.001,0,0,,,0,0
EMP-10371,2026-03-01,Research,Program Delivery,L3,Remote-US,Part-Time,44,15,79801.87,11.3,3,2.27,62.0,0,42,49,42.5,1.0,-0.007,0,0,,,0,0
EMP-11776,2026-03-01,Programs,Fundraising,L1,Remote-US,Full-Time,44,48,48929.34,1.1,0,3.46,63.8,1,31,16,14.0,0.0,0.007,0,0,,,0,0
EMP-10894,2026-03-01,Programs,HR,L3,Chicago-Downtown,Full-Time,45,40,94268.72,2.4,2,3.02,61.3,0,15,28,25.6,0.4,0.03,1,0,,,0,0
EMP-10431,2026-03-01,Operations,Program Delivery,L1,Chicago-North,Full-Time,32,43,47174.74,2.4,2,3.15,55.8,0,21,9,13.3,1.0,0.03,2,0,,,0,0
EMP-10893,2026-03-01,People,Operations,L1,Chicago-North,Full-Time,28,22,45487.67,8.2,2,2.16,62.0,3,19,40,11.3,0.2,0.059,0,0,,,0,0
EMP-12836,2026-03-01,Programs,Operations,L3,Chicago-Downtown,Full-Time,42,63,81840.7,6.0,2,3.73,88.6,1,19,35,14.2,0.0,0.054,0,0,,,0,0
EMP-10887,2026-03-01,Programs,Fundraising,L3,Chicago-North,Full-Time,38,26,93538.67,12.9,2,2.78,64.0,0,14,95,22.4,0.0,-0.032,0,0,,,0,0
EMP-11904,2026-03-01,Programs,HR,L2,Chicago-South,Full-Time,43,47,58827.08,1.7,2,2.62,70.5,0,42,20,3.8,0.0,0.028,0,0,,,0,0
EMP-11486,2026-03-01,Programs,Finance,L1,Chicago-Downtown,Full-Time,25,115,48781.92,4.0,1,3.82,79.7,0,33,9,28.0,0.8,0.043,0,0,,,0,0
EMP-10451,2026-03-01,Development,Program Delivery,L2,Remote-US,Full-Time,31,6,60800.78,4.4,2,2.92,64.6,1,34,48,5.9,1.0,-0.032,0,1,2026-04-29,Involuntary,1,1
EMP-12147,2026-03-01,Research,Fundraising,L1,Chicago-South,Part-Time,50,28,44270.81,4.8,2,3.78,81.6,0,89,25,9.7,0.2,0.021,0,0,,,0,0
EMP-11333,2026-03-01,Finance,HR,L3,Chicago-Downtown,Full-Time,24,86,68337.57,30.9,2,3.75,72.8,2,49,41,6.9,1.0,0.059,0,0,,,0,0
EMP-12547,2026-03-01,Research,Finance,L2,Remote-US,Full-Time,23,21,76663.26,2.2,2,3.72,73.3,0,55,4,25.0,0.0,0.074,1,0,,,0,0
EMP-12195,2026-03-01,Development,HR,L4,Chicago-North,Full-Time,23,52,88841.54,14.6,0,3.24,94.2,0,46,34,11.2,1.0,0.009,0,0,,,0,0
EMP-12674,2026-03-01,Finance,Finance,L1,Chicago-South,Part-Time,31,55,43441.19,11.3,1,2.76,50.9,0,52,0,4.2,1.0,0.022,1,0,,,0,0
EMP-10970,2026-03-01,Operations,HR,L2,Chicago-South,Full-Time,25,19,36890.26,4.7,1,2.25,86.7,0,34,28,16.0,1.0,0.062,0,0,,,0,0
EMP-10724,2026-03-01,People,Finance,L2,Chicago-South,Full-Time,44,9,74212.43,7.9,1,3.64,88.8,0,32,58,8.5,0.2,-0.024,0,0,,,0,0
EMP-11694,2026-03-01,People,Finance,L1,Chicago-Downtown,Full-Time,36,67,62118.24,3.8,5,3.24,62.5,2,115,59,7.6,1.0,0.095,1,0,,,0,0
EMP-10977,2026-03-01,Operations,Fundraising,L2,Chicago-North,Full-Time,40,37,68062.42,7.5,0,3.15,87.3,0,35,32,44.1,1.0,0.017,1,0,,,0,0
EMP-10473,2026-03-01,Development,Program Delivery,L2,Chicago-South,Full-Time,30,99,69487.41,8.6,1,3.3,64.7,0,46,43,1.5,1.0,0.115,1,0,,,0,0
EMP-12227,2026-03-01,Programs,Data,L2,Chicago-North,Full-Time,51,74,43769.79,2.7,4,4.2,92.8,0,74,42,17.6,0.2,-0.01,0,0,,,0,0
EMP-10616,2026-03-01,Development,Operations,L3,Chicago-Downtown,Full-Time,20,53,64689.69,7.3,1,3.21,78.5,0,78,48,6.0,0.2,0.033,1,0,,,0,0
EMP-12699,2026-03-01,Finance,Data,L3,Chicago-Downtown,Part-Time,44,30,73234.02,12.3,7,4.04,73.8,0,47,63,25.3,0.8,0.027,1,0,,,0,0
EMP-11671,2026-03-01,Research,Fundraising,L2,Remote-US,Part-Time,39,40,63004.81,2.3,0,2.41,66.7,0,15,14,1.8,0.0,0.005,0,0,,,0,0
EMP-10267,2026-03-01,Programs,Fundraising,L1,Chicago-South,Full-Time,38,47,42427.77,13.8,5,4.12,64.0,0,15,54,19.7,0.4,0.014,0,0,,,0,0
EMP-12244,2026-03-01,People,Fundraising,L3,Chicago-Downtown,Full-Time,40,58,73981.04,4.5,1,2.52,82.0,1,26,81,11.2,0.0,0.044,0,0,,,0,0
EMP-12249,2026-03-01,Finance,Finance,L2,Chicago-North,Full-Time,45,115,59711.47,4.1,6,3.08,81.6,0,32,52,12.2,0.8,-0.007,0,0,,,0,0
EMP-12299,2026-03-01,Programs,Finance,L4,Chicago-South,Full-Time,46,23,102635.6,3.0,2,2.21,55.5,1,40,15,8.6,1.0,-0.014,0,0,,,0,0
EMP-12254,2026-03-01,Programs,HR,L3,Chicago-Downtown,Full-Time,22,38,75517.55,5.7,1,3.21,92.2,0,56,35,9.1,1.0,-0.007,0,0,,,0,0
EMP-10246,2026-03-01,Operations,Finance,L2,Remote-US,Full-Time,41,48,50901.24,7.4,2,2.6,71.1,0,91,39,11.4,0.8,0.029,1,0,,,0,0
EMP-11235,2026-03-01,Research,Finance,L2,Chicago-North,Full-Time,26,13,68445.13,9.2,0,3.33,73.5,1,91,69,7.4,0.6,0.078,0,0,,,0,0
EMP-11257,2026-03-01,Development,Program Delivery,L2,Remote-US,Full-Time,35,75,56583.33,10.0,1,2.51,81.4,0,79,36,9.7,0.8,-0.008,0,0,,,0,0
EMP-12264,2026-03-01,Operations,Operations,L1,Chicago-South,Full-Time,32,8,54187.46,3.1,2,3.81,73.2,0,25,15,2.9,1.0,0.077,1,0,,,0,0
EMP-10258,2026-03-01,Programs,Finance,L1,Chicago-Downtown,Full-Time,23,70,49708.53,21.5,4,1.98,64.1,0,37,77,20.0,0.2,0.103,1,0,,,0,0
EMP-12267,2026-03-01,Development,Program Delivery,L3,Chicago-South,Full-Time,51,29,85011.16,4.9,2,2.91,78.3,0,8,13,39.1,0.0,0.031,2,0,,,0,0
EMP-12970,2026-03-01,Programs,Finance,L4,Chicago-South,Full-Time,59,59,99210.18,6.5,4,2.74,71.3,0,23,61,18.2,1.0,0.014,0,0,,,0,0
EMP-12273,2026-03-01,People,HR,L2,Chicago-South,Full-Time,38,41,71775.11,4.5,1,3.93,77.4,0,81,63,12.9,1.0,-0.033,0,0,,,0,0
EMP-11239,2026-03-01,Research,Operations,L2,Chicago-Downtown,Part-Time,38,25,55172.75,2.9,5,2.47,86.4,0,53,31,30.7,1.0,0.05,0,0,,,0,0
EMP-11285,2026-03-01,People,Data,L2,Chicago-South,Full-Time,30,23,63915.74,12.7,2,3.33,56.7,0,18,51,13.0,0.2,0.06,0,0,,,0,0
EMP-10121,2026-03-01,Operations,Fundraising,L2,Remote-US,Full-Time,46,39,71695.17,6.2,1,2.73,67.3,1,43,28,15.6,0.6,0.022,1,0,,,0,0
EMP-10721,2026-03-01,Development,Fundraising,L1,Chicago-South,Full-Time,44,39,32000.0,6.8,1,4.09,58.6,0,16,51,5.6,0.2,0.012,0,0,,,0,0
EMP-12172,2026-03-01,Research,Data,L3,Chicago-Downtown,Full-Time,20,162,81856.95,11.5,1,3.11,79.3,0,20,36,38.8,0.0,0.003,0,0,,,0,0
EMP-12642,2026-03-01,Programs,HR,L2,Chicago-Downtown,Full-Time,31,104,35993.75,11.5,3,2.32,61.6,1,13,48,10.1,0.0,0.066,0,0,,,0,0
EMP-12164,2026-03-01,Operations,HR,L1,Chicago-North,Full-Time,33,26,44170.65,11.2,4,1.69,49.3,0,16,23,16.6,0.0,0.025,1,1,2026-04-20,Involuntary,0,1
EMP-11197,2026-03-01,People,Operations,L1,Chicago-North,Full-Time,30,32,55095.24,0.7,0,3.41,66.3,1,26,53,27.5,0.4,0.046,1,0,,,0,0
EMP-12645,2026-03-01,Development,Data,L2,Chicago-South,Full-Time,29,87,80060.53,17.4,5,3.14,81.2,0,19,37,9.4,0.2,-0.014,1,0,,,0,0
EMP-10096,2026-03-01,Development,Operations,L2,Chicago-North,Full-Time,47,97,71711.99,7.8,5,2.76,100.0,0,54,21,26.8,0.6,0.077,0,0,,,0,0
EMP-12719,2026-03-01,Finance,Operations,L4,Remote-US,Full-Time,29,13,124700.38,11.1,1,4.13,82.8,2,46,38,10.5,0.0,-0.03,0,0,,,0,0
EMP-12150,2026-03-01,Research,Fundraising,L1,Chicago-Downtown,Full-Time,35,10,44583.31,23.3,1,3.78,70.0,0,40,55,7.7,1.0,0.047,0,0,,,0,0
EMP-12173,2026-03-01,People,Program Delivery,L3,Chicago-Downtown,Full-Time,50,57,74888.39,15.6,1,3.5,65.3,0,44,56,26.8,0.4,-0.053,1,0,,,0,0
EMP-12641,2026-03-01,Finance,Program Delivery,L1,Remote-US,Full-Time,26,20,49673.08,8.7,2,3.4,76.3,0,14,39,12.0,0.0,0.093,1,0,,,0,0
EMP-10040,2026-03-01,Programs,HR,L4,Remote-US,Full-Time,39,13,108986.83,36.2,2,3.38,78.2,0,81,60,6.8,0.2,0.053,1,0,,,0,0
EMP-12338,2026-03-01,Finance,Program Delivery,L2,Chicago-North,Full-Time,28,12,50886.79,16.5,3,3.69,80.9,2,39,89,19.8,0.6,0.02,0,1,2026-03-13,Voluntary,1,1
EMP-10769,2026-03-01,Finance,Data,L3,Chicago-North,Full-Time,47,66,76277.51,5.1,1,2.6,100.0,0,19,56,18.6,1.0,-0.006,0,0,,,0,0
EMP-10231,2026-03-01,Finance,Data,L1,Remote-US,Full-Time,49,20,46261.55,7.9,2,2.9,63.2,2,55,37,6.7,0.8,0.094,0,0,,,0,0
EMP-11288,2026-03-01,Finance,Operations,L1,Chicago-Downtown,Part-Time,36,127,51687.73,14.6,2,1.81,78.6,1,36,42,29.0,0.4,0.079,0,0,,,0,0
EMP-10224,2026-03-01,Operations,Fundraising,L3,Chicago-North,Full-Time,39,8,88870.05,8.6,3,3.19,70.7,0,31,11,16.8,0.4,0.069,1,0,,,0,0
EMP-12948,2026-03-01,Operations,Finance,L3,Chicago-Downtown,Part-Time,43,39,96553.44,8.8,1,4.23,75.4,1,12,0,7.5,0.2,0.031,1,1,2026-03-06,Involuntary,0,1
EMP-12327,2026-03-01,People,Operations,L3,Chicago-Downtown,Full-Time,23,78,77968.28,23.8,4,3.19,77.5,0,34,33,8.9,1.0,0.038,0,0,,,0,0
EMP-11662,2026-03-01,Development,HR,L3,Chicago-Downtown,Full-Time,42,52,89237.04,2.6,1,3.63,88.7,2,9,57,7.3,0.8,0.029,2,0,,,0,0
EMP-10959,2026-03-01,People,Data,L2,Chicago-North,Full-Time,38,42,53745.11,5.6,1,3.2,100.0,1,33,2,5.5,1.0,0.017,2,0,,,0,0
EMP-11001,2026-04-01,Finance,Operations,L3,Chicago-North,Full-Time,25,20,79064.29,9.8,3,3.78,90.1,0,55,46,34.3,1.0,0.073,0,0,,,0,0
EMP-12875,2026-04-01,People,Data,L2,Chicago-Downtown,Part-Time,41,87,50143.44,20.1,2,2.94,73.1,0,42,61,25.6,0.8,0.006,0,1,2026-04-26,Voluntary,0,1
EMP-12834,2026-04-01,Operations,HR,L4,Remote-US,Full-Time,37,13,112120.01,8.1,0,4.05,79.0,0,37,27,13.0,0.0,0.057,0,0,,,0,0
EMP-12887,2026-04-01,Operations,Finance,L2,Chicago-North,Full-Time,46,46,64803.86,11.0,3,3.08,90.0,0,13,17,22.7,0.4,0.005,0,0,,,0,0
EMP-12874,2026-04-01,Finance,HR,L4,Chicago-North,Full-Time,46,34,99541.08,6.8,3,3.13,66.2,0,102,57,16.0,1.0,0.018,0,0,,,0,0
EMP-10987,2026-04-01,Operations,Finance,L2,Remote-US,Full-Time,23,77,73541.37,4.1,2,5.0,75.0,0,42,57,22.2,0.6,0.053,1,0,,,0,0
EMP-10053,2026-04-01,Research,Data,L1,Chicago-North,Part-Time,23,87,46163.37,5.5,4,3.03,100.0,2,18,57,22.8,1.0,0.027,0,0,,,0,0
EMP-10758,2026-04-01,Research,Operations,L4,Chicago-Downtown,Full-Time,39,32,120186.39,7.9,2,4.47,88.0,0,19,31,17.3,0.6,0.035,2,0,,,0,0
EMP-12872,2026-04-01,Programs,Program Delivery,L2,Chicago-South,Full-Time,45,9,56910.36,1.3,4,3.34,73.0,0,40,49,21.9,0.8,-0.07,0,0,,,0,0
EMP-12842,2026-04-01,Programs,Program Delivery,L2,Remote-US,Full-Time,45,9,66877.62,7.1,4,4.1,70.7,2,21,27,4.9,0.6,0.015,2,0,,,0,0
EMP-10128,2026-04-01,Development,Data,L3,Chicago-North,Part-Time,53,42,78639.01,17.7,2,3.28,49.9,0,103,67,5.6,0.2,0.026,0,0,,,0,0
EMP-11014,2026-04-01,People,Fundraising,L1,Chicago-South,Full-Time,49,27,54174.41,12.8,3,3.42,52.3,0,73,38,53.5,0.0,-0.023,1,1,2026-06-06,Involuntary,1,1
EMP-10997,2026-04-01,Finance,Fundraising,L3,Chicago-Downtown,Part-Time,25,46,105406.69,6.8,2,4.18,81.4,0,48,29,1.7,0.0,-0.0,0,1,2026-05-28,Voluntary,1,1
EMP-10140,2026-04-01,Development,Finance,L2,Remote-US,Full-Time,24,54,59002.91,14.3,2,3.9,78.2,0,55,11,15.9,0.2,-0.002,0,0,,,0,0
EMP-11003,2026-04-01,Research,Finance,L1,Chicago-North,Part-Time,46,107,34418.36,9.4,3,3.81,75.9,0,84,36,6.7,0.8,0.042,0,0,,,0,0
EMP-10157,2026-04-01,Programs,Fundraising,L3,Chicago-Downtown,Full-Time,46,57,78521.99,23.8,1,2.85,77.9,0,103,56,25.6,0.0,0.091,1,1,2026-06-26,Voluntary,1,1
EMP-10878,2026-04-01,Operations,Program Delivery,L1,Chicago-North,Full-Time,33,13,34085.68,14.0,2,3.37,91.5,0,27,50,2.9,0.6,0.105,0,0,,,0,0
EMP-10957,2026-04-01,Programs,HR,L3,Chicago-Downtown,Full-Time,20,48,98527.78,3.0,2,3.29,67.7,0,61,49,14.9,0.0,0.024,1,0,,,0,0
EMP-12680,2026-04-01,Research,Data,L1,Chicago-South,Part-Time,33,36,42852.84,4.9,2,4.55,70.1,0,21,40,4.8,0.6,0.071,0,0,,,0,0
EMP-10941,2026-04-01,Research,Finance,L3,Remote-US,Full-Time,36,72,86649.1,8.0,2,3.23,79.9,1,29,57,1.4,0.0,-0.041,0,0,,,0,0
EMP-10772,2026-04-01,Operations,Finance,L2,Chicago-North,Full-Time,51,66,63212.27,8.0,3,3.83,71.3,0,51,28,15.8,0.0,0.103,0,0,,,0,0
EMP-10842,2026-04-01,Operations,HR,L3,Chicago-Downtown,Part-Time,32,6,73500.69,12.1,0,2.62,61.0,1,111,80,15.5,0.4,0.071,0,1,2026-05-12,Involuntary,1,1
EMP-10840,2026-04-01,People,HR,L1,Chicago-North,Full-Time,43,17,53435.45,0.8,1,2.96,87.1,0,25,48,2.0,0.8,0.022,0,0,,,0,0
EMP-10023,2026-04-01,Finance,Operations,L4,Chicago-North,Full-Time,47,24,112870.18,14.3,1,2.63,75.3,1,18,52,14.0,0.8,0.017,0,0,,,0,0
EMP-12941,2026-04-01,Programs,Data,L1,Remote-US,Full-Time,29,6,53212.4,6.1,1,2.24,67.4,0,16,40,10.2,0.0,0.076,0,0,,,0,0
EMP-12987,2026-04-01,Programs,Data,L2,Remote-US,Full-Time,23,38,65544.47,5.5,3,3.36,89.9,1,75,29,19.0,0.0,0.052,0,0,,,0,0
EMP-10083,2026-04-01,Development,Operations,L2,Remote-US,Full-Time,26,48,68213.54,31.9,1,2.46,94.2,0,15,36,5.3,1.0,0.003,0,0,,,0,0
EMP-12741,2026-04-01,People,Operations,L2,Chicago-North,Full-Time,53,64,88380.46,3.0,2,3.6,91.3,0,44,85,16.8,0.8,0.017,0,0,,,0,0
EMP-10090,2026-04-01,Research,Finance,L2,Chicago-Downtown,Full-Time,20,11,75210.87,4.4,4,3.02,73.4,0,34,7,23.6,0.4,0.025,1,0,,,0,0
EMP-10836,2026-04-01,People,Finance,L2,Chicago-Downtown,Full-Time,35,32,61990.91,5.7,1,2.99,73.6,2,24,43,10.6,1.0,0.056,0,1,2026-05-10,Voluntary,1,1
EMP-12596,2026-04-01,People,Finance,L3,Remote-US,Full-Time,33,90,80037.7,3.6,1,3.96,100.0,2,52,66,7.7,0.2,0.031,0,0,,,0,0
EMP-10089,2026-04-01,People,Finance,L3,Remote-US,Full-Time,42,84,64352.39,13.8,3,3.18,63.0,0,25,43,6.4,0.6,0.0,0,0,,,0,0
EMP-10025,2026-04-01,Development,Fundraising,L2,Remote-US,Full-Time,34,114,68285.33,10.6,2,2.2,71.8,0,27,3,2.3,0.6,-0.068,0,0,,,0,0
EMP-10704,2026-04-01,Development,Data,L3,Chicago-North,Part-Time,26,68,64806.14,1.8,0,1.92,83.4,2,30,23,23.3,1.0,0.093,0,0,,,0,0
EMP-10079,2026-04-01,Finance,Program Delivery,L1,Chicago-North,Full-Time,36,44,54952.86,12.5,1,3.28,74.7,0,23,59,12.6,1.0,0.048,1,0,,,0,0
EMP-10736,2026-04-01,Programs,Operations,L3,Remote-US,Full-Time,28,170,100034.25,29.0,0,3.12,64.0,0,15,19,13.3,1.0,0.021,0,0,,,0,0
EMP-10152,2026-04-01,Operations,Operations,L4,Chicago-Downtown,Full-Time,31,84,108700.71,6.2,1,2.18,65.8,1,36,14,17.4,0.6,0.068,0,0,,,0,0
EMP-12615,2026-04-01,Operations,Operations,L2,Chicago-South,Full-Time,44,60,63545.01,7.9,1,2.83,80.1,1,88,45,39.4,0.6,0.014,2,0,,,0,0
EMP-10907,2026-04-01,Operations,Finance,L3,Chicago-Downtown,Full-Time,41,61,90698.34,15.3,2,3.33,72.8,0,30,68,25.9,0.2,0.035,0,0,,,0,0
EMP-12808,2026-04-01,Development,HR,L4,Remote-US,Full-Time,29,47,116553.69,4.8,2,3.06,58.7,0,52,62,6.3,1.0,-0.005,0,0,,,0,0
EMP-12611,2026-04-01,Programs,Finance,L1,Chicago-Downtown,Full-Time,23,4,46556.01,0.4,4,3.28,52.6,1,43,43,13.4,0.4,0.028,0,0,,,0,0
EMP-12685,2026-04-01,Programs,HR,L1,Chicago-South,Full-Time,27,33,59774.64,15.4,1,2.43,57.2,0,64,0,11.3,1.0,0.068,0,0,,,0,0
EMP-10775,2026-04-01,Research,Finance,L2,Chicago-North,Part-Time,38,29,61013.47,18.1,5,3.49,89.3,0,14,8,24.1,1.0,-0.009,0,0,,,0,0
EMP-12599,2026-04-01,Development,Program Delivery,L1,Chicago-North,Full-Time,20,13,62845.6,7.9,4,2.54,97.3,0,22,38,10.7,1.0,0.042,1,0,,,0,0
EMP-12798,2026-04-01,Operations,Data,L1,Chicago-Downtown,Full-Time,42,71,48965.01,7.3,2,2.08,79.9,0,56,58,25.2,0.6,0.101,0,0,,,0,0
EMP-10109,2026-04-01,Finance,Finance,L2,Chicago-Downtown,Part-Time,46,81,38344.2,1.3,2,4.12,72.3,0,31,70,15.9,1.0,-0.012,0,0,,,0,0
EMP-10917,2026-04-01,Development,Program Delivery,L2,Chicago-Downtown,Full-Time,38,15,66191.27,19.7,3,3.23,66.3,1,13,1,9.8,1.0,0.021,0,0,,,0,0
EMP-12955,2026-04-01,People,Finance,L3,Chicago-South,Full-Time,36,15,68076.71,25.6,2,2.35,74.3,1,56,61,10.3,0.0,0.035,1,1,2026-04-12,Involuntary,0,1
EMP-12579,2026-04-01,Programs,Data,L1,Chicago-South,Full-Time,20,64,36414.67,11.7,3,4.43,78.1,0,9,54,14.8,0.0,0.094,1,0,,,0,0
EMP-12700,2026-04-01,Operations,Fundraising,L3,Chicago-Downtown,Full-Time,39,97,74004.11,5.1,3,3.78,63.8,1,57,41,8.5,0.8,0.069,0,0,,,0,0
EMP-12580,2026-04-01,Operations,HR,L2,Chicago-Downtown,Full-Time,33,32,87569.41,8.6,1,3.61,62.7,1,12,49,27.2,0.0,0.08,0,0,,,0,0
EMP-12762,2026-04-01,Operations,Finance,L4,Chicago-North,Part-Time,43,55,108999.02,12.1,2,3.39,71.8,0,44,34,10.3,0.4,0.02,0,0,,,0,0
EMP-10118,2026-04-01,People,Finance,L3,Remote-US,Full-Time,20,72,87643.99,11.0,0,2.84,79.9,0,11,23,8.7,0.0,0.002,2,0,,,0,0
EMP-12799,2026-04-01,Operations,Finance,L3,Chicago-Downtown,Full-Time,21,14,71425.37,12.3,2,2.44,84.8,0,60,80,9.5,1.0,-0.027,0,0,,,0,0
EMP-11621,2026-04-01,Programs,Finance,L3,Remote-US,Full-Time,36,52,80034.5,14.7,4,2.24,79.2,0,84,67,9.9,0.6,0.047,0,0,,,0,0
EMP-10533,2026-04-01,Operations,Data,L2,Chicago-Downtown,Full-Time,40,6,52799.36,4.4,3,2.4,70.0,1,13,49,4.4,1.0,-0.004,0,0,,,0,0
EMP-11885,2026-04-01,People,Data,L1,Chicago-South,Full-Time,32,15,32000.0,5.1,3,3.05,82.7,0,59,66,14.1,0.2,0.071,1,0,,,0,0
EMP-12360,2026-04-01,Programs,Data,L2,Chicago-North,Part-Time,26,36,68347.22,5.3,5,2.96,83.5,0,29,41,4.4,1.0,0.027,0,0,,,0,0
EMP-10251,2026-04-01,Finance,Data,L3,Chicago-South,Full-Time,30,17,95259.02,4.3,4,3.73,71.8,1,31,49,11.1,0.2,-0.013,0,0,,,0,0
EMP-10421,2026-04-01,Programs,Data,L3,Chicago-Downtown,Full-Time,41,66,71042.71,1.0,3,3.15,55.9,0,24,24,5.1,0.0,0.021,0,0,,,0,0
EMP-10376,2026-04-01,Development,Operations,L2,Chicago-South,Full-Time,47,50,71051.14,3.8,2,2.67,65.4,0,35,36,11.1,1.0,0.078,0,1,2026-05-05,Involuntary,1,1
EMP-11791,2026-04-01,Research,Fundraising,L2,Remote-US,Full-Time,37,61,42993.62,10.1,3,3.55,54.0,0,4,27,5.6,0.4,0.058,1,0,,,0,0
EMP-12378,2026-04-01,Research,HR,L1,Chicago-North,Full-Time,20,36,56740.91,12.0,2,2.87,68.6,1,51,53,6.4,0.0,0.057,0,1,2026-05-04,Voluntary,1,1
EMP-10429,2026-04-01,Research,Finance,L2,Chicago-Downtown,Part-Time,42,39,54117.73,38.1,1,3.03,72.1,0,17,5,35.8,0.6,-0.034,0,0,,,0,0
EMP-11246,2026-04-01,Development,Fundraising,L1,Chicago-Downtown,Part-Time,26,36,36875.74,5.9,0,3.51,74.5,0,23,26,3.5,0.6,0.063,0,0,,,0,0
EMP-10432,2026-04-01,Finance,Operations,L3,Chicago-South,Full-Time,36,14,78808.52,2.6,3,3.33,74.8,1,15,30,42.1,0.0,0.039,0,0,,,0,0
EMP-11180,2026-04-01,Programs,Program Delivery,L1,Chicago-Downtown,Full-Time,32,62,56302.41,0.5,6,2.62,73.5,1,18,35,9.6,0.0,0.048,0,0,,,0,0
EMP-10217,2026-04-01,Programs,Program Delivery,L2,Chicago-Downtown,Full-Time,58,30,53015.21,9.8,0,3.19,44.3,1,33,26,9.3,0.6,0.093,0,0,,,0,0
EMP-11299,2026-04-01,People,Operations,L3,Remote-US,Part-Time,44,36,75504.38,9.2,2,4.31,93.0,0,9,50,12.9,1.0,-0.014,0,0,,,0,0
EMP-11415,2026-04-01,Operations,Program Delivery,L2,Chicago-North,Full-Time,32,77,69918.31,16.2,0,3.52,87.2,0,22,10,2.9,0.0,0.014,0,0,,,0,0
EMP-11301,2026-04-01,Programs,Fundraising,L2,Chicago-Downtown,Part-Time,20,64,58717.75,18.2,2,3.97,67.9,0,58,33,3.8,0.8,0.02,1,0,,,0,0
EMP-12159,2026-04-01,Programs,Fundraising,L1,Chicago-South,Full-Time,46,73,32704.34,1.1,3,3.44,55.9,1,41,17,10.5,1.0,0.048,1,0,,,0,0
EMP-11249,2026-04-01,Programs,Program Delivery,L1,Chicago-Downtown,Full-Time,51,36,45253.88,12.7,3,2.92,67.9,0,19,47,3.9,0.4,-0.008,1,0,,,0,0
EMP-12271,2026-04-01,Research,Data,L1,Chicago-North,Full-Time,25,27,46994.64,20.0,2,3.17,59.4,0,31,22,10.2,0.0,0.015,0,0,,,0,0
EMP-12153,2026-04-01,Development,Program Delivery,L1,Chicago-South,Full-Time,61,48,51114.99,2.8,1,2.26,72.1,0,15,31,28.3,1.0,0.116,0,0,,,0,0
EMP-11169,2026-04-01,Programs,HR,L2,Chicago-South,Full-Time,43,92,65339.04,12.6,0,2.86,81.3,0,36,41,21.2,0.0,0.037,1,0,,,0,0
EMP-12399,2026-04-01,People,Data,L1,Remote-US,Full-Time,45,62,37864.38,7.1,2,3.61,78.9,0,35,36,2.1,0.8,0.029,2,0,,,0,0
EMP-10210,2026-04-01,People,Finance,L3,Remote-US,Part-Time,20,55,85274.98,12.7,1,4.44,87.8,0,9,6,12.1,1.0,0.066,1,0,,,0,0
EMP-11748,2026-04-01,Programs,Finance,L4,Chicago-Downtown,Full-Time,25,78,93132.27,8.3,2,3.42,63.3,0,77,29,7.4,0.2,0.038,1,0,,,0,0
EMP-12146,2026-04-01,Research,Finance,L4,Remote-US,Full-Time,26,14,102120.14,5.3,0,4.22,75.0,0,20,27,3.1,0.4,0.045,1,0,,,0,0
EMP-11413,2026-04-01,Development,Data,L1,Remote-US,Full-Time,28,87,42916.93,11.9,0,4.13,85.6,0,52,37,4.3,1.0,0.035,1,0,,,0,0
EMP-11309,2026-04-01,Finance,Data,L1,Chicago-North,Full-Time,45,40,40650.9,17.3,2,3.48,78.3,0,55,62,5.0,0.0,-0.042,1,0,,,0,0
EMP-10438,2026-04-01,Operations,Operations,L2,Chicago-Downtown,Full-Time,41,41,59511.29,10.6,2,4.29,55.8,0,24,9,28.5,0.8,0.085,0,1,2026-06-12,Voluntary,1,1
EMP-11193,2026-04-01,People,Data,L3,Chicago-Downtown,Full-Time,28,16,105138.57,23.4,7,2.94,76.1,1,14,60,7.8,0.2,-0.001,0,0,,,0,0
EMP-11478,2026-04-01,People,Program Delivery,L3,Chicago-Downtown,Part-Time,40,38,82778.09,13.5,0,2.87,69.3,2,28,57,13.4,0.2,0.051,1,0,,,0,0
EMP-11198,2026-04-01,Programs,Operations,L2,Chicago-North,Full-Time,30,22,52223.12,4.3,3,2.86,83.0,0,90,57,20.4,1.0,0.031,1,0,,,0,0
EMP-11241,2026-04-01,Operations,HR,L1,Chicago-South,Full-Time,29,12,50864.64,7.2,2,3.79,56.1,0,104,0,12.0,0.0,0.094,0,0,,,0,0
EMP-11953,2026-04-01,Development,Operations,L3,Remote-US,Full-Time,37,14,84157.6,26.0,4,4.09,91.5,0,7,36,15.8,0.0,-0.006,0,0,,,0,0
EMP-11874,2026-04-01,Programs,Fundraising,L3,Chicago-Downtown,Full-Time,37,37,82484.27,9.0,4,3.45,41.3,0,34,60,20.5,0.0,-0.013,0,0,,,0,0
EMP-10561,2026-04-01,Operations,Data,L4,Chicago-South,Full-Time,45,15,121194.65,22.9,2,3.31,83.9,0,24,35,6.8,1.0,0.041,0,0,,,0,0
EMP-11234,2026-04-01,Programs,Fundraising,L1,Chicago-South,Full-Time,35,23,55482.36,9.7,4,3.6,73.8,1,22,43,17.4,1.0,0.051,0,0,,,0,0
EMP-11508,2026-04-01,Operations,Fundraising,L2,Chicago-North,Full-Time,38,73,57132.28,7.2,1,2.96,61.3,0,29,45,25.6,0.6,0.034,1,0,,,0,0
EMP-10535,2026-04-01,Development,Program Delivery,L2,Chicago-South,Full-Time,27,50,61844.05,21.1,6,2.72,87.3,0,76,23,5.6,0.8,0.03,0,0,,,0,0
EMP-11842,2026-04-01,Operations,HR,L1,Chicago-North,Full-Time,40,73,39316.8,16.9,3,4.39,71.3,0,4,52,15.1,1.0,0.094,0,0,,,0,0
EMP-12308,2026-04-01,Research,Program Delivery,L2,Chicago-Downtown,Full-Time,39,43,58574.25,2.1,4,2.55,69.5,0,35,36,0.7,0.0,0.138,0,0,,,0,0
EMP-10630,2026-04-01,Programs,Fundraising,L3,Remote-US,Full-Time,28,47,98619.12,1.6,3,3.96,70.4,0,89,22,16.5,0.8,0.075,0,0,,,0,0
EMP-11522,2026-04-01,People,Fundraising,L2,Chicago-North,Part-Time,36,91,64574.22,1.9,3,2.16,34.7,0,9,53,8.1,0.4,0.072,0,0,,,0,0
EMP-11833,2026-04-01,People,Data,L1,Chicago-Downtown,Full-Time,47,40,43029.36,28.6,1,3.03,68.5,1,25,44,7.6,0.0,0.056,0,0,,,0,0
EMP-12320,2026-04-01,Research,Program Delivery,L2,Chicago-South,Full-Time,51,21,65698.04,7.8,5,3.82,64.2,2,33,0,4.3,0.8,-0.08,0,1,2026-05-26,Voluntary,1,1
EMP-11217,2026-04-01,Finance,Finance,L4,Chicago-Downtown,Full-Time,31,6,107557.68,3.0,1,3.08,76.4,1,20,26,10.9,1.0,0.015,0,0,,,0,0
EMP-11216,2026-04-01,Research,Finance,L2,Chicago-North,Full-Time,24,62,62031.73,2.7,4,2.37,72.8,1,75,42,9.6,0.8,-0.017,0,0,,,0,0
EMP-10234,2026-04-01,Operations,Data,L2,Chicago-North,Part-Time,59,62,65536.47,2.5,3,4.27,73.4,1,6,40,23.0,0.8,0.006,0,0,,,0,0
EMP-10281,2026-04-01,Research,HR,L1,Chicago-Downtown,Full-Time,35,96,57769.83,16.0,0,4.03,65.6,1,13,18,25.4,0.2,0.033,0,0,,,0,0
EMP-11831,2026-04-01,Operations,Fundraising,L1,Chicago-South,Full-Time,35,36,54905.68,3.8,2,3.82,75.8,1,14,39,22.2,0.2,0.046,0,0,,,0,0
EMP-10282,2026-04-01,Operations,Operations,L3,Chicago-North,Full-Time,43,40,88720.09,7.3,2,3.04,88.5,1,21,54,9.5,1.0,0.024,0,0,,,0,0
EMP-11822,2026-04-01,Development,Data,L2,Remote-US,Part-Time,24,62,64230.75,8.7,0,2.74,88.3,1,16,25,15.6,0.0,-0.055,0,0,,,0,0
EMP-12339,2026-04-01,Operations,Fundraising,L3,Chicago-Downtown,Full-Time,44,102,75691.51,10.4,1,2.35,80.4,0,74,29,10.0,0.0,0.094,0,0,,,0,0
EMP-11466,2026-04-01,Development,Fundraising,L1,Chicago-North,Full-Time,24,79,32000.0,4.5,2,3.91,76.0,1,47,45,7.1,0.8,0.137,1,0,,,0,0
EMP-10415,2026-04-01,Programs,Finance,L3,Chicago-South,Full-Time,26,15,84759.4,2.1,0,3.93,76.2,0,115,17,2.6,0.0,-0.002,0,0,,,0,0
EMP-11967,2026-04-01,Research,Fundraising,L2,Remote-US,Full-Time,44,42,60776.95,19.3,3,2.7,81.4,0,39,8,18.8,0.4,0.037,2,0,,,0,0
EMP-11446,2026-04-01,People,Operations,L2,Chicago-South,Full-Time,49,10,64397.77,2.3,8,3.72,73.8,0,70,12,11.0,0.8,0.069,0,0,,,0,0
EMP-11199,2026-04-01,Programs,Operations,L2,Chicago-Downtown,Full-Time,29,45,63043.26,3.0,4,3.46,70.7,1,29,0,3.3,0.6,0.016,0,0,,,0,0
EMP-11882,2026-04-01,Finance,HR,L2,Chicago-South,Full-Time,25,93,62366.25,4.6,3,2.96,79.5,0,35,27,34.6,1.0,0.086,0,0,,,0,0
EMP-12221,2026-04-01,Operations,Finance,L3,Remote-US,Full-Time,29,30,84310.29,7.5,0,3.4,57.2,1,38,50,22.7,0.0,-0.022,2,0,,,0,0
EMP-11740,2026-04-01,Operations,Finance,L3,Remote-US,Full-Time,35,28,87923.3,2.4,2,2.97,87.1,0,49,16,15.1,0.8,0.046,0,0,,,0,0
EMP-11405,2026-04-01,People,Program Delivery,L2,Remote-US,Full-Time,32,44,47098.49,14.7,3,2.97,56.9,1,31,35,2.5,1.0,0.09,0,1,2026-04-13,Involuntary,0,1
EMP-10260,2026-04-01,Programs,Operations,L1,Chicago-South,Full-Time,39,15,42033.31,2.7,1,3.32,81.7,1,15,47,2.8,0.2,0.027,0,0,,,0,0
EMP-11327,2026-04-01,Programs,Fundraising,L4,Chicago-North,Part-Time,42,15,112593.51,21.0,1,4.18,49.9,0,20,28,4.0,0.8,0.031,3,1,2026-04-29,Involuntary,1,1
EMP-11588,2026-04-01,Programs,Program Delivery,L2,Chicago-Downtown,Full-Time,29,77,57673.58,18.8,4,3.29,69.4,2,43,24,12.7,0.0,0.081,0,0,,,0,0
EMP-12106,2026-04-01,Development,Finance,L2,Chicago-Downtown,Part-Time,31,32,60858.73,8.7,2,2.8,63.9,1,27,36,12.4,0.8,0.013,0,0,,,0,0
EMP-10326,2026-04-01,Programs,Fundraising,L2,Chicago-South,Part-Time,32,85,56255.44,6.7,4,4.44,65.7,1,30,52,15.9,1.0,0.065,0,0,,,0,0
EMP-10178,2026-04-01,Research,HR,L1,Chicago-Downtown,Full-Time,33,66,36246.16,7.9,3,3.34,50.2,0,34,49,2.0,0.4,0.031,1,0,,,0,0
EMP-12096,2026-04-01,Programs,Program Delivery,L2,Remote-US,Full-Time,21,55,58383.88,45.0,1,3.25,57.8,2,38,36,32.6,0.6,0.052,0,0,,,0,0
EMP-11666,2026-04-01,Finance,Finance,L1,Chicago-North,Full-Time,40,22,42349.44,13.5,3,3.35,57.3,2,42,40,10.5,0.0,0.031,1,0,,,0,0
EMP-10505,2026-04-01,Research,HR,L3,Remote-US,Full-Time,43,40,79914.33,8.2,3,3.0,99.0,0,65,24,6.5,0.0,0.015,0,0,,,0,0
EMP-10689,2026-04-01,People,Finance,L3,Chicago-North,Full-Time,28,22,72073.36,3.4,1,3.07,72.0,0,78,61,6.9,1.0,0.09,1,0,,,0,0
EMP-11656,2026-04-01,Programs,Finance,L1,Chicago-Downtown,Full-Time,20,27,47445.93,13.0,2,4.21,56.3,0,10,45,30.9,0.6,0.037,0,0,,,0,0
EMP-12061,2026-04-01,Research,Operations,L2,Chicago-South,Full-Time,22,83,60002.45,2.2,1,3.34,66.8,2,56,75,11.3,0.0,0.004,0,0,,,0,0
EMP-10317,2026-04-01,Programs,Data,L1,Chicago-North,Full-Time,48,17,56235.71,7.5,3,2.51,59.5,1,16,16,16.3,0.0,-0.04,0,0,,,0,0
EMP-12521,2026-04-01,People,Program Delivery,L2,Chicago-Downtown,Full-Time,42,16,57005.95,10.4,1,3.72,77.3,0,81,56,0.7,1.0,0.014,0,0,,,0,0
EMP-11262,2026-04-01,People,Data,L3,Chicago-Downtown,Full-Time,32,46,80931.34,2.8,3,2.68,41.8,0,34,38,8.6,0.2,0.048,1,0,,,0,0
EMP-12523,2026-04-01,Operations,HR,L2,Chicago-North,Full-Time,40,28,68693.19,19.7,0,2.51,57.0,1,35,55,13.5,0.6,0.055,0,0,,,0,0
EMP-11348,2026-04-01,Programs,Operations,L2,Chicago-North,Full-Time,49,53,61682.76,17.8,4,3.79,84.5,1,27,32,9.4,0.4,0.055,1,0,,,0,0
EMP-11609,2026-04-01,Programs,Finance,L2,Chicago-North,Part-Time,33,56,70003.54,11.6,3,3.49,60.6,0,14,51,7.7,0.4,0.042,0,0,,,0,0
EMP-11914,2026-04-01,People,Program Delivery,L2,Chicago-North,Full-Time,40,43,67886.18,11.3,3,2.02,73.3,0,48,53,16.8,0.0,0.024,0,0,,,0,0
EMP-11361,2026-04-01,Operations,HR,L3,Remote-US,Full-Time,22,47,78025.02,6.9,4,2.49,57.4,1,19,49,6.4,0.0,-0.036,0,0,,,0,0
EMP-11632,2026-04-01,Research,Data,L1,Remote-US,Full-Time,40,39,53549.45,3.3,0,3.59,68.0,2,79,41,28.3,1.0,0.015,0,0,,,0,0
EMP-11088,2026-04-01,Development,Fundraising,L2,Remote-US,Part-Time,22,12,58213.03,0.5,3,3.27,99.0,0,81,37,2.7,1.0,0.059,1,0,,,0,0
EMP-11631,2026-04-01,Operations,Data,L2,Chicago-North,Full-Time,29,67,77498.79,20.5,1,2.77,78.4,0,41,22,17.9,0.0,0.064,0,0,,,0,0
EMP-11358,2026-04-01,People,HR,L3,Remote-US,Part-Time,30,42,62990.73,5.2,2,3.02,73.5,0,18,10,26.8,0.2,-0.024,0,0,,,0,0
EMP-11629,2026-04-01,Operations,Operations,L1,Chicago-North,Full-Time,42,65,48867.06,5.5,3,3.91,76.1,0,27,22,8.2,0.8,0.029,0,0,,,0,0
EMP-11627,2026-04-01,Development,HR,L3,Remote-US,Full-Time,59,18,97156.25,6.1,2,3.5,66.1,0,33,41,10.1,1.0,0.106,1,0,,,0,0
EMP-11615,2026-04-01,Programs,Operations,L2,Chicago-North,Part-Time,45,35,63004.29,4.4,2,3.17,74.3,0,30,46,20.4,0.0,0.017,1,0,,,0,0
EMP-12543,2026-04-01,People,Program Delivery,L2,Chicago-South,Full-Time,36,83,72854.41,20.5,0,3.8,28.5,0,62,38,22.2,0.0,0.075,0,0,,,0,0
EMP-12052,2026-04-01,Research,Fundraising,L1,Remote-US,Full-Time,32,61,50884.76,7.3,1,3.46,86.7,1,10,43,11.1,1.0,0.025,0,0,,,0,0
EMP-11152,2026-04-01,Programs,Operations,L3,Remote-US,Full-Time,21,82,103793.1,2.0,1,2.97,77.4,1,58,51,16.2,0.0,0.057,0,0,,,0,0
EMP-12489,2026-04-01,Development,Operations,L2,Chicago-Downtown,Part-Time,45,75,44528.21,7.0,3,3.18,61.7,0,57,42,2.5,0.2,0.022,0,0,,,0,0
EMP-11371,2026-04-01,Operations,Program Delivery,L1,Chicago-Downtown,Full-Time,31,27,57015.36,2.8,2,3.75,82.1,0,41,32,4.2,0.0,0.039,0,0,,,0,0
EMP-11562,2026-04-01,Operations,Finance,L3,Chicago-South,Full-Time,21,54,80896.72,15.5,1,3.96,80.5,0,86,23,1.8,1.0,-0.047,0,0,,,0,0
EMP-10200,2026-04-01,People,Data,L3,Chicago-Downtown,Part-Time,42,51,76383.63,8.8,3,3.14,85.9,0,21,45,31.6,1.0,0.024,0,0,,,0,0
EMP-12434,2026-04-01,Finance,HR,L2,Chicago-Downtown,Full-Time,30,25,68404.42,6.4,3,3.49,94.5,0,40,34,7.8,0.0,-0.01,0,0,,,0,0
EMP-12436,2026-04-01,Operations,Finance,L1,Remote-US,Full-Time,30,45,55334.45,4.7,1,3.35,54.2,0,28,23,16.6,0.8,0.049,0,0,,,0,0
EMP-11142,2026-04-01,Programs,Finance,L2,Chicago-Downtown,Full-Time,53,31,50743.38,3.1,3,2.72,86.2,1,53,24,19.9,1.0,0.112,0,0,,,0,0
EMP-11902,2026-04-01,Research,Operations,L4,Chicago-South,Full-Time,49,36,107724.65,6.2,4,4.46,72.5,0,22,46,9.7,0.8,0.05,0,0,,,0,0
EMP-12442,2026-04-01,Development,Finance,L4,Chicago-Downtown,Full-Time,29,19,115216.57,15.9,3,2.96,69.1,1,76,0,13.3,0.0,0.113,0,0,,,0,0
EMP-10520,2026-04-01,Programs,Operations,L1,Chicago-North,Full-Time,42,31,38648.42,12.3,0,3.65,68.9,0,24,47,5.8,0.4,0.025,1,0,,,0,0
EMP-10577,2026-04-01,People,Operations,L1,Remote-US,Full-Time,45,50,50448.9,8.4,1,3.2,75.3,0,36,16,6.9,0.4,0.028,1,0,,,0,0
EMP-11391,2026-04-01,Programs,Program Delivery,L3,Chicago-South,Full-Time,50,40,85656.47,13.6,3,3.5,73.9,1,11,54,7.4,0.8,-0.006,0,0,,,0,0
EMP-11140,2026-04-01,Development,Program Delivery,L1,Chicago-South,Full-Time,39,17,42315.04,12.2,0,4.16,77.3,0,60,35,17.0,0.2,-0.045,0,0,,,0,0
EMP-12485,2026-04-01,Operations,Data,L4,Chicago-South,Full-Time,28,27,92400.89,3.3,3,2.95,85.1,0,47,21,10.8,0.0,0.006,1,0,,,0,0
EMP-11727,2026-04-01,Operations,Data,L2,Chicago-Downtown,Part-Time,31,105,60508.39,3.7,1,3.21,57.7,0,30,16,8.8,0.6,0.02,0,0,,,0,0
EMP-11728,2026-04-01,Operations,Finance,L1,Chicago-North,Full-Time,33,29,50513.37,4.8,1,3.54,53.2,1,45,45,8.3,0.0,0.015,0,0,,,0,0
EMP-12252,2026-04-01,Programs,Program Delivery,L2,Chicago-North,Full-Time,25,84,62329.52,8.7,2,3.12,55.8,0,49,29,23.3,0.4,0.041,0,0,,,0,0
EMP-11713,2026-04-01,Finance,Operations,L1,Chicago-Downtown,Full-Time,35,15,51003.58,5.3,2,2.26,82.1,0,39,38,16.0,1.0,0.026,0,0,,,0,0
EMP-12465,2026-04-01,Programs,Program Delivery,L3,Chicago-North,Full-Time,36,17,70260.71,6.7,1,4.09,95.5,1,66,23,7.3,0.0,0.088,1,0,,,0,0
EMP-11711,2026-04-01,Finance,HR,L1,Remote-US,Part-Time,54,25,41811.5,15.9,1,3.8,88.9,1,40,32,7.9,0.8,-0.004,1,0,,,0,0
EMP-11573,2026-04-01,Finance,Data,L2,Chicago-North,Full-Time,51,79,58072.52,5.3,2,3.43,59.6,0,15,23,7.2,0.0,0.026,1,1,2026-06-22,Involuntary,0,1
EMP-12123,2026-04-01,Research,Operations,L2,Chicago-South,Full-Time,29,23,59739.18,4.1,2,3.86,73.8,0,54,51,19.3,0.8,0.118,0,0,,,0,0
EMP-11705,2026-04-01,People,Fundraising,L2,Chicago-South,Full-Time,43,89,65339.5,6.8,1,3.17,71.2,1,22,51,21.2,0.0,0.03,0,0,,,0,0
EMP-11702,2026-04-01,Finance,Operations,L2,Remote-US,Full-Time,40,27,62330.61,3.4,4,2.07,60.7,0,78,57,1.6,1.0,0.006,1,0,,,0,0
EMP-10600,2026-04-01,Programs,Operations,L2,Chicago-South,Full-Time,39,58,57456.15,13.4,0,3.12,92.3,0,51,30,6.6,1.0,-0.029,0,0,,,0,0
EMP-12118,2026-04-01,Programs,HR,L1,Chicago-North,Part-Time,47,79,46295.35,18.8,1,3.33,81.7,0,26,98,8.4,0.4,0.03,0,0,,,0,0
EMP-10465,2026-04-01,Programs,Data,L4,Chicago-Downtown,Full-Time,20,114,100590.48,3.0,3,4.62,83.5,1,37,24,8.2,0.6,0.038,0,0,,,0,0
EMP-12115,2026-04-01,Programs,Fundraising,L1,Chicago-Downtown,Full-Time,35,20,43546.33,7.1,2,3.3,65.9,3,21,24,3.1,1.0,0.014,0,0,,,0,0
EMP-11481,2026-04-01,Research,Operations,L2,Chicago-North,Full-Time,20,56,73442.56,6.0,1,3.38,40.0,1,50,36,7.7,1.0,0.005,1,0,,,0,0
EMP-12287,2026-04-01,Research,Program Delivery,L1,Chicago-Downtown,Full-Time,29,90,53758.19,29.7,2,2.48,81.3,0,55,15,8.7,0.0,-0.022,0,0,,,0,0
EMP-11919,2026-05-01,Research,Program Delivery,L1,Chicago-Downtown,Full-Time,23,2,49240.54,11.0,1,3.31,76.9,0,2,26,2.3,1.0,0.065,0,0,,,0,0
EMP-11935,2026-05-01,Research,Operations,L3,Chicago-South,Full-Time,29,43,74884.62,6.5,3,3.93,68.1,0,46,65,25.2,0.8,0.013,0,0,,,0,0
EMP-10750,2026-05-01,People,Finance,L2,Remote-US,Full-Time,29,48,53965.11,9.3,3,4.16,97.0,0,38,8,9.3,0.8,0.031,0,0,,,0,0
EMP-10560,2026-05-01,Programs,Fundraising,L1,Chicago-Downtown,Full-Time,21,40,54310.46,18.9,3,3.41,77.3,0,45,35,2.3,0.6,-0.015,0,0,,,0,0
EMP-10933,2026-05-01,Finance,Finance,L3,Remote-US,Full-Time,46,62,83636.42,4.6,2,2.7,83.1,1,14,76,2.8,0.8,0.016,0,0,,,0,0
EMP-11362,2026-05-01,Programs,Operations,L4,Remote-US,Full-Time,25,41,117457.24,6.7,1,4.02,62.9,0,48,24,2.6,0.4,0.036,0,0,,,0,0
EMP-10579,2026-05-01,Development,Fundraising,L1,Chicago-North,Full-Time,29,26,43775.38,19.9,3,4.67,62.5,0,20,47,23.7,0.4,-0.004,0,0,,,0,0
EMP-10334,2026-05-01,Operations,Program Delivery,L2,Remote-US,Full-Time,39,86,67726.42,4.5,1,3.32,100.0,0,70,73,2.9,0.2,0.012,1,0,,,0,0
EMP-12784,2026-05-01,Research,Operations,L2,Chicago-North,Full-Time,21,38,67637.09,19.9,4,3.06,80.2,1,15,53,6.1,0.0,-0.002,0,0,,,0,0
EMP-12013,2026-05-01,People,Finance,L2,Chicago-North,Part-Time,39,22,44151.01,3.9,0,3.52,77.4,2,41,37,5.1,0.0,0.027,1,0,,,0,0
EMP-11414,2026-05-01,Research,Operations,L1,Chicago-Downtown,Full-Time,43,24,61559.03,0.6,2,3.26,77.3,1,53,59,28.6,0.8,-0.037,0,1,2026-07-19,Voluntary,1,1
EMP-10892,2026-05-01,Finance,Data,L1,Chicago-Downtown,Full-Time,39,55,63134.42,1.3,1,3.09,78.5,0,9,39,4.8,0.8,0.024,1,0,,,0,0
EMP-10066,2026-05-01,Operations,Program Delivery,L2,Chicago-South,Full-Time,26,36,70579.14,3.7,2,3.35,53.9,0,68,11,13.7,0.8,0.067,0,0,,,0,0
EMP-11993,2026-05-01,Operations,Fundraising,L2,Chicago-South,Part-Time,47,12,66546.75,9.0,2,3.08,58.5,0,34,59,32.0,0.0,-0.032,1,0,,,0,0
EMP-10064,2026-05-01,Finance,Finance,L2,Chicago-South,Full-Time,34,25,68768.92,7.6,3,2.43,86.7,0,21,60,12.6,0.6,0.038,0,0,,,0,0
EMP-11422,2026-05-01,Operations,Operations,L1,Chicago-South,Full-Time,36,76,38801.06,29.2,4,3.32,61.3,1,18,62,24.0,0.6,-0.035,0,0,,,0,0
EMP-11427,2026-05-01,Finance,Fundraising,L2,Chicago-Downtown,Full-Time,36,37,78117.96,16.1,1,4.6,69.6,2,28,39,5.2,0.8,-0.035,0,0,,,0,0
EMP-12802,2026-05-01,Programs,Operations,L3,Chicago-North,Full-Time,40,32,73297.77,3.7,2,2.34,62.4,0,77,28,18.3,0.0,0.055,0,0,,,0,0
EMP-12805,2026-05-01,Research,Fundraising,L1,Chicago-Downtown,Full-Time,38,69,70405.98,1.5,1,3.36,65.8,0,67,44,5.2,0.0,0.038,0,0,,,0,0
EMP-10361,2026-05-01,Operations,Program Delivery,L3,Chicago-Downtown,Full-Time,40,33,88509.16,13.2,3,3.63,86.4,0,30,56,3.8,0.4,0.052,1,0,,,0,0
EMP-12814,2026-05-01,Finance,HR,L1,Chicago-North,Full-Time,29,40,33277.55,13.4,3,3.74,52.9,0,10,32,30.1,0.0,0.084,0,0,,,0,0
EMP-11465,2026-05-01,Programs,Program Delivery,L3,Chicago-North,Full-Time,27,40,78900.56,5.3,3,2.03,85.3,0,18,17,9.1,0.4,0.061,0,1,2026-06-08,Voluntary,1,1
EMP-11912,2026-05-01,Programs,Operations,L2,Remote-US,Full-Time,28,52,60101.9,1.8,3,4.35,75.5,2,34,57,2.8,0.8,-0.004,1,0,,,0,0
EMP-12545,2026-05-01,Research,Operations,L2,Chicago-Downtown,Full-Time,33,63,57453.46,7.5,6,3.49,80.8,1,23,41,18.9,1.0,0.031,0,0,,,0,0
EMP-11910,2026-05-01,Programs,Data,L4,Chicago-Downtown,Full-Time,36,70,105786.92,4.5,3,3.31,37.8,1,86,54,17.3,0.0,0.033,1,0,,,0,0
EMP-12915,2026-05-01,Programs,Data,L2,Chicago-Downtown,Full-Time,36,42,58468.78,4.0,2,2.54,53.0,0,21,20,7.6,0.6,0.038,1,1,2026-06-10,Involuntary,1,1
EMP-11558,2026-05-01,Research,HR,L3,Remote-US,Full-Time,27,14,82951.76,17.6,3,2.96,93.9,0,19,56,9.1,0.2,0.058,0,0,,,0,0
EMP-10029,2026-05-01,Operations,Fundraising,L1,Remote-US,Full-Time,54,121,39712.35,15.2,2,3.78,80.9,0,7,26,3.5,0.8,0.089,1,0,,,0,0
EMP-12918,2026-05-01,People,HR,L1,Chicago-South,Full-Time,40,67,38425.13,1.5,5,3.63,74.6,2,60,29,17.1,0.2,0.029,0,1,2026-07-06,Voluntary,1,1
EMP-10843,2026-05-01,Research,HR,L1,Remote-US,Full-Time,37,53,57207.51,19.4,2,3.35,71.2,0,16,32,3.4,0.2,0.014,1,0,,,0,0
EMP-10028,2026-05-01,Operations,HR,L1,Chicago-Downtown,Part-Time,25,15,48524.47,12.4,1,3.81,83.3,0,4,61,4.7,0.0,0.072,0,0,,,0,0
EMP-12930,2026-05-01,Development,Operations,L2,Chicago-North,Full-Time,38,68,64662.63,2.6,2,3.73,59.5,1,36,20,6.1,0.0,-0.004,0,0,,,0,0
EMP-10837,2026-05-01,People,Program Delivery,L2,Chicago-South,Full-Time,36,57,40696.76,11.1,1,4.68,53.4,0,56,39,7.2,1.0,-0.028,0,0,,,0,0
EMP-11722,2026-05-01,Finance,Operations,L2,Chicago-Downtown,Full-Time,20,39,54665.68,15.5,5,4.28,61.2,0,12,49,7.3,0.6,0.03,0,0,,,0,0
EMP-10833,2026-05-01,Programs,Operations,L1,Chicago-Downtown,Full-Time,31,78,40298.36,9.4,0,2.66,49.6,0,80,15,8.2,1.0,0.091,1,0,,,0,0
EMP-10513,2026-05-01,Programs,HR,L2,Remote-US,Full-Time,44,70,58063.41,13.9,1,3.6,77.2,2,47,50,23.6,1.0,0.031,0,0,,,0,0
EMP-10825,2026-05-01,Programs,Operations,L2,Chicago-Downtown,Full-Time,45,19,60458.23,2.0,2,2.22,55.2,1,21,27,8.7,1.0,0.031,0,0,,,0,0
EMP-11693,2026-05-01,Programs,Program Delivery,L1,Chicago-Downtown,Full-Time,35,52,36372.21,0.8,4,3.16,79.6,0,20,59,3.5,1.0,-0.058,0,0,,,0,0
EMP-12956,2026-05-01,Operations,Finance,L1,Chicago-Downtown,Full-Time,35,77,47228.24,14.5,0,2.19,100.0,1,13,32,29.1,1.0,0.078,0,0,,,0,0
EMP-11687,2026-05-01,Programs,Program Delivery,L3,Chicago-North,Full-Time,34,25,93443.88,0.4,0,3.56,77.8,2,39,46,4.6,0.6,0.079,2,0,,,0,0
EMP-11684,2026-05-01,People,Fundraising,L3,Chicago-Downtown,Full-Time,30,54,84806.74,0.9,1,3.39,72.7,0,18,52,7.7,0.0,0.031,0,0,,,0,0
EMP-10468,2026-05-01,Development,Data,L2,Remote-US,Full-Time,53,8,63809.9,12.4,3,2.72,100.0,0,25,33,1.4,0.4,-0.008,1,0,,,0,0
EMP-12966,2026-05-01,Development,Fundraising,L2,Chicago-North,Full-Time,27,29,61399.76,7.4,2,2.16,83.3,0,120,20,10.6,0.4,0.024,1,0,,,0,0
EMP-10511,2026-05-01,Programs,HR,L2,Chicago-North,Full-Time,39,17,65798.61,12.3,5,1.87,71.9,1,54,24,7.4,0.2,0.016,0,0,,,0,0
EMP-11672,2026-05-01,Finance,Program Delivery,L3,Chicago-Downtown,Full-Time,26,10,100747.3,4.1,1,3.2,69.5,1,47,29,0.8,0.8,0.069,1,0,,,0,0
EMP-12979,2026-05-01,Research,HR,L1,Chicago-Downtown,Full-Time,20,37,55439.84,15.0,0,3.91,70.1,0,34,57,3.9,0.4,0.046,0,0,,,0,0
EMP-11606,2026-05-01,Research,Operations,L2,Chicago-Downtown,Part-Time,41,20,67165.7,6.5,2,4.01,69.1,0,29,0,30.2,0.6,0.002,1,0,,,0,0
EMP-10011,2026-05-01,Programs,Data,L2,Chicago-North,Full-Time,25,88,67321.29,1.4,6,3.14,74.1,1,29,43,8.6,0.4,0.104,0,0,,,0,0
EMP-11648,2026-05-01,Programs,Finance,L1,Chicago-South,Full-Time,30,51,50278.44,3.3,2,3.52,77.5,0,23,45,13.3,0.4,-0.015,0,0,,,0,0
EMP-10484,2026-05-01,People,HR,L2,Chicago-South,Full-Time,34,53,69134.27,7.1,4,3.9,65.4,1,74,65,4.5,1.0,0.042,0,1,2026-06-29,Involuntary,1,1
EMP-10786,2026-05-01,Operations,Fundraising,L2,Chicago-North,Full-Time,41,51,71543.41,8.7,3,3.18,57.1,2,20,35,29.9,0.8,0.044,0,1,2026-06-25,Involuntary,1,1
EMP-12993,2026-05-01,People,Fundraising,L3,Remote-US,Full-Time,32,70,88837.73,3.7,1,3.33,94.1,0,16,27,5.9,0.2,-0.015,0,0,,,0,0
EMP-11555,2026-05-01,Programs,Program Delivery,L2,Chicago-North,Full-Time,34,54,60220.89,4.7,1,4.06,87.9,1,106,28,5.5,0.2,0.042,1,1,2026-07-10,Involuntary,1,1
EMP-11754,2026-05-01,Operations,Data,L1,Chicago-North,Full-Time,44,91,46597.87,17.8,1,3.66,74.0,1,30,36,13.3,0.6,0.083,0,0,,,0,0
EMP-10849,2026-05-01,Programs,Program Delivery,L2,Chicago-North,Full-Time,42,32,57968.74,9.0,2,4.05,49.1,0,28,19,7.5,0.8,0.012,1,0,,,0,0
EMP-10440,2026-05-01,Programs,Operations,L2,Chicago-Downtown,Full-Time,34,80,65224.41,6.5,2,3.87,93.6,0,10,38,10.0,0.0,0.121,0,0,,,0,0
EMP-11907,2026-05-01,Finance,Operations,L2,Chicago-North,Full-Time,26,36,48658.95,16.7,3,4.02,73.7,0,69,31,11.9,0.0,0.001,2,0,,,0,0
EMP-10381,2026-05-01,Programs,Finance,L2,Chicago-South,Full-Time,33,30,70383.83,16.6,4,3.14,81.3,1,22,53,7.5,1.0,0.054,2,1,2026-07-23,Involuntary,0,1
EMP-11896,2026-05-01,People,Operations,L3,Remote-US,Full-Time,32,26,68391.88,4.1,4,3.16,65.1,0,40,46,21.7,0.4,0.051,0,0,,,0,0
EMP-11889,2026-05-01,People,HR,L2,Chicago-Downtown,Full-Time,29,46,66795.9,6.3,1,3.15,44.9,0,30,34,29.9,0.2,0.034,1,0,,,0,0
EMP-10761,2026-05-01,Programs,Finance,L2,Remote-US,Full-Time,27,35,63100.88,13.5,3,2.65,80.1,0,21,22,2.1,0.2,0.001,0,0,,,0,0
EMP-12851,2026-05-01,People,HR,L2,Remote-US,Full-Time,32,13,48657.76,5.1,2,2.66,54.1,0,53,79,14.3,0.8,0.033,0,1,2026-05-10,Involuntary,1,1
EMP-11494,2026-05-01,Finance,Operations,L1,Chicago-North,Full-Time,38,52,51301.03,27.5,3,3.56,66.8,0,39,35,21.7,1.0,0.081,2,0,,,0,0
EMP-10762,2026-05-01,Finance,HR,L2,Chicago-North,Full-Time,35,34,64230.4,8.0,2,3.47,46.8,0,30,45,9.0,1.0,0.022,0,0,,,0,0
EMP-11862,2026-05-01,Research,HR,L2,Chicago-South,Full-Time,47,33,67633.99,6.5,0,3.18,74.8,2,25,31,19.2,0.6,0.083,0,0,,,0,0
EMP-11859,2026-05-01,Programs,Fundraising,L3,Chicago-South,Full-Time,29,54,80092.81,4.0,0,2.78,66.3,0,74,49,11.6,0.2,0.025,0,0,,,0,0
EMP-10400,2026-05-01,Programs,Fundraising,L1,Remote-US,Full-Time,30,28,45671.43,6.2,3,4.7,100.0,1,15,30,14.0,1.0,0.063,0,0,,,0,0
EMP-10868,2026-05-01,Development,HR,L2,Chicago-Downtown,Full-Time,20,31,51910.84,19.3,2,2.88,47.7,0,61,61,12.3,0.0,0.003,0,0,,,0,0
EMP-11852,2026-05-01,Research,Data,L4,Remote-US,Full-Time,22,10,118570.09,20.6,1,2.19,74.2,0,55,63,12.4,1.0,0.046,1,0,,,0,0
EMP-11911,2026-05-01,Research,Fundraising,L2,Chicago-Downtown,Full-Time,34,37,49400.45,10.0,3,1.32,74.6,1,72,44,12.4,0.0,0.043,3,0,,,0,0
EMP-10935,2026-05-01,Programs,Program Delivery,L2,Remote-US,Full-Time,31,47,45792.45,4.5,3,3.38,55.5,2,42,26,12.4,0.8,0.043,0,0,,,0,0
EMP-11532,2026-05-01,Development,HR,L3,Remote-US,Full-Time,44,56,86652.42,9.7,1,2.48,52.2,1,96,33,14.7,0.0,-0.055,0,1,2026-05-25,Involuntary,1,1
EMP-10044,2026-05-01,Research,HR,L4,Remote-US,Full-Time,25,31,94434.07,3.5,2,3.06,55.9,0,31,36,2.4,0.4,0.05,0,0,,,0,0
EMP-12880,2026-05-01,Finance,Operations,L1,Chicago-North,Full-Time,23,116,44578.74,9.9,6,3.27,63.4,0,58,32,0.7,1.0,0.016,0,0,,,0,0
EMP-11536,2026-05-01,Operations,Program Delivery,L1,Chicago-Downtown,Full-Time,28,37,38623.19,8.9,2,4.12,92.1,1,17,70,11.5,0.0,0.025,0,0,,,0,0
EMP-12884,2026-05-01,People,Data,L4,Chicago-North,Full-Time,40,76,105812.4,2.4,4,1.46,66.1,1,47,46,37.1,0.6,0.015,0,0,,,0,0
EMP-11537,2026-05-01,Programs,HR,L1,Chicago-Downtown,Full-Time,24,22,48416.1,13.2,5,2.65,67.2,0,53,79,7.7,1.0,0.089,0,0,,,0,0
EMP-10859,2026-05-01,Programs,Operations,L2,Chicago-North,Part-Time,40,29,67241.65,34.9,1,2.63,65.6,1,42,28,5.2,0.0,0.089,1,1,2026-05-18,Involuntary,1,1
EMP-11806,2026-05-01,Programs,Program Delivery,L3,Chicago-Downtown,Full-Time,20,17,92775.09,3.9,2,3.12,62.3,1,10,57,8.3,0.0,0.115,1,0,,,0,0
EMP-10039,2026-05-01,Programs,Fundraising,L1,Chicago-Downtown,Full-Time,39,51,53545.21,0.7,3,2.97,78.8,0,34,26,20.6,0.2,0.074,0,0,,,0,0
EMP-11786,2026-05-01,Finance,Data,L2,Remote-US,Full-Time,29,42,71132.82,4.3,3,1.92,48.6,1,80,0,4.5,0.0,0.106,0,0,,,0,0
EMP-11769,2026-05-01,Programs,Finance,L3,Chicago-South,Full-Time,36,13,84329.15,7.8,2,4.08,45.5,1,42,45,17.7,0.0,0.004,0,0,,,0,0
EMP-10850,2026-05-01,Operations,Data,L2,Remote-US,Full-Time,50,39,57021.58,5.7,1,3.93,74.4,1,36,44,20.6,0.0,-0.04,0,0,,,0,0
EMP-11759,2026-05-01,Operations,Operations,L4,Chicago-North,Full-Time,37,7,100602.96,5.2,1,4.33,66.6,2,12,40,14.6,0.8,-0.001,0,0,,,0,0
EMP-11824,2026-05-01,Development,Program Delivery,L2,Chicago-South,Full-Time,51,57,63494.2,7.0,1,3.34,94.4,1,50,67,35.2,0.0,0.057,0,0,,,0,0
EMP-10587,2026-05-01,Programs,Finance,L1,Chicago-South,Full-Time,37,27,53069.29,11.7,3,3.85,73.3,0,48,13,30.1,1.0,0.122,1,0,,,0,0
EMP-10583,2026-05-01,Finance,Fundraising,L1,Chicago-North,Full-Time,36,56,59475.68,10.5,3,2.96,55.4,3,49,32,5.2,1.0,0.018,0,0,,,0,0
EMP-12755,2026-05-01,Finance,HR,L2,Chicago-North,Full-Time,34,86,57766.01,8.3,5,2.79,72.2,0,86,2,8.0,1.0,0.031,0,0,,,0,0
EMP-11243,2026-05-01,People,Operations,L1,Chicago-South,Full-Time,43,18,40568.77,5.0,0,1.91,36.0,0,14,50,31.9,0.0,0.046,0,0,,,0,0
EMP-12443,2026-05-01,Research,Finance,L4,Chicago-South,Full-Time,52,20,97348.26,0.1,2,2.99,75.8,0,37,13,10.4,0.0,0.039,0,0,,,0,0
EMP-12280,2026-05-01,Programs,Finance,L2,Chicago-Downtown,Full-Time,53,18,51828.76,6.7,3,3.35,98.5,0,24,6,9.4,1.0,0.044,1,0,,,0,0
EMP-10983,2026-05-01,Research,HR,L2,Remote-US,Full-Time,55,39,56644.76,5.0,3,4.72,61.1,0,26,14,10.5,0.2,-0.023,0,0,,,0,0
EMP-12598,2026-05-01,Development,Program Delivery,L2,Chicago-North,Full-Time,33,108,67754.9,16.5,1,3.3,50.9,1,46,31,5.8,1.0,0.054,0,0,,,0,0
EMP-12686,2026-05-01,Programs,Finance,L2,Remote-US,Full-Time,26,104,53168.51,3.8,4,3.16,68.0,0,30,61,6.9,1.0,0.014,0,0,,,0,0
EMP-12256,2026-05-01,Programs,HR,L3,Remote-US,Full-Time,36,57,81850.18,3.3,3,2.99,73.9,1,35,52,20.4,0.6,0.071,0,0,,,0,0
EMP-12245,2026-05-01,Development,HR,L1,Remote-US,Full-Time,41,23,53756.01,15.2,1,2.53,78.6,0,20,43,24.9,0.2,0.033,0,0,,,0,0
EMP-12459,2026-05-01,Finance,Operations,L3,Chicago-Downtown,Full-Time,30,96,85506.38,9.3,1,3.94,70.2,1,54,22,1.1,1.0,0.015,1,0,,,0,0
EMP-12693,2026-05-01,Research,Fundraising,L2,Chicago-Downtown,Full-Time,43,36,71416.67,16.5,0,2.33,56.3,0,22,0,33.6,0.6,0.014,1,0,,,0,0
EMP-12463,2026-05-01,Programs,HR,L2,Chicago-North,Full-Time,42,25,80775.37,6.6,3,3.8,71.2,0,8,59,5.8,0.4,0.069,0,1,2026-05-25,Voluntary,1,1
EMP-12589,2026-05-01,Research,Finance,L3,Chicago-North,Full-Time,40,42,87881.04,3.9,2,2.04,71.0,0,7,44,2.5,1.0,0.038,2,0,,,0,0
EMP-10711,2026-05-01,Development,Data,L3,Chicago-North,Full-Time,25,34,74586.8,12.8,2,3.78,82.8,0,13,39,2.6,0.0,-0.026,0,0,,,0,0
EMP-12474,2026-05-01,Research,Data,L4,Chicago-South,Full-Time,26,27,97267.83,7.5,2,2.94,63.2,1,58,18,9.7,0.4,0.07,0,0,,,0,0
EMP-12475,2026-05-01,Research,Operations,L2,Chicago-South,Full-Time,35,38,57828.69,5.1,1,3.89,81.9,1,49,24,2.9,0.0,0.009,0,0,,,0,0
EMP-12225,2026-05-01,Operations,Fundraising,L2,Chicago-South,Full-Time,21,38,62985.44,17.1,0,3.44,76.5,1,72,7,18.4,0.8,0.09,1,0,,,0,0
EMP-10153,2026-05-01,Research,Program Delivery,L1,Chicago-Downtown,Full-Time,42,2,61218.87,8.5,0,2.88,79.7,1,68,23,6.2,0.0,-0.005,0,0,,,0,0
EMP-10675,2026-05-01,Development,Operations,L3,Chicago-Downtown,Full-Time,32,25,77159.25,5.6,3,3.48,83.9,1,29,40,11.7,1.0,0.045,1,1,2026-05-13,Involuntary,0,1
EMP-10279,2026-05-01,Finance,Finance,L2,Chicago-Downtown,Full-Time,20,53,67279.52,5.4,1,3.69,96.1,1,9,46,16.3,0.4,-0.017,0,0,,,0,0
EMP-12191,2026-05-01,People,Fundraising,L1,Chicago-Downtown,Full-Time,31,43,57844.6,6.5,3,5.0,63.3,1,56,32,4.1,0.4,0.044,0,0,,,0,0
EMP-10182,2026-05-01,Finance,Data,L2,Chicago-South,Full-Time,31,49,60494.7,11.5,3,3.66,51.5,1,18,50,27.1,1.0,-0.048,1,0,,,0,0
EMP-10627,2026-05-01,Finance,Operations,L3,Chicago-South,Full-Time,35,140,69453.92,1.4,3,3.85,72.6,0,22,7,14.6,1.0,0.034,0,0,,,0,0
EMP-12427,2026-05-01,Programs,Data,L4,Chicago-South,Full-Time,37,55,100632.02,5.8,0,2.9,81.2,1,24,52,47.0,0.2,0.04,0,0,,,0,0
EMP-11156,2026-05-01,Development,Finance,L1,Remote-US,Full-Time,30,36,56644.35,8.7,2,3.55,80.0,0,40,29,6.5,0.4,0.02,0,1,2026-06-27,Involuntary,1,1
EMP-12294,2026-05-01,Finance,Fundraising,L2,Chicago-North,Full-Time,41,34,54446.1,16.3,2,2.86,64.7,0,26,29,22.4,0.2,0.096,1,0,,,0,0
EMP-12629,2026-05-01,Programs,Finance,L1,Chicago-Downtown,Full-Time,47,21,37825.4,4.5,1,2.39,82.0,0,51,7,15.2,0.2,-0.028,0,0,,,0,0
EMP-12375,2026-05-01,Research,Program Delivery,L4,Remote-US,Full-Time,36,5,86959.56,14.2,1,2.44,70.4,1,29,52,7.4,1.0,-0.013,0,0,,,0,0
EMP-12372,2026-05-01,People,Operations,L3,Remote-US,Full-Time,37,39,78337.46,11.3,2,4.15,51.4,0,18,0,9.0,1.0,0.077,0,0,,,0,0
EMP-10651,2026-05-01,Programs,Program Delivery,L2,Chicago-South,Full-Time,44,44,80568.59,26.9,3,4.15,75.7,1,27,62,5.9,0.8,0.049,2,0,,,0,0
EMP-12364,2026-05-01,Operations,Data,L3,Remote-US,Full-Time,44,14,86389.8,7.4,2,3.91,86.6,1,14,63,13.5,1.0,0.062,0,0,,,0,0
EMP-11011,2026-05-01,Programs,HR,L1,Chicago-Downtown,Full-Time,31,34,39783.21,15.1,1,2.79,44.2,0,61,44,0.8,1.0,-0.008,0,0,,,0,0
EMP-12393,2026-05-01,Programs,Program Delivery,L2,Chicago-Downtown,Full-Time,26,39,66420.16,12.6,5,3.77,68.0,1,55,35,4.1,0.6,-0.009,0,0,,,0,0
EMP-11170,2026-05-01,Development,Finance,L3,Chicago-North,Full-Time,46,63,75879.91,4.4,0,3.82,79.0,1,16,41,4.0,1.0,0.09,0,0,,,0,0
EMP-12756,2026-05-01,People,Program Delivery,L1,Chicago-Downtown,Full-Time,45,37,68334.79,4.5,4,2.92,60.6,1,7,44,0.8,0.4,0.108,1,0,,,0,0
EMP-10645,2026-05-01,People,Data,L3,Chicago-North,Part-Time,20,18,78729.79,2.4,1,3.34,82.2,0,77,76,24.9,1.0,0.043,1,0,,,0,0
EMP-12187,2026-05-01,Finance,Data,L1,Remote-US,Full-Time,28,5,69204.19,5.1,1,3.26,83.0,0,37,52,14.9,0.6,0.021,1,0,,,0,0
EMP-12346,2026-05-01,People,Operations,L1,Remote-US,Full-Time,26,100,65655.49,7.8,2,3.09,72.1,2,69,52,19.1,0.0,0.0,0,0,,,0,0
EMP-12403,2026-05-01,Programs,Finance,L2,Chicago-Downtown,Full-Time,28,64,44951.42,0.7,3,3.21,89.8,0,60,8,1.4,1.0,0.036,0,0,,,0,0
EMP-12334,2026-05-01,Programs,Finance,L4,Chicago-South,Full-Time,28,32,90694.65,12.4,2,3.63,56.3,1,22,0,20.7,0.6,-0.002,1,0,,,0,0
EMP-10125,2026-05-01,Programs,Operations,L1,Chicago-South,Full-Time,37,39,49939.57,3.7,2,3.5,73.7,0,9,26,11.6,1.0,0.024,2,0,,,0,0
EMP-12329,2026-05-01,People,Operations,L2,Chicago-Downtown,Full-Time,49,29,58924.05,20.6,2,2.64,82.1,1,39,28,2.5,0.4,0.02,0,0,,,0,0
EMP-12314,2026-05-01,Operations,HR,L1,Chicago-Downtown,Full-Time,40,31,53808.11,8.6,4,3.68,55.2,0,88,51,23.5,0.6,0.001,1,0,,,0,0
EMP-10239,2026-05-01,Research,Fundraising,L4,Remote-US,Full-Time,48,36,107141.87,8.1,3,3.93,56.1,1,72,19,13.5,0.0,0.049,0,0,,,0,0
EMP-10709,2026-05-01,Finance,Data,L1,Remote-US,Full-Time,32,61,59257.28,16.5,5,2.52,92.9,1,41,28,29.6,0.2,0.042,1,0,,,0,0
EMP-12408,2026-05-01,Programs,Program Delivery,L1,Chicago-North,Full-Time,38,55,40257.06,6.7,2,1.96,60.7,0,63,58,18.7,0.2,-0.002,0,0,,,0,0
EMP-12302,2026-05-01,Research,HR,L3,Remote-US,Full-Time,34,21,90678.82,2.2,0,2.75,68.3,0,73,26,15.0,0.2,-0.001,0,0,,,0,0
EMP-12300,2026-05-01,People,HR,L1,Chicago-South,Full-Time,51,31,53457.36,17.2,1,3.0,46.7,2,26,49,1.1,0.0,0.051,0,0,,,0,0
EMP-12345,2026-05-01,Development,Fundraising,L1,Remote-US,Part-Time,39,89,43299.78,4.5,1,2.48,47.0,0,35,20,7.1,0.4,0.085,0,0,,,0,0
EMP-10284,2026-05-01,Programs,Operations,L1,Chicago-South,Full-Time,32,42,40897.52,15.6,3,2.85,85.0,0,39,58,7.0,0.6,0.164,0,1,2026-07-22,Voluntary,1,1
EMP-10674,2026-05-01,Programs,Data,L3,Chicago-Downtown,Full-Time,22,51,77216.25,9.9,2,2.97,81.7,0,2,3,8.8,0.0,0.055,1,0,,,0,0
EMP-12169,2026-05-01,Research,HR,L2,Chicago-Downtown,Full-Time,20,58,53424.3,19.8,6,2.05,60.0,2,61,58,6.7,0.0,0.062,1,0,,,0,0
EMP-10168,2026-05-01,Programs,Operations,L1,Remote-US,Part-Time,42,17,53449.73,6.8,3,3.83,69.8,1,15,35,12.4,0.2,0.026,0,1,2026-07-17,Voluntary,1,1
EMP-12113,2026-05-01,Research,Data,L2,Chicago-Downtown,Full-Time,32,42,53964.13,3.4,0,4.13,47.1,0,34,40,2.9,1.0,0.002,0,0,,,0,0
EMP-10091,2026-05-01,People,Operations,L1,Remote-US,Part-Time,41,18,55374.09,39.0,4,3.65,60.4,0,36,25,1.7,0.0,-0.018,0,1,2026-07-22,Involuntary,1,1
EMP-10694,2026-05-01,Programs,Operations,L3,Chicago-Downtown,Full-Time,23,117,88767.56,7.5,5,4.17,83.3,0,36,3,41.1,0.6,0.068,0,0,,,0,0
EMP-12161,2026-05-01,Programs,Program Delivery,L2,Chicago-South,Part-Time,47,11,47505.2,11.6,4,3.27,77.2,0,46,81,25.1,0.2,0.094,0,0,,,0,0
EMP-11073,2026-05-01,Operations,Data,L1,Chicago-Downtown,Full-Time,30,140,48362.23,9.6,2,3.35,83.3,1,26,0,4.8,0.2,-0.011,0,0,,,0,0
EMP-12166,2026-05-01,People,Program Delivery,L2,Chicago-South,Full-Time,35,53,77022.77,3.4,3,4.28,73.9,1,25,51,21.5,0.6,0.068,0,0,,,0,0
EMP-12535,2026-05-01,Research,Fundraising,L1,Remote-US,Full-Time,48,36,32000.0,3.6,4,3.19,35.5,1,10,29,8.8,0.6,0.009,0,0,,,0,0
EMP-10170,2026-05-01,Research,HR,L1,Chicago-Downtown,Full-Time,38,34,49062.93,0.1,0,3.59,70.6,2,42,58,15.3,0.0,0.016,1,0,,,0,0
EMP-11066,2026-05-01,Programs,Data,L2,Remote-US,Full-Time,35,99,62550.74,1.4,1,2.27,65.8,0,37,18,14.5,1.0,-0.057,0,1,2026-07-08,Voluntary,1,1
EMP-10688,2026-05-01,Operations,Program Delivery,L2,Chicago-South,Full-Time,22,148,56768.22,24.7,4,3.76,52.8,0,70,36,6.6,1.0,0.045,0,1,2026-06-03,Involuntary,1,1
EMP-10302,2026-05-01,Operations,HR,L2,Chicago-South,Full-Time,39,63,61407.51,4.4,3,3.32,69.2,1,13,81,24.4,0.2,-0.019,0,0,,,0,0
EMP-11093,2026-05-01,Programs,Finance,L3,Chicago-South,Full-Time,35,47,71746.21,8.9,2,2.09,75.8,0,27,50,36.1,0.0,0.047,1,0,,,0,0
EMP-11316,2026-05-01,Finance,Operations,L1,Remote-US,Full-Time,25,102,34765.68,12.6,1,2.67,86.5,1,34,24,8.2,0.0,0.04,1,0,,,0,0
EMP-10286,2026-05-01,Development,HR,L2,Chicago-Downtown,Part-Time,27,26,76302.29,4.6,2,3.23,52.5,1,49,31,33.3,0.0,0.061,0,0,,,0,0
EMP-11056,2026-05-01,Operations,Operations,L1,Chicago-Downtown,Full-Time,40,46,44646.7,17.2,3,3.0,52.7,1,77,68,24.3,1.0,0.005,0,0,,,0,0
EMP-11107,2026-05-01,Programs,Program Delivery,L3,Chicago-South,Full-Time,26,46,90873.58,6.5,2,3.78,60.5,1,29,7,7.2,0.2,-0.056,1,0,,,0,0
EMP-11321,2026-05-01,Programs,Operations,L1,Chicago-Downtown,Full-Time,32,41,56060.8,0.5,1,3.32,60.4,1,16,19,19.1,0.6,0.025,0,0,,,0,0
EMP-12517,2026-05-01,Programs,Data,L2,Chicago-North,Full-Time,37,25,66692.08,4.6,3,3.23,76.4,1,33,32,7.5,0.2,0.062,0,0,,,0,0
EMP-12179,2026-05-01,Research,Program Delivery,L3,Remote-US,Full-Time,37,60,75805.3,12.7,1,2.94,68.1,0,52,49,12.8,1.0,-0.045,0,0,,,0,0
EMP-10939,2026-05-01,Research,Fundraising,L2,Chicago-Downtown,Full-Time,36,70,81591.68,8.0,3,2.75,87.5,0,35,55,45.4,0.2,0.069,0,0,,,0,0
EMP-10783,2026-06-01,Finance,Operations,L1,Chicago-Downtown,Full-Time,38,8,44711.46,16.2,3,2.43,62.8,0,83,60,1.7,1.0,0.132,0,0,,,0,0
EMP-12526,2026-06-01,Operations,Operations,L4,Chicago-South,Full-Time,37,11,104808.97,11.5,3,2.99,73.5,0,72,62,17.7,0.8,0.039,0,0,,,0,0
EMP-10666,2026-06-01,Finance,HR,L1,Chicago-South,Full-Time,38,50,49346.97,14.2,0,3.54,62.3,1,26,34,25.6,0.6,0.041,0,0,,,0,0
EMP-10010,2026-06-01,Operations,Fundraising,L1,Chicago-Downtown,Full-Time,39,118,45792.5,14.4,1,2.41,68.7,0,40,47,23.4,0.2,0.037,2,0,,,0,0
EMP-10522,2026-06-01,Finance,Data,L1,Chicago-Downtown,Full-Time,45,17,56609.83,8.4,2,4.52,92.3,0,25,47,2.0,0.8,0.013,0,0,,,0,0
EMP-10693,2026-06-01,Research,Fundraising,L3,Remote-US,Full-Time,40,88,81235.42,7.3,3,2.5,77.7,1,69,22,17.9,1.0,0.054,0,0,,,0,0
EMP-10692,2026-06-01,Operations,Data,L1,Chicago-Downtown,Full-Time,46,33,37863.02,8.8,2,2.61,88.7,0,90,77,25.8,0.8,0.007,1,0,,,0,0
EMP-11163,2026-06-01,Operations,Program Delivery,L2,Chicago-Downtown,Full-Time,38,26,78460.61,8.0,0,2.95,58.0,0,10,32,7.9,0.0,0.03,0,0,,,0,0
EMP-11683,2026-06-01,Development,Operations,L2,Remote-US,Full-Time,48,50,52018.12,5.1,1,3.77,72.4,1,14,33,10.1,0.4,0.118,1,0,,,0,0
EMP-11749,2026-06-01,Operations,Operations,L2,Chicago-South,Full-Time,41,106,67310.39,16.4,3,4.23,82.0,1,25,62,21.1,0.0,0.078,0,0,,,0,0
EMP-10806,2026-06-01,Programs,Fundraising,L2,Chicago-North,Full-Time,48,51,59004.94,6.5,1,4.03,69.0,1,37,56,11.8,0.0,0.069,0,0,,,0,0
EMP-10437,2026-06-01,Finance,HR,L1,Chicago-South,Full-Time,41,48,50949.15,1.4,2,2.19,67.6,0,11,63,11.4,1.0,0.034,0,0,,,0,0
EMP-10710,2026-06-01,Development,Fundraising,L3,Remote-US,Full-Time,36,37,85352.53,31.4,3,3.45,78.7,1,33,0,6.3,0.2,-0.005,0,0,,,0,0
EMP-10792,2026-06-01,Operations,Fundraising,L3,Chicago-Downtown,Full-Time,44,13,83869.95,2.9,2,4.49,65.3,2,26,21,11.9,1.0,0.03,0,0,,,0,0
EMP-12388,2026-06-01,Research,Program Delivery,L1,Remote-US,Full-Time,39,19,32000.0,4.9,1,3.05,73.6,0,28,16,6.6,1.0,0.047,0,0,,,0,0
EMP-11761,2026-06-01,Operations,Operations,L3,Chicago-North,Full-Time,41,12,91713.41,5.2,1,3.58,68.5,1,14,61,2.9,1.0,0.045,0,0,,,0,0
EMP-10165,2026-06-01,Operations,Finance,L1,Chicago-South,Full-Time,35,8,51401.66,27.7,0,3.83,52.4,0,43,37,4.7,0.0,0.052,0,0,,,0,0
EMP-12391,2026-06-01,Programs,Data,L2,Chicago-North,Full-Time,45,23,58223.2,26.4,0,3.12,63.8,0,76,30,21.6,1.0,0.0,0,0,,,0,0
EMP-11638,2026-06-01,Operations,Fundraising,L2,Chicago-North,Full-Time,22,41,57992.91,15.9,2,2.94,89.7,0,47,52,41.3,1.0,0.018,0,0,,,0,0
EMP-12538,2026-06-01,Operations,Data,L1,Remote-US,Part-Time,39,50,45481.5,17.6,1,3.42,79.2,2,32,15,36.7,0.0,0.082,0,0,,,0,0
EMP-12994,2026-06-01,Development,Program Delivery,L2,Remote-US,Full-Time,44,168,59867.18,3.9,1,4.16,72.5,0,40,3,4.0,1.0,0.052,0,0,,,0,0
EMP-12908,2026-06-01,Programs,Finance,L1,Chicago-North,Full-Time,39,95,61821.36,5.0,3,2.33,89.8,0,7,16,18.4,0.0,0.007,1,0,,,0,0
EMP-12619,2026-06-01,Finance,Fundraising,L1,Chicago-North,Full-Time,33,8,58309.1,8.1,1,3.12,51.1,0,43,28,15.0,0.6,0.024,0,0,,,0,0
EMP-10213,2026-06-01,Research,Fundraising,L3,Chicago-Downtown,Full-Time,31,80,83370.7,14.6,1,3.43,48.1,1,11,38,29.0,0.2,-0.039,0,0,,,0,0
EMP-11750,2026-06-01,Operations,Fundraising,L3,Chicago-South,Full-Time,55,74,89189.39,8.0,2,3.57,78.6,1,45,28,9.5,0.0,0.079,0,0,,,0,0
EMP-11655,2026-06-01,Programs,Program Delivery,L3,Chicago-North,Full-Time,27,23,75289.88,3.8,0,3.38,60.0,2,82,42,6.0,0.8,-0.019,1,1,2026-08-01,Voluntary,1,1
EMP-10801,2026-06-01,Research,Fundraising,L2,Chicago-North,Full-Time,48,92,63345.24,8.7,3,2.83,72.5,1,43,64,19.1,1.0,0.056,0,1,2026-08-27,Voluntary,1,1
EMP-11077,2026-06-01,People,Finance,L2,Chicago-Downtown,Full-Time,39,48,62058.91,9.4,4,2.87,56.6,0,19,20,6.5,1.0,0.064,0,0,,,0,0
EMP-11739,2026-06-01,Research,Fundraising,L2,Chicago-Downtown,Full-Time,39,45,62298.88,29.1,2,3.58,73.8,1,82,58,34.4,0.8,0.072,0,0,,,0,0
EMP-11145,2026-06-01,Programs,Operations,L3,Chicago-South,Full-Time,49,104,67440.11,7.4,2,4.01,93.0,0,69,57,13.0,0.2,0.064,0,0,,,0,0
EMP-12923,2026-06-01,Programs,Finance,L2,Remote-US,Full-Time,20,25,65379.04,15.3,1,2.63,70.2,0,37,69,5.4,0.0,0.136,0,0,,,0,0
EMP-10456,2026-06-01,Programs,Program Delivery,L2,Remote-US,Full-Time,20,23,63546.11,10.9,6,3.04,74.0,2,21,38,11.3,0.2,0.083,0,0,,,0,0
EMP-12461,2026-06-01,Finance,Program Delivery,L3,Chicago-Downtown,Full-Time,36,69,87106.96,10.2,0,4.06,89.1,0,97,83,7.1,0.2,-0.032,0,0,,,0,0
EMP-11101,2026-06-01,Programs,Program Delivery,L2,Chicago-Downtown,Part-Time,54,55,54717.23,5.4,2,4.42,100.0,0,20,63,16.1,0.2,-0.005,0,0,,,0,0
EMP-10817,2026-06-01,People,Operations,L2,Chicago-North,Full-Time,29,47,65289.29,17.3,1,2.57,75.0,1,27,45,3.7,0.0,0.024,0,0,,,0,0
EMP-10457,2026-06-01,Operations,Program Delivery,L1,Remote-US,Full-Time,53,49,54239.45,10.5,4,3.05,90.1,0,11,9,1.5,0.0,0.054,0,0,,,0,0
EMP-12500,2026-06-01,Research,Operations,L1,Remote-US,Full-Time,34,17,38500.37,20.3,1,3.17,63.5,1,8,53,5.4,0.6,0.016,2,1,2026-08-29,Involuntary,1,1
EMP-10774,2026-06-01,Development,Fundraising,L1,Chicago-Downtown,Full-Time,35,74,43549.92,12.7,2,3.21,83.7,0,23,2,17.8,0.6,0.04,0,0,,,0,0
EMP-10455,2026-06-01,Finance,Finance,L4,Chicago-North,Full-Time,27,79,105947.11,20.3,2,2.92,59.1,1,29,39,35.3,0.4,0.006,1,0,,,0,0
EMP-11118,2026-06-01,Programs,HR,L2,Chicago-Downtown,Full-Time,24,40,60201.89,9.3,1,3.85,44.1,0,16,22,15.7,1.0,0.055,1,0,,,0,0
EMP-12965,2026-06-01,Research,Operations,L2,Chicago-North,Full-Time,37,34,66886.78,13.7,1,2.93,84.5,1,31,12,57.9,0.2,0.108,1,0,,,0,0
EMP-12479,2026-06-01,Programs,Finance,L1,Chicago-South,Part-Time,24,97,58629.93,3.9,3,3.35,100.0,0,33,45,10.9,0.0,0.073,0,0,,,0,0
EMP-11580,2026-06-01,Programs,Fundraising,L1,Chicago-Downtown,Full-Time,25,5,47576.82,12.3,5,3.47,54.3,0,65,6,4.6,1.0,0.026,0,0,,,0,0
EMP-12581,2026-06-01,Research,Fundraising,L2,Remote-US,Full-Time,28,9,62720.26,20.2,3,2.52,73.8,0,39,13,8.4,0.8,0.014,0,0,,,0,0
EMP-10018,2026-06-01,People,Finance,L1,Chicago-North,Full-Time,45,18,44336.3,6.6,3,3.3,100.0,0,80,49,11.2,1.0,0.052,1,0,,,0,0
EMP-12958,2026-06-01,Operations,Finance,L2,Chicago-South,Full-Time,45,34,63153.97,7.8,2,3.3,85.9,3,39,52,18.3,1.0,0.049,0,0,,,0,0
EMP-10820,2026-06-01,Programs,Fundraising,L1,Chicago-Downtown,Full-Time,26,58,38840.51,8.3,3,3.6,56.9,0,46,27,16.0,0.6,-0.009,0,0,,,0,0
EMP-10462,2026-06-01,People,HR,L2,Remote-US,Full-Time,27,31,65663.02,40.4,3,3.74,65.5,0,35,43,10.1,0.2,0.069,0,0,,,0,0
EMP-11096,2026-06-01,Development,Program Delivery,L3,Chicago-North,Full-Time,26,75,101587.02,12.3,2,3.72,84.0,0,3,26,31.7,0.4,0.012,0,0,,,0,0
EMP-11716,2026-06-01,Programs,Finance,L4,Remote-US,Part-Time,48,23,101130.77,21.8,2,3.53,66.6,0,32,12,1.4,0.8,0.026,1,0,,,0,0
EMP-11725,2026-06-01,Programs,Program Delivery,L1,Remote-US,Full-Time,33,74,56261.93,0.2,2,3.03,76.8,0,26,21,16.9,0.0,0.04,2,0,,,0,0
EMP-10447,2026-06-01,Development,Data,L1,Chicago-Downtown,Full-Time,35,35,56903.67,9.3,3,3.48,30.4,2,24,49,4.1,0.6,-0.002,0,1,2026-07-31,Voluntary,0,1
EMP-10474,2026-06-01,Development,Data,L2,Chicago-South,Full-Time,36,170,48535.19,2.1,3,2.79,78.6,0,45,29,2.8,0.8,0.094,0,0,,,0,0
EMP-12925,2026-06-01,Research,HR,L2,Chicago-Downtown,Full-Time,49,27,55964.18,9.8,3,3.3,37.4,0,9,30,13.6,0.2,0.013,0,0,,,0,0
EMP-11111,2026-06-01,Operations,Data,L1,Chicago-North,Full-Time,28,17,35882.71,4.5,3,2.2,71.8,0,12,54,11.1,0.2,-0.015,2,0,,,0,0
EMP-10196,2026-06-01,Programs,Data,L3,Chicago-Downtown,Full-Time,40,59,81055.21,1.9,2,4.02,63.3,0,21,40,7.9,0.8,-0.026,0,0,,,0,0
EMP-10013,2026-06-01,Research,Fundraising,L1,Chicago-South,Full-Time,38,86,32000.0,10.5,4,2.27,92.7,1,22,59,13.9,0.2,0.0,0,0,,,0,0
EMP-10518,2026-06-01,Finance,Finance,L2,Chicago-South,Part-Time,38,92,47052.09,5.9,1,4.84,54.4,0,15,28,18.4,0.4,-0.005,0,0,,,0,0
EMP-10014,2026-06-01,Research,Program Delivery,L2,Chicago-North,Full-Time,29,20,70599.47,8.4,2,4.81,69.1,0,87,40,28.0,0.2,-0.029,0,0,,,0,0
EMP-11669,2026-06-01,Operations,Program Delivery,L3,Chicago-Downtown,Full-Time,38,92,72429.24,14.3,2,2.26,65.3,0,47,10,7.2,0.0,0.005,1,0,,,0,0
EMP-12447,2026-06-01,Research,Data,L1,Remote-US,Full-Time,24,78,44035.72,3.6,1,2.28,85.4,0,85,67,9.7,1.0,0.108,0,0,,,0,0
EMP-12933,2026-06-01,Programs,Operations,L3,Chicago-South,Part-Time,48,26,84308.86,12.5,5,3.74,83.6,0,27,27,13.2,0.4,0.025,1,0,,,0,0
EMP-11047,2026-06-01,Programs,Fundraising,L3,Chicago-Downtown,Full-Time,40,24,81869.41,4.2,0,2.33,53.5,0,18,56,9.2,0.2,0.118,0,0,,,0,0
EMP-10671,2026-06-01,Operations,Finance,L2,Chicago-Downtown,Full-Time,41,66,71085.51,14.5,3,2.7,71.6,0,78,36,25.8,0.8,0.04,1,0,,,0,0
EMP-11064,2026-06-01,Development,Finance,L1,Chicago-Downtown,Full-Time,47,69,39817.6,5.6,3,3.27,69.8,0,68,35,3.8,1.0,0.021,0,0,,,0,0
EMP-11674,2026-06-01,Finance,Operations,L1,Chicago-Downtown,Part-Time,34,40,57219.88,10.8,1,2.97,77.2,1,19,54,15.7,1.0,0.066,0,0,,,0,0
EMP-10835,2026-06-01,Operations,Operations,L3,Chicago-North,Full-Time,29,23,92823.35,9.0,3,2.42,68.8,0,36,55,17.2,0.0,0.124,2,0,,,0,0
EMP-11731,2026-06-01,Operations,Fundraising,L4,Chicago-Downtown,Part-Time,25,75,97684.88,4.1,3,3.14,96.9,0,59,71,3.8,0.0,0.124,0,0,,,0,0
EMP-11771,2026-06-01,Research,Data,L1,Chicago-Downtown,Full-Time,39,56,51586.68,20.6,4,2.89,61.1,1,109,31,8.3,0.4,0.003,0,0,,,0,0
EMP-11816,2026-06-01,Finance,Program Delivery,L3,Chicago-South,Full-Time,46,53,76157.28,4.0,3,3.48,80.9,0,24,43,16.2,1.0,0.021,0,0,,,0,0
EMP-12898,2026-06-01,People,Data,L1,Chicago-Downtown,Full-Time,32,46,53503.36,1.3,1,3.07,60.6,1,71,37,6.4,1.0,0.029,0,0,,,0,0
EMP-10573,2026-06-01,Operations,Operations,L1,Remote-US,Full-Time,27,13,63181.39,7.6,4,2.42,63.3,0,75,0,3.8,0.2,-0.015,0,0,,,0,0
EMP-11304,2026-06-01,Programs,Data,L2,Remote-US,Full-Time,26,59,60228.24,44.7,3,4.27,64.8,0,36,10,3.9,0.0,0.08,1,0,,,0,0
EMP-10347,2026-06-01,Operations,Fundraising,L1,Chicago-North,Full-Time,37,73,41908.73,7.3,1,3.87,79.6,0,37,52,14.2,1.0,0.032,0,0,,,0,0
EMP-10295,2026-06-01,Operations,Data,L1,Chicago-North,Full-Time,42,35,34125.05,29.8,1,3.18,80.8,0,87,47,9.4,0.0,0.03,1,0,,,0,0
EMP-10961,2026-06-01,Operations,Fundraising,L1,Remote-US,Full-Time,20,34,48707.71,6.8,2,4.83,72.5,0,35,59,24.8,1.0,0.055,0,0,,,0,0
EMP-12796,2026-06-01,Programs,Data,L2,Chicago-Downtown,Full-Time,48,16,74510.39,4.5,1,2.9,87.0,0,58,23,21.8,1.0,0.056,0,0,,,0,0
EMP-12168,2026-06-01,Programs,Program Delivery,L4,Chicago-Downtown,Full-Time,26,103,105207.34,5.6,3,2.86,87.2,0,7,72,8.6,1.0,0.036,0,0,,,0,0
EMP-12800,2026-06-01,Operations,Program Delivery,L2,Chicago-South,Full-Time,43,8,61529.78,0.2,1,3.52,87.1,0,24,60,13.8,0.2,0.036,0,0,,,0,0
EMP-10353,2026-06-01,Finance,Fundraising,L1,Chicago-Downtown,Part-Time,41,160,41113.09,4.9,2,3.97,48.9,1,50,92,7.9,1.0,0.008,0,0,,,0,0
EMP-11981,2026-06-01,Finance,Finance,L1,Chicago-Downtown,Full-Time,30,16,51862.2,1.0,1,3.55,95.8,1,39,35,4.3,0.6,0.047,0,0,,,0,0
EMP-11977,2026-06-01,Programs,Fundraising,L2,Chicago-Downtown,Full-Time,33,65,48385.94,14.8,1,3.96,46.6,0,20,10,7.4,0.0,0.024,0,0,,,0,0
EMP-11434,2026-06-01,Programs,Data,L2,Chicago-North,Full-Time,46,11,46944.45,10.9,4,3.6,41.0,0,15,24,12.8,1.0,0.04,0,0,,,0,0
EMP-11973,2026-06-01,Programs,Operations,L2,Remote-US,Full-Time,32,44,55963.41,15.4,0,3.27,82.6,1,37,72,27.3,0.4,-0.008,1,0,,,0,0
EMP-11448,2026-06-01,Research,HR,L4,Chicago-North,Full-Time,32,32,110819.19,8.6,3,3.2,61.6,0,46,46,13.1,0.4,-0.017,0,0,,,0,0
EMP-11449,2026-06-01,Operations,Operations,L2,Chicago-South,Full-Time,20,73,52722.81,6.2,2,2.94,66.5,1,9,67,16.8,0.2,-0.001,1,1,2026-07-31,Voluntary,1,1
EMP-10103,2026-06-01,Programs,Finance,L2,Chicago-Downtown,Full-Time,40,17,57050.38,12.0,0,3.36,72.2,0,22,67,10.7,0.8,0.079,1,0,,,0,0
EMP-12705,2026-06-01,Programs,Operations,L1,Chicago-Downtown,Full-Time,43,7,50157.13,5.8,4,2.89,73.9,0,34,16,22.0,0.8,-0.047,0,0,,,0,0
EMP-11455,2026-06-01,Finance,Finance,L1,Chicago-South,Part-Time,36,25,51890.95,23.4,2,3.27,79.8,0,51,7,22.2,1.0,0.046,0,0,,,0,0
EMP-11456,2026-06-01,Development,Finance,L2,Chicago-South,Full-Time,35,2,64504.14,4.3,1,2.83,84.3,0,16,74,4.2,0.8,0.012,1,0,,,0,0
EMP-10277,2026-06-01,Operations,Data,L3,Chicago-Downtown,Full-Time,32,71,89099.61,9.7,5,1.76,64.0,0,31,0,8.5,0.4,0.073,0,0,,,0,0
EMP-11461,2026-06-01,Development,Operations,L3,Remote-US,Full-Time,31,81,81226.18,17.6,1,4.79,91.9,2,54,45,2.0,0.4,0.041,1,0,,,0,0
EMP-10956,2026-06-01,Research,Fundraising,L2,Remote-US,Part-Time,49,82,38760.9,4.8,5,2.84,97.8,1,95,55,6.5,1.0,0.075,0,0,,,0,0
EMP-10343,2026-06-01,People,Operations,L4,Chicago-South,Full-Time,35,38,100418.3,11.4,3,3.19,54.2,0,48,66,13.2,0.0,0.066,0,0,,,0,0
EMP-12133,2026-06-01,Programs,Fundraising,L2,Chicago-South,Full-Time,40,39,55471.26,9.1,5,4.42,75.9,0,9,25,22.1,0.4,0.022,0,0,,,0,0
EMP-12019,2026-06-01,Development,Data,L1,Remote-US,Full-Time,35,18,46398.8,10.6,2,3.78,67.0,0,54,12,18.1,0.0,0.015,2,0,,,0,0
EMP-12758,2026-06-01,Programs,Program Delivery,L4,Chicago-North,Full-Time,30,40,101818.44,7.3,3,3.8,86.8,1,18,43,6.5,0.8,0.056,0,0,,,0,0
EMP-10077,2026-06-01,Operations,Data,L1,Remote-US,Part-Time,20,25,34976.96,25.1,2,3.93,71.5,1,27,0,9.5,0.2,-0.016,0,0,,,0,0
EMP-10078,2026-06-01,People,HR,L1,Chicago-Downtown,Full-Time,37,80,47142.43,5.7,7,2.78,46.7,2,20,32,7.6,1.0,0.003,0,0,,,0,0
EMP-10588,2026-06-01,Development,Operations,L3,Remote-US,Full-Time,37,69,87974.21,7.6,2,4.1,78.5,0,90,62,7.9,1.0,-0.015,0,0,,,0,0
EMP-10589,2026-06-01,Operations,Data,L1,Remote-US,Full-Time,20,180,53222.02,5.8,2,4.07,50.3,1,16,18,4.1,0.0,0.035,0,0,,,0,0
EMP-12764,2026-06-01,Programs,Operations,L3,Chicago-South,Part-Time,45,8,75424.23,40.7,1,3.81,68.8,0,37,19,11.6,0.8,0.117,0,0,,,0,0
EMP-10591,2026-06-01,Programs,Finance,L2,Chicago-South,Full-Time,34,93,79696.87,5.8,2,3.12,71.9,0,30,55,10.9,0.0,0.006,2,1,2026-08-23,Voluntary,1,1
EMP-10316,2026-06-01,Programs,HR,L2,Chicago-North,Full-Time,34,60,69582.61,10.3,0,2.93,76.6,1,42,20,9.5,0.8,0.004,1,0,,,0,0
EMP-10311,2026-06-01,Development,Finance,L2,Chicago-North,Full-Time,29,57,69934.52,5.6,2,3.42,82.4,1,64,53,19.1,0.8,0.061,0,0,,,0,0
EMP-10075,2026-06-01,Programs,Finance,L2,Remote-US,Full-Time,26,88,51619.12,25.9,1,4.33,74.2,0,21,47,11.8,0.2,0.032,1,0,,,0,0
EMP-10898,2026-06-01,Programs,Program Delivery,L4,Chicago-South,Full-Time,41,17,113262.95,17.0,7,4.29,100.0,0,13,59,26.8,0.0,0.055,0,0,,,0,0
EMP-12058,2026-06-01,Operations,HR,L2,Remote-US,Full-Time,26,82,59890.78,4.1,4,4.28,83.3,0,38,52,34.4,0.6,0.004,0,0,,,0,0
EMP-12114,2026-06-01,Finance,Program Delivery,L2,Remote-US,Full-Time,44,138,58870.1,1.7,5,3.54,75.2,1,49,31,10.9,0.8,0.016,0,0,,,0,0
EMP-11372,2026-06-01,Programs,Fundraising,L1,Remote-US,Full-Time,40,22,63533.56,6.1,2,3.46,74.5,0,24,21,30.6,0.8,0.018,0,0,,,0,0
EMP-10696,2026-06-01,Programs,Operations,L2,Chicago-Downtown,Full-Time,51,148,57630.54,12.1,1,2.98,45.1,0,22,58,15.2,0.0,0.007,0,0,,,0,0
EMP-12043,2026-06-01,Programs,Operations,L2,Remote-US,Full-Time,35,38,83044.87,3.6,4,2.8,77.2,0,42,82,23.9,0.4,-0.027,0,0,,,0,0
EMP-12040,2026-06-01,Finance,Operations,L2,Chicago-North,Full-Time,56,69,52577.3,23.9,1,4.65,70.3,0,30,29,29.8,1.0,0.051,0,0,,,0,0
EMP-10951,2026-06-01,People,Program Delivery,L1,Chicago-Downtown,Full-Time,36,18,45978.0,2.4,3,4.4,92.8,1,27,33,1.9,1.0,-0.024,1,0,,,0,0
EMP-11388,2026-06-01,Operations,Operations,L1,Chicago-South,Full-Time,38,12,38514.25,2.8,0,3.03,77.2,0,10,43,7.1,0.8,0.022,0,0,,,0,0
EMP-12126,2026-06-01,Research,Finance,L4,Chicago-South,Part-Time,38,28,115179.69,12.2,2,3.32,62.2,1,1,36,12.9,0.4,0.013,1,0,,,0,0
EMP-11392,2026-06-01,Operations,Data,L4,Chicago-Downtown,Full-Time,39,67,115559.63,3.4,3,3.74,54.2,0,23,24,33.2,0.6,0.01,0,0,,,0,0
EMP-10087,2026-06-01,Programs,Operations,L1,Chicago-Downtown,Full-Time,36,180,57445.49,15.1,2,3.83,58.4,0,20,52,18.6,1.0,0.043,1,0,,,0,0
EMP-12053,2026-06-01,Development,Fundraising,L4,Chicago-Downtown,Full-Time,33,111,107178.77,17.7,1,2.74,50.1,0,49,35,3.9,0.2,0.065,0,0,,,0,0
EMP-11549,2026-06-01,Finance,Operations,L1,Chicago-Downtown,Full-Time,44,33,48086.32,8.1,2,1.66,65.1,0,26,47,9.5,0.0,0.132,0,0,,,0,0
EMP-12209,2026-06-01,Programs,Finance,L2,Remote-US,Full-Time,48,49,62649.12,10.9,6,2.17,64.1,2,53,44,8.9,1.0,0.006,1,0,,,0,0
EMP-11933,2026-06-01,Research,Finance,L2,Chicago-North,Full-Time,49,33,62028.59,4.6,1,3.47,66.3,2,29,37,9.9,0.8,0.041,0,0,,,0,0
EMP-11238,2026-06-01,Programs,Data,L4,Chicago-Downtown,Part-Time,52,40,98883.28,13.0,4,3.84,65.5,0,15,50,11.5,1.0,0.082,0,0,,,0,0
EMP-11237,2026-06-01,Development,Fundraising,L2,Chicago-South,Full-Time,45,148,67233.22,4.2,0,5.0,48.6,0,63,84,5.1,0.8,0.029,0,0,,,0,0
EMP-12864,2026-06-01,Finance,Fundraising,L1,Chicago-Downtown,Part-Time,50,3,47896.2,5.7,4,3.59,49.4,0,35,35,17.8,0.6,-0.03,0,1,2026-06-27,Voluntary,1,1
EMP-11232,2026-06-01,Programs,Data,L2,Chicago-South,Full-Time,20,21,64289.04,4.4,2,2.8,99.4,1,26,55,18.2,0.0,0.068,0,1,2026-07-31,Voluntary,1,1
EMP-10993,2026-06-01,Finance,Operations,L2,Chicago-Downtown,Full-Time,20,13,70416.95,6.5,1,3.22,55.5,0,65,39,15.1,0.0,0.051,0,1,2026-07-17,Involuntary,1,1
EMP-11836,2026-06-01,Research,Operations,L1,Chicago-North,Full-Time,32,45,47615.32,5.0,5,2.25,58.9,0,59,40,21.2,0.0,0.114,1,0,,,0,0
EMP-11211,2026-06-01,Operations,Data,L1,Chicago-South,Part-Time,40,24,41930.77,6.2,4,3.78,72.0,1,9,47,2.4,1.0,0.151,0,1,2026-06-15,Voluntary,1,1
EMP-11820,2026-06-01,Operations,Operations,L1,Remote-US,Full-Time,38,53,65067.52,8.2,3,2.35,69.7,0,25,6,30.7,0.0,0.009,0,0,,,0,0
EMP-10417,2026-06-01,People,Data,L4,Chicago-North,Full-Time,46,51,91969.75,6.4,1,3.47,75.2,0,31,3,2.3,0.6,0.018,1,0,,,0,0
EMP-11200,2026-06-01,Programs,Operations,L1,Chicago-North,Full-Time,46,14,41961.16,4.4,2,4.06,63.3,0,91,28,23.6,0.6,-0.018,0,0,,,0,0
EMP-10531,2026-06-01,Programs,Fundraising,L1,Chicago-North,Full-Time,43,27,55839.03,4.5,1,4.21,81.8,0,50,25,14.5,1.0,0.093,1,0,,,0,0
EMP-10229,2026-06-01,Programs,Operations,L3,Remote-US,Full-Time,29,5,76225.31,4.2,4,2.63,85.8,0,21,28,33.2,0.6,-0.072,0,0,,,0,0
EMP-11809,2026-06-01,Research,Fundraising,L1,Chicago-Downtown,Full-Time,39,35,32088.32,20.6,2,3.98,85.5,1,30,35,3.7,0.8,0.023,0,1,2026-07-12,Voluntary,1,1
EMP-10225,2026-06-01,Finance,HR,L1,Chicago-North,Full-Time,40,21,67198.44,7.9,2,3.87,64.5,0,31,29,10.8,0.6,0.061,0,0,,,0,0
EMP-10130,2026-06-01,People,Program Delivery,L2,Chicago-Downtown,Full-Time,48,39,72713.84,6.9,4,4.37,69.5,0,49,48,3.1,1.0,0.049,0,0,,,0,0
EMP-11795,2026-06-01,Finance,Finance,L2,Chicago-Downtown,Full-Time,49,10,50306.24,11.9,2,3.49,44.9,0,38,54,8.0,0.2,-0.08,0,1,2026-07-09,Involuntary,1,1
EMP-10427,2026-06-01,Operations,Finance,L2,Chicago-Downtown,Full-Time,28,60,74567.01,8.3,2,4.0,89.6,0,24,45,7.3,0.8,-0.001,0,0,,,0,0
EMP-10136,2026-06-01,Finance,Fundraising,L1,Chicago-Downtown,Full-Time,33,129,48038.77,8.4,1,3.19,49.9,1,7,47,17.1,1.0,-0.019,0,0,,,0,0
EMP-11783,2026-06-01,Operations,Fundraising,L2,Remote-US,Full-Time,31,95,56766.42,6.1,1,2.86,55.8,0,32,6,7.7,0.2,0.075,0,0,,,0,0
EMP-10430,2026-06-01,Operations,Operations,L3,Chicago-North,Full-Time,40,20,72089.13,2.7,1,3.37,71.8,1,22,27,4.4,1.0,-0.017,0,0,,,0,0
EMP-11015,2026-06-01,Operations,Operations,L1,Remote-US,Full-Time,40,38,43168.64,11.4,2,3.7,84.2,1,16,22,7.4,0.6,0.018,0,0,,,0,0
EMP-12669,2026-06-01,Programs,HR,L1,Chicago-North,Full-Time,20,39,46507.0,4.5,0,2.96,80.5,0,37,27,22.8,0.0,0.079,0,0,,,0,0
EMP-10874,2026-06-01,People,Fundraising,L3,Chicago-Downtown,Full-Time,42,35,80585.01,16.5,1,3.33,69.5,1,11,27,7.5,1.0,0.035,2,0,,,0,0
EMP-12289,2026-06-01,People,Operations,L2,Remote-US,Part-Time,40,53,73879.69,3.1,1,2.88,59.7,0,20,72,7.7,1.0,0.047,1,0,,,0,0
EMP-12283,2026-06-01,Programs,HR,L3,Chicago-Downtown,Full-Time,35,34,79631.23,16.7,2,2.94,71.6,1,32,59,7.2,0.6,0.099,0,0,,,0,0
EMP-11928,2026-06-01,Research,Fundraising,L1,Chicago-Downtown,Full-Time,20,68,38299.11,11.1,1,3.59,75.4,0,40,0,21.3,0.2,0.096,0,0,,,0,0
EMP-10271,2026-06-01,People,Fundraising,L2,Chicago-North,Full-Time,28,49,60794.39,8.7,3,3.22,71.4,0,42,23,9.3,0.2,0.036,0,1,2026-06-12,Involuntary,1,1
EMP-12233,2026-06-01,Operations,Operations,L2,Remote-US,Full-Time,20,12,55438.62,12.4,3,2.33,84.8,0,26,42,8.0,0.0,-0.007,0,0,,,0,0
EMP-12697,2026-06-01,Finance,Fundraising,L3,Chicago-South,Full-Time,20,15,83140.15,4.4,3,2.84,99.1,1,37,18,0.5,0.8,-0.036,0,0,,,0,0
EMP-10059,2026-06-01,Programs,HR,L3,Remote-US,Full-Time,22,13,91259.03,0.7,1,3.66,62.2,0,8,56,4.8,0.4,-0.021,0,0,,,0,0
EMP-11918,2026-06-01,Finance,Data,L1,Chicago-Downtown,Full-Time,29,54,62968.7,4.2,1,2.44,71.9,1,19,36,10.6,0.2,-0.044,0,0,,,0,0
EMP-12236,2026-06-01,Programs,HR,L1,Chicago-Downtown,Full-Time,39,16,35966.29,5.9,2,2.74,61.4,0,39,19,12.0,0.0,0.05,1,0,,,0,0
EMP-12695,2026-06-01,Finance,Program Delivery,L1,Chicago-Downtown,Full-Time,25,66,43034.44,4.0,1,3.61,94.8,1,15,31,9.0,1.0,0.024,0,0,,,0,0
EMP-12238,2026-06-01,People,Operations,L4,Chicago-North,Full-Time,36,61,109877.88,8.8,1,4.02,72.1,1,27,20,18.8,1.0,0.043,0,0,,,0,0
EMP-10890,2026-06-01,Research,Program Delivery,L3,Chicago-Downtown,Full-Time,28,39,73102.53,1.6,1,3.93,65.9,0,31,39,8.1,0.0,0.099,0,0,,,0,0
EMP-12222,2026-06-01,Research,HR,L2,Chicago-North,Part-Time,26,8,70154.53,4.6,4,3.26,62.0,0,40,36,32.7,0.4,-0.009,0,0,,,0,0
EMP-11264,2026-06-01,Operations,Operations,L2,Chicago-North,Full-Time,20,53,59271.23,3.0,1,2.16,58.5,0,41,48,4.3,0.2,0.055,0,0,,,0,0
EMP-10886,2026-06-01,Programs,Data,L2,Chicago-South,Full-Time,26,26,61030.09,12.6,1,3.74,64.0,1,12,41,6.4,0.0,-0.027,0,1,2026-08-13,Involuntary,1,1
EMP-12260,2026-06-01,Development,Fundraising,L2,Chicago-North,Full-Time,28,20,76087.85,7.9,2,3.49,45.7,2,14,4,13.9,0.0,0.026,0,1,2026-08-06,Involuntary,1,1
EMP-11894,2026-06-01,Operations,Data,L1,Chicago-Downtown,Full-Time,41,37,37329.16,18.5,0,3.58,85.4,0,63,72,17.4,0.2,0.018,1,0,,,0,0
EMP-12844,2026-06-01,Finance,Fundraising,L2,Chicago-North,Full-Time,43,33,52652.54,12.6,3,4.19,74.1,0,19,23,3.8,0.6,-0.007,0,0,,,0,0
EMP-11893,2026-06-01,Development,Operations,L3,Chicago-North,Full-Time,34,88,82206.54,4.0,3,2.5,64.5,0,17,41,16.3,1.0,0.009,0,0,,,0,0
EMP-10885,2026-06-01,Development,Fundraising,L3,Chicago-North,Part-Time,30,153,84160.53,12.6,3,2.64,64.1,1,42,32,25.2,0.6,-0.002,1,0,,,0,0
EMP-10252,2026-06-01,Operations,Finance,L2,Chicago-South,Part-Time,30,126,78915.83,2.2,4,2.8,70.7,0,85,37,4.0,0.2,-0.009,0,0,,,0,0
EMP-12676,2026-06-01,Development,HR,L2,Remote-US,Part-Time,28,42,44361.47,5.8,2,3.7,95.8,0,14,35,12.9,0.6,0.076,0,0,,,0,0
EMP-10544,2026-06-01,Operations,Data,L1,Remote-US,Full-Time,37,28,38424.95,17.5,2,3.0,69.1,3,58,73,5.9,1.0,0.077,0,0,,,0,0
EMP-11875,2026-06-01,Finance,HR,L3,Chicago-South,Full-Time,53,34,101836.92,5.0,3,3.4,72.3,1,22,56,9.6,1.0,0.007,0,0,,,0,0
EMP-10264,2026-06-01,Development,Data,L4,Chicago-North,Part-Time,31,51,96219.68,8.0,4,3.18,70.1,3,16,61,13.4,0.0,0.043,1,1,2026-07-28,Involuntary,1,1
EMP-10795,2026-06-01,Programs,Finance,L2,Chicago-Downtown,Full-Time,34,19,59275.27,3.4,0,3.15,47.5,0,45,30,5.9,0.0,0.032,0,1,2026-08-10,Voluntary,1,1
